   Compiling cfg-if v1.0.4
   Compiling libc v0.2.190
   Compiling memchr v2.8.0
   Compiling regex-automata v0.4.18
   Compiling getrandom v0.4.2
   Compiling fastrand v2.5.0
   Compiling tinyvec v1.13.3
   Compiling bstr v1.13.1
   Compiling gix-error v0.4.0
   Compiling gix-trace v0.2.0
   Compiling scopeguard v1.2.0
   Compiling parking_lot_core v0.9.12
   Compiling gix-validate v0.12.0
   Compiling unicode-normalization v0.1.25
   Compiling once_cell v1.21.4
   Compiling smallvec v1.15.1
   Compiling gix-utils v0.4.0
   Compiling gix-path v0.13.0
   Compiling lock_api v0.4.14
   Compiling crc32fast v1.5.0
   Compiling autocfg v1.5.1
   Compiling parking_lot v0.12.5
   Compiling same-file v1.0.6
   Compiling walkdir v2.5.0
   Compiling prodash v31.0.0
   Compiling gix-features v0.50.0
   Compiling bitflags v2.11.0
   Compiling byteorder v1.5.0
   Compiling equivalent v1.0.2
   Compiling allocator-api2 v0.2.21
   Compiling heapless v0.8.0
   Compiling hash32 v0.3.1
   Compiling faster-hex v0.10.1
   Compiling stable_deref_trait v1.2.1
   Compiling foldhash v0.2.0
   Compiling rustix v1.1.5
   Compiling crossbeam-utils v0.8.23
   Compiling itoa v1.0.17
   Compiling linux-raw-sys v0.12.1
   Compiling sha1dc v0.1.2
   Compiling gix-hash v0.27.0
   Compiling gix-quote v0.9.0
   Compiling hashbrown v0.14.5
   Compiling tempfile v3.27.0
   Compiling gix-fs v0.23.0
   Compiling dashmap v6.2.1
   Compiling jiff-core v0.1.1
   Compiling gix-tempfile v25.0.0
   Compiling gix-command v0.11.0
   Compiling jiff v0.2.37
   Compiling hashbrown v0.17.1
   Compiling memmap2 v0.9.11
   Compiling proc-macro2 v1.0.106
   Compiling unicode-ident v1.0.24
   Compiling gix-hashtable v0.17.0
   Compiling quote v1.0.45
   Compiling gix-lock v25.0.0
   Compiling gix-chunk v0.9.0
   Compiling nonempty v0.12.0
   Compiling gix-glob v0.28.0
   Compiling syn v2.0.117
   Compiling unicode-bom v2.0.3
   Compiling rustversion v1.0.22
   Compiling version_check v0.9.5
   Compiling gix-date v0.17.0
   Compiling generic-array v0.14.7
   Compiling hashbrown v0.16.1
   Compiling gix-actor v0.43.0
   Compiling gix-object v0.65.0
   Compiling gix-commitgraph v0.40.0
   Compiling typenum v1.20.1
   Compiling gix-revwalk v0.36.0
   Compiling gix-attributes v0.36.0
   Compiling gix-sec v0.15.0
   Compiling shlex v1.3.0
   Compiling serde_core v1.0.228
   Compiling find-msvc-tools v0.1.9
   Compiling cc v1.2.56
   Compiling gix-ref v0.68.0
   Compiling gix-config-value v0.20.0
   Compiling filetime v0.2.29
   Compiling ring v0.17.14
   Compiling gix-traverse v0.62.0
   Compiling block-buffer v0.10.4
   Compiling crypto-common v0.1.7
   Compiling encoding_rs v0.8.42
   Compiling gix-packetline v0.23.0
   Compiling num-traits v0.2.19
   Compiling gix-bitmap v0.5.0
   Compiling serde v1.0.228
   Compiling percent-encoding v2.3.2
   Compiling semver v1.0.28
   Compiling fnv v1.0.7
   Compiling rustc_version v0.4.1
   Compiling gix-index v0.56.0
   Compiling digest v0.10.7
   Compiling gix-pathspec v0.21.0
   Compiling serde_derive v1.0.228
   Compiling gix-ignore v0.23.0
   Compiling cpufeatures v0.2.17
   Compiling subtle v2.6.1
   Compiling core_detect v1.0.0
   Compiling zeroize v1.9.0
   Compiling multiversion_no_op v1.0.0
   Compiling simdutf8 v0.1.5
   Compiling log v0.4.29
   Compiling rustls-pki-types v1.15.1
   Compiling gix-worktree v0.57.0
   Compiling curve25519-dalek v4.1.3
   Compiling gix-url v0.39.0
   Compiling getrandom v0.2.17
   Compiling zlib-rs v0.6.8
   Compiling untrusted v0.9.0
   Compiling toyos-abi v0.16.0 (/home/user/toyos-sessionshares/toyos-abi)
   Compiling httparse v1.10.1
   Compiling gix-filter v0.35.0
   Compiling gix-zlib v0.2.0
   Compiling sha2 v0.10.9
   Compiling gix-discover v0.56.0
   Compiling curve25519-dalek-derive v0.1.1
   Compiling clru v0.6.3
   Compiling gix-imara-diff v0.3.0
   Compiling bytes v1.12.1
   Compiling rustls v0.23.45
   Compiling signature v2.2.0
   Compiling zmij v1.0.21
   Compiling ed25519 v2.2.3
   Compiling gix-diff v0.68.0
   Compiling gix-pack v0.75.0
   Compiling http v1.5.0
   Compiling gix-dir v0.30.0
   Compiling rustls-webpki v0.103.15
   Compiling gix-transport v0.60.0
   Compiling serde_spanned v0.6.9
   Compiling toml_datetime v0.6.11
   Compiling gix-config v0.61.0
   Compiling arc-swap v1.9.2
   Compiling gix-macros v0.2.0
   Compiling indexmap v2.13.0
   Compiling gix-shallow v0.14.0
   Compiling gix-refspec v0.46.0
   Compiling winnow v0.7.15
   Compiling crc-catalog v2.4.0
   Compiling toml_write v0.1.2
   Compiling getrandom v0.3.4
   Compiling serde_json v1.0.149
   Compiling simd-adler32 v0.3.10
   Compiling foldhash v0.1.5
   Compiling iana-time-zone v0.1.65
   Compiling pxfm v0.1.28
   Compiling base64 v0.23.1
   Compiling adler2 v2.0.1
   Compiling zune-core v0.5.1
   Compiling zune-jpeg v0.5.13
   Compiling ureq-proto v0.6.4
   Compiling moxcms v0.8.1
   Compiling miniz_oxide v0.9.1
   Compiling chrono v0.4.44
   Compiling toml_edit v0.22.27
   Compiling hashbrown v0.15.5
   Compiling crc v3.4.0
   Compiling gix-submodule v0.35.0
   Compiling gix-protocol v0.66.0
   Compiling gix-odb v0.85.0
   Compiling gix-status v0.35.0
   Compiling ed25519-dalek v2.2.0
   Compiling toyos-manifest v0.1.0 (/home/user/toyos-sessionshares/toyos-manifest)
   Compiling webpki-roots v1.0.9
   Compiling gix-revision v0.50.0
   Compiling uuid v1.22.0
   Compiling bytemuck v1.25.0
   Compiling ttf-parser v0.21.1
   Compiling toyos-wallclock v0.1.0 (/home/user/toyos-sessionshares/toyos-wallclock)
   Compiling toyos-elide v0.1.0 (/home/user/toyos-sessionshares/toyos-elide)
   Compiling rustc-demangle v0.1.27
   Compiling utf8-zero v0.8.1
   Compiling toyos-elf v0.1.0 (/home/user/toyos-sessionshares/toyos-elf)
   Compiling bitflags v1.3.2
   Compiling byteorder-lite v0.1.0
   Compiling image v0.25.10
   Compiling fatfs v0.3.6
   Compiling toyos-symbols v0.1.0 (/home/user/toyos-sessionshares/toyos-symbols)
   Compiling ureq v3.4.2
   Compiling fontdue v0.9.3
   Compiling toyos-fat32 v0.1.0 (/home/user/toyos-sessionshares/toyos-fat32)
   Compiling gpt v3.1.0
   Compiling gix v0.88.0
   Compiling toyos-swap v0.1.0 (/home/user/toyos-sessionshares/toyos-swap)
   Compiling toyos-update v0.1.0 (/home/user/toyos-sessionshares/toyos-update)
   Compiling toml v0.8.23
   Compiling flate2 v1.1.10
   Compiling toyos-logstream v0.1.0 (/home/user/toyos-sessionshares/toyos-logstream)
   Compiling tar v0.4.46
   Compiling toyos-keymap v0.1.0 (/home/user/toyos-sessionshares/toyos-keymap)
   Compiling toyos-fat32-check v0.1.0 (/home/user/toyos-sessionshares/toyos-fat32/check)
   Compiling bcachefs v0.1.0 (/home/user/toyos-sessionshares/bcachefs)
   Compiling toyos-tco v0.1.0 (/home/user/toyos-sessionshares/toyos-tco)
   Compiling toyos-quiesce v0.1.0 (/home/user/toyos-sessionshares/toyos-quiesce)
   Compiling toyos-gpt v0.1.0 (/home/user/toyos-sessionshares/toyos-gpt)
   Compiling toyos-tmpdir v0.1.0 (/home/user/toyos-sessionshares/toyos-tmpdir)
   Compiling toyos-osrelease v0.1.0 (/home/user/toyos-sessionshares/toyos-osrelease)
   Compiling toyos-blackbox v0.1.0 (/home/user/toyos-sessionshares/toyos-blackbox)
   Compiling toyos-build v0.1.0 (/home/user/toyos-sessionshares)
    Finished `dev` profile [optimized + debuginfo] target(s) in 2m 23s
     Running `target/debug/toyos-build --ci host`

11:15:02 === [ci] the build system
   Compiling ring v0.17.14
   Compiling kernel v0.1.0 (/home/user/toyos-sessionshares/kernel)
   Compiling toyos-userbound v0.1.0 (/home/user/toyos-sessionshares/toyos-userbound)
   Compiling toyos-xhci v0.1.0 (/home/user/toyos-sessionshares/toyos-xhci)
   Compiling toyos-i219 v0.1.0 (/home/user/toyos-sessionshares/toyos-i219)
   Compiling rustls v0.23.45
   Compiling rustls-webpki v0.103.15
   Compiling ureq v3.4.2
   Compiling toyos-build v0.1.0 (/home/user/toyos-sessionshares)
    Finished `test` profile [optimized + debuginfo] target(s) in 1m 05s
     Running unittests src/lib.rs (target/debug/deps/toyos_build-ebb2df733901da06)

running 402 tests
test arch::tests::a_guest_of_another_architecture_is_emulated ... ok
test arch::tests::every_name_parses_back_to_its_arch_and_nothing_else_does ... ok
test arch::tests::every_target_names_its_own_architecture ... ok
test assets::tests::root_carries_what_the_repository_declares ... ok
test assets::tests::only_doom_opens_doom_s_assets ... ok
test assets::tests::an_owned_asset_ships_only_where_its_reader_does ... ok
test bootlog::record_time_tests::a_records_elapsed_field_is_read_past_whatever_tag_precedes_it ... ok
test bootlog::record_time_tests::the_last_record_is_the_last_line_that_carries_a_time ... ok
test bootlog::record_time_tests::the_panel_census_is_read_off_either_channel ... ok
test bootlog::tests::a_boot_is_handed_back_by_its_done_and_its_last_word ... ok
test bootlog::tests::a_boot_record_without_the_supervisors_stop_is_not_a_pass ... ok
test bootlog::tests::a_long_binarys_record_is_the_prefix_the_kernel_keeps ... ok
test bootlog::tests::a_programs_line_is_never_the_kernels ... ok
test bootlog::tests::only_a_declaration_of_the_whole_value_counts ... ok
test bootlog::tests::the_boot_record_is_the_kernels_own_line ... ok
test bootlog::tests::the_kernel_writes_the_records_the_host_reads ... ok
test bootlog::tests::the_loader_writes_the_lines_the_host_reads ... ok
test bootlog::tests::the_loaders_file_is_told_from_logkeepers_however_a_driver_spelled_it ... ok
test build::tests::a_bin_entry_no_name_reaches_is_refused ... ok
test build::tests::a_boot_config_that_is_not_a_case_is_refused ... ok
test build::tests::a_boot_that_asks_for_no_feature_gets_the_shipping_kernel ... ok
test build::tests::a_case_plan_carries_the_config_and_the_parameters ... ok
test build::tests::a_clean_entry_is_the_shipping_kernels ... ok
test assets::tests::the_console_font_covers_the_swiss_german_altgr_layer ... ok
test build::tests::a_hold_in_front_of_the_save_is_an_entry_the_judge_refuses_to_read ... ok
test build::tests::a_hold_is_refused_in_a_shipping_entry_however_its_labels_are_spelled ... ok
test build::tests::a_kernel_of_any_other_feature_set_is_not_judged ... ok
test build::tests::a_kernel_that_does_not_name_exactly_one_entry_is_refused ... ok
test build::tests::a_provides_name_is_never_also_a_serves_name ... ok
test build::tests::a_row_starts_only_what_a_launch_can_start ... ok
error: unclosed table, expected `]`
 --> Cargo.toml:1:9
  |
1 | [package
  |         ^
test assets::tests::a_system_font_ships_as_it_is_and_the_console_font_as_its_raster ... ok
test assets::tests::the_system_fonts_ship_with_their_licence ... ok
test build::tests::a_valued_parameter_is_one_the_kernel_claims_by_prefix ... ok
test build::tests::an_artifact_build_is_not_part_of_a_test_execution_price ... ok
test build::tests::an_installed_app_receives_only_names_the_supervisor_holds ... ok
test build::tests::debug_mode_declares_only_its_debug_kernel ... ok
test build::tests::every_armed_intel_actuator_claims_a_card_the_driver_opens ... ok
test build::tests::every_boot_config_runs_logkeeper ... ok
test build::tests::every_config_renders_its_manifest ... ok
test build::tests::every_declared_capability_is_one_the_abi_has ... ok
test build::tests::every_device_class_has_at_most_one_claimant ... ok
test build::tests::every_model_control_is_run ... ok
test build::tests::every_modes_crates_and_the_supervisor_ship ... ok
test build::tests::every_program_an_architecture_leaves_out_is_one_the_shipped_config_builds ... ok
test build::tests::every_receives_names_a_provider ... ok
test build::tests::every_shipped_boot_config_is_covered ... ok
test build::tests::every_started_program_is_declared ... ok
test build::tests::moved_libraries_take_what_was_built_for_them_and_a_moved_compiler_all ... ok
test build::tests::netstack_declares_the_flag_this_gate_spells ... ok
test build::tests::no_actuator_is_also_a_cargo_feature ... ok
test build::tests::no_diag_program_claims_the_screen ... ok
test build::tests::no_shipped_boot_config_starts_sshserver ... ok
test build::tests::no_shipped_image_serves_the_log_on_the_network ... ok
test build::tests::only_their_holders_may_hold_the_swap_port_and_the_slots ... ok
test build::tests::a_tree_records_its_commit_its_commit_time_and_whether_it_is_dirty ... ok
test build::tests::the_actuator_umbrella_is_a_leaf ... ok
test build::tests::the_check_does_not_reach_a_spawner_that_never_spawns ... ok
test build::tests::the_kernel_declares_only_the_builds_that_earned_one ... ok
test build::tests::the_kernel_resolves_no_libc_for_either_target ... ok
test build::tests::the_log_right_doc_names_exactly_the_manifests_holders ... ok
test build::tests::the_pre_flash_gate_clears_a_valued_parameter_and_refuses_an_actuator ... ok

running 1 test
test buildlock::tests::child_role ... ok

test result: ok. 1 passed; 0 failed; 0 ignored; 0 measured; 401 filtered out; finished in 0.01s


running 1 test
11:16:08 [build-lock] waiting for the build lock (exclusive, clean the crate target) — held by other builds in this tree
test build::tests::a_stamp_that_cannot_be_written_panics ... ok
test build::tests::a_failed_cargo_clean_panics_and_stamps_nothing ... ok
test build::tests::params_read_the_kernels_own_list ... ok

running 1 test

running 1 test

running 1 test
11:16:09 [build-lock] waiting for the build lock (exclusive, queued exclusive phase) — held by other builds in this tree

running 1 test

running 1 test

running 1 test
11:16:09 [build-lock] waiting for the build lock (shared, child) — an exclusive phase is queued ahead of it
11:16:09 [build-lock] waiting for the sysroot lock (using sysroot 6ab9f1eb8f7d3388) — held by pid 5407 (building sysroot 6ab9f1eb8f7d3388), 0s so far
11:16:09 [build-lock] still waiting for the build lock (exclusive, clean the crate target), 300ms so far — the holder left no readable note
11:16:09 [build-lock] still waiting for the build lock (exclusive, queued exclusive phase), 300ms so far — the holder left no readable note
11:16:09 [build-lock] acquired (exclusive, queued exclusive phase) after 303.1ms
test buildlock::tests::child_role ... ok

test result: ok. 1 passed; 0 failed; 0 ignored; 0 measured; 401 filtered out; finished in 0.31s

11:16:09 [build-lock] acquired (shared, child) after 298.9ms
test buildlock::tests::child_role ... ok

test result: ok. 1 passed; 0 failed; 0 ignored; 0 measured; 401 filtered out; finished in 0.30s

test buildlock::tests::child_role ... ok

test result: ok. 1 passed; 0 failed; 0 ignored; 0 measured; 401 filtered out; finished in 0.31s

test buildlock::tests::child_role ... ok

test result: ok. 1 passed; 0 failed; 0 ignored; 0 measured; 401 filtered out; finished in 0.30s

test buildlock::tests::a_queued_exclusive_phase_goes_first ... ok

running 1 test

running 1 test
test buildlock::tests::child_role ... ok

test result: ok. 1 passed; 0 failed; 0 ignored; 0 measured; 401 filtered out; finished in 0.01s

test buildlock::tests::child_role ... ok

test result: ok. 1 passed; 0 failed; 0 ignored; 0 measured; 401 filtered out; finished in 0.01s

test buildlock::tests::a_released_holder_is_gone ... ok
test buildlock::tests::child_role ... ignored, the competing process for the tests below; never runs on its own
test buildlock::tests::a_key_being_built_is_waited_for_and_another_key_is_not ... ok

running 1 test

running 1 test
test buildlock::tests::child_role ... ok

test result: ok. 1 passed; 0 failed; 0 ignored; 0 measured; 401 filtered out; finished in 0.01s

test buildlock::tests::exclusive_excludes_every_other_acquirer ... ok
test buildlock::tests::killed_holder_releases_the_lock ... ok
test buildlock::tests::shared_admits_shared ... ok
test ci::tests::a_carried_jobs_step ... ignored, the driver of the test above; never runs on its own
test ci::tests::a_control_is_judged_by_its_verdict_and_not_its_exit_alone ... ok
test ci::tests::a_job_is_named_and_takes_nothing_after_it ... ok
test buildlock::tests::worktrees_share_the_global_lock_and_not_the_worktree_one ... ok
test ci::tests::an_app_is_judged_for_every_host_its_fails_does_not_name ... ok
test ci::tests::left_behind_refuses_a_tmpdir_that_never_saw_the_lock ... ok
test ci::tests::only_mains_tip_publishes ... ok
test ci::tests::the_declared_version_is_a_version ... ok
test ci::tests::the_host_job_names_what_its_tests_left_behind ... ok
test ci::tests::the_job_names_a_short_root_a_step_left_when_it_died ... ok
test ci::tests::the_required_check_is_a_job_on_every_pull_request ... ok
test ci::tests::the_summary_keeps_the_count_and_the_verdicts ... ok
test ci::tests::the_version_parser_takes_what_qemu_prints_and_refuses_the_rest ... ok
test ci::tests::workflows_run_against_main_on_hosted_runners ... ok
test ci::tests::a_step_of_a_job_that_carries_the_cache_builds_in_its_own_target ... ok
11:16:09 [build-lock] still waiting for the build lock (exclusive, clean the crate target), 600ms so far — the holder left no readable note
test cicache::tests::a_reader_whose_clock_is_not_after_the_entry_is_refused ... ok
test cicache::tests::a_seal_dates_every_target_and_refuses_a_written_source ... ok
test buildlock::tests::a_lasting_wait_keeps_saying_so ... ok
test cicache::tests::a_seal_refuses_what_its_save_would_store_above_the_bound ... ok
11:16:09 [build-lock] acquired (exclusive, clean the crate target) after 703.2ms
test buildlock::tests::child_role ... ok

test result: ok. 1 passed; 0 failed; 0 ignored; 0 measured; 401 filtered out; finished in 0.71s

test buildlock::tests::a_clean_cannot_land_inside_a_build ... ok
test cicache::tests::a_file_cargo_was_never_told_about_rebuilds_its_package ... ok
test cicache::tests::every_spelling_of_code_run_at_build_time_is_found ... ok
test cicache::tests::only_a_driver_built_in_its_own_target_carries_the_cache ... ok
test cicache::tests::targets_restored_without_a_manifest_are_refused ... ok
test clang::tests::a_toolchain_carries_the_clang_of_its_llvm_or_is_refused ... ok
test clippy::tests::the_adopted_set_expands_into_the_shapes_that_name_it ... ok
test cicache::tests::an_entry_built_on_another_runner_is_deleted ... ok
test compiler::tests::a_missing_primary_record_is_refused_and_builds_nothing ... ok
test compiler::tests::a_worktree_compiler_is_built_lean_against_the_host_s_llvm ... ok
test cicache::tests::an_entry_serves_exactly_the_sources_it_was_built_from ... ok
test compiler::tests::a_compiler_is_keyed_and_recorded_by_its_whole_build ... ok
test compiler::tests::child_role ... ignored, the competing process for the test above; never runs on its own
test compiler::tests::an_uncommitted_llvm_edit_is_refused ... ok
test cicache::tests::code_run_at_build_time_runs_again_on_every_read ... ok
test compiler::tests::llvm_and_the_tools_move_the_key ... ok
test compiler::tests::another_llvm_is_another_compiler ... ok
test compiler::tests::only_the_compiler_s_content_makes_the_primary_bootstrap ... ok
test firmware::tests::a_descriptor_that_does_not_parse_is_refused_by_name ... ok
test firmware::tests::a_glob_matches_a_trailing_star_as_a_prefix_and_refuses_anything_else ... ok
test firmware::tests::a_read_only_templates_copy_is_still_writable ... ok
test firmware::tests::an_earlier_directory_hides_a_later_ones_name_and_a_missing_one_holds_nothing ... ok
test firmware::tests::nothing_fitting_is_refused_naming_what_was_read ... ok
test firmware::tests::the_first_non_secure_uefi_flash_descriptor_for_the_machine_wins ... ok
test firmware::tests::the_machine_is_the_versioned_type_its_alias_resolves_to ... ok
test firmware::tests::the_users_and_the_systems_directories_come_before_qemus_own ... ok
test flags::tests::a_declared_flags_value_is_never_read_as_a_flag ... ok
test flags::tests::a_flag_left_without_its_value_is_refused ... ok
test flags::tests::a_flag_that_reads_one_value_is_refused_when_it_is_written_twice ... ok
test flags::tests::a_repeatable_flag_keeps_every_value_it_was_given ... ok
test flags::tests::an_argument_the_declaration_does_not_expect_is_refused_by_name ... ok
test flags::tests::an_inline_value_is_refused_exactly_where_it_would_be_dropped ... ok
test flags::tests::help_is_the_whole_declared_list ... ok
test hostws::tests::every_crate_in_the_tree_joined_the_workspace_or_was_excluded_by_name ... ok
test hostws::tests::every_member_and_every_exclusion_still_names_a_directory ... ok
test hostws::tests::nothing_that_runs_names_a_target_directory_a_member_does_not_have ... ok
test hostws::tests::the_dead_path_scan_names_the_member_and_ignores_an_excluded_crate ... ok
test hostws::tests::the_dead_path_scan_reads_code_and_not_the_comment_beside_it ... ok
test hostws::tests::the_gate_refuses_a_crate_that_joined_neither_list ... ok
test hostws::tests::the_root_package_is_the_only_default_member ... ok
test hostws::tests::the_walk_reaches_the_tree_and_descends_into_it ... ok
test icmp::tests::a_message_carrying_its_own_checksum_sums_to_zero ... ok
test icmp::tests::a_reply_is_this_probes_however_the_host_hands_it_over ... ok
test icmp::tests::a_request_is_an_echo_request_carrying_its_token ... ok
test icmp::tests::nothing_but_the_reply_to_this_probe_counts ... ok
test icmp::tests::the_checksum_is_the_field_rfc_792_gives_it ... ok
test identity::tests::a_file_that_is_not_rust_is_its_bytes ... ok
test identity::tests::a_literal_is_never_read_as_a_comment ... ok
test identity::tests::a_signature_or_a_value_is_a_change ... ok
test compiler::tests::the_llvm_record_follows_the_compiler_in_use ... ok
test identity::tests::the_doc_fix_that_cost_a_version_and_a_sysroot_is_neither ... ok
test identity::tests::every_doc_comment_in_the_sysroot_crates_is_invisible ... ok
test image::tests::a_second_build_at_the_boundary_does_not_run_out ... ok
test compiler::tests::the_primary_records_no_uncommitted_llvm_edit ... ok
test image::tests::every_declared_path_resolves_inside_the_root_partition ... ok
test image::tests::one_ordering_of_one_set_is_one_image ... ok
test image::tests::root_carries_less_than_an_alignment_unit_of_free_blocks ... ok
test image::tests::the_esp_and_a_slot_carry_what_the_bootloader_looks_for ... ok

running 1 test
11:16:11 Building compiler ab60705165358eb6 in /tmp/toyos-tmp-31423-0/ci-host-0/toyos-tmp-5246-0/compiler-51/a/rust: its compiler/ is not the one the primary's was built from
test image::tests::a_damaged_image_is_refused_by_the_reader_that_caught_it ... ok
test image::tests::the_volumes_this_build_writes_break_no_format_rule ... ok
test kernelconsole::tests::a_console_that_ends_mid_line_shows_its_last_line ... ok
test kernelconsole::tests::a_port_the_firmware_left_alone_passes_whole ... ok
test compiler::tests::child_role ... ok

test result: ok. 1 passed; 0 failed; 0 ignored; 0 measured; 401 filtered out; finished in 0.11s


running 1 test
11:16:11 Building compiler 9cfb730b5b713586 in /tmp/toyos-tmp-31423-0/ci-host-0/toyos-tmp-5246-0/compiler-51/a/rust: its compiler/ is not the one the primary's was built from
test compiler::tests::child_role ... ok

test result: ok. 1 passed; 0 failed; 0 ignored; 0 measured; 401 filtered out; finished in 0.10s

test compiler::tests::worktrees_with_different_compilers_coexist_and_the_primary_s_is_untouched ... ok
test kernelconsole::tests::a_terminal_is_shown_the_firmware_as_it_came_and_the_kernel_in_colour ... ok
test kernelconsole::tests::nothing_before_the_kernel_passes ... ok
test kernelconsole::tests::the_fused_line_is_the_kernels_first_record_wherever_the_chunks_fall ... ok
test kernelkeys::tests::every_declared_row_names_the_minter_of_its_keys ... ok
test kernelkeys::tests::every_hashed_kernel_container_is_declared_with_a_kernel_minted_key ... ok
test kernelkeys::tests::the_scan_reads_a_nested_generic_to_its_balanced_close ... ok
test kernelkeys::tests::the_scan_walks_past_four_measured_forms ... ok
test keystore::tests::a_stopped_record_leaves_the_one_before_it ... ok
test keystore::tests::a_stopped_retire_leaves_nothing_at_its_name ... ok
test keystore::tests::a_sweep_leaves_hidden_names_and_refuses_names_no_key_owns ... ok

running 1 test
test buildlock::tests::child_role ... ok

test result: ok. 1 passed; 0 failed; 0 ignored; 0 measured; 401 filtered out; finished in 0.03s

test keystore::tests::a_sweep_removes_what_no_worktree_names_and_nobody_uses ... ok
test image::tests::an_image_s_marked_slot_is_signed_over_exactly_what_it_carries ... ok
test keystore::tests::only_what_key_of_gives_is_a_key ... ok
test lan::tests::a_boot_where_the_i219_was_not_handed_over_is_refused_whatever_else_took_a_message ... ok
test lan::tests::a_boot_with_no_first_message_record_is_refused_by_the_record_it_lacks ... ok
test lan::tests::a_hand_over_not_in_the_kernels_spelling_is_refused ... ok
test lan::tests::a_lease_record_is_read_field_by_field ... ok
test lan::tests::a_line_that_is_not_the_kernels_record_is_refused_and_named ... ok
test lan::tests::a_link_that_was_already_up_is_told_from_one_that_came_up ... ok
test lan::tests::a_record_after_the_slot_is_handed_over_again_is_refused ... ok
test lan::tests::a_record_missing_a_field_is_refused_by_that_fields_name ... ok
test lan::tests::another_slots_record_is_refused_as_another_claims ... ok
test lan::tests::netstack_declares_the_name_this_module_spells ... ok
test lan::tests::only_netstacks_own_lines_are_netstacks ... ok
test lan::tests::run_57_took_a_message_on_the_i219s_own_slot_and_vector ... ok
test lan::tests::the_kernel_writes_both_records_in_the_spelling_read_here ... ok
test lan::tests::the_record_before_the_hand_over_answers_nothing ... ok
test libc::tests::the_c_sysroot_names_the_empty_libraries ... ok
test licence::tests::a_cfg_edge_is_walked_and_excepted_only_while_every_edge_in_is_under_it ... ok
test licence::tests::a_committed_file_is_judged_by_its_row_when_it_ships ... ok
test licence::tests::a_disallowed_licence_is_refused_by_name ... ok
test licence::tests::a_font_licence_does_not_reach_a_row_that_is_no_font ... ok
test licence::tests::a_git_dependency_is_judged_like_any_other ... ok
test licence::tests::a_graph_is_walked_over_normal_edges_from_the_shipped_root ... ok
test licence::tests::a_malformed_expression_is_refused_not_guessed ... ok
test licence::tests::a_notice_section_is_judged_when_what_no_row_names_ships ... ok
test licence::tests::a_notice_section_that_disagrees_with_a_row_is_refused ... ok
test licence::tests::a_notice_section_without_one_spdx_line_or_without_files_is_refused ... ok
test licence::tests::a_root_the_metadata_does_not_hold_is_refused ... ok
test licence::tests::an_and_passes_only_when_every_part_does ... ok
test licence::tests::an_embed_is_what_a_build_script_or_an_include_names ... ok
test licence::tests::an_exception_matches_by_name_and_licence_and_a_stale_one_reds ... ok
test licence::tests::an_or_passes_when_any_branch_does ... ok
test licence::tests::every_pending_exception_cites_an_issue_that_exists ... ok
test licence::tests::metadata_is_given_the_features_the_build_gives ... ok
test licence::tests::mpl_passes_and_is_named ... ok
test licence::tests::no_guest_target_satisfies_an_only_under_cfg ... ok
test licence::tests::only_a_workspace_member_is_a_documents_own ... ok
test llvm::tests::a_build_directory_keeps_no_llvm_of_its_own ... ok
test image::tests::the_root_partition_reads_back_as_the_files_the_build_put_in_it ... ok
test keystore::tests::concurrent_records_of_one_kind_all_land ... ok
test kernelconsole::tests::a_relay_waits_out_a_pty_that_would_block ... ok

running 1 test
11:16:12 Building LLVM f7b2a6f94824a77d in /tmp/toyos-tmp-31423-0/ci-host-0/toyos-tmp-5246-0/llvm-named-69/a/rust: nobody on this host has
test llvm::tests::a_held_llvm_is_not_recorded ... ok
test llvm::tests::child_role ... ok

test result: ok. 1 passed; 0 failed; 0 ignored; 0 measured; 401 filtered out; finished in 0.10s

test llvm::tests::a_placed_llvm_is_never_written ... ok
test llvm::tests::a_checkout_behind_its_gitlink_is_built_at_the_gitlink ... ok
test llvm::tests::a_resolved_llvm_is_named_by_its_worktree ... ok
test llvm::tests::a_staged_llvm_gitlink_is_refused ... ok

running 1 test

running 1 test
11:16:13 Building LLVM f7b2a6f94824a77d in /tmp/toyos-tmp-31423-0/ci-host-0/toyos-tmp-5246-0/llvm-sweep-77/a/rust: nobody on this host has
11:16:13 Building LLVM f7b2a6f94824a77d in /tmp/toyos-tmp-31423-0/ci-host-0/toyos-tmp-5246-0/llvm-made-elsewhere-76/b/rust: nobody on this host has
test llvm::tests::a_stopped_sweep_leaves_no_llvm_that_passes_for_whole ... ok
test llvm::tests::child_role ... ok

test result: ok. 1 passed; 0 failed; 0 ignored; 0 measured; 401 filtered out; finished in 0.12s

test llvm::tests::child_role ... ok

test result: ok. 1 passed; 0 failed; 0 ignored; 0 measured; 401 filtered out; finished in 0.18s

test llvm::tests::an_llvm_being_made_elsewhere_is_not_made_again ... ok
test llvm::tests::an_llvm_keeps_what_builds_read_and_nothing_else ... ok
test llvm::tests::child_role ... ignored, the competing process for the tests below; never runs on its own
test llvm::tests::keyed_and_built ... ignored, the process the environment test runs; never runs on its own
test llvm::tests::an_llvm_is_swept_once_nobody_names_or_uses_it ... ok
test llvm::tests::the_caller_s_environment_reaches_neither_the_build_nor_the_key ... ok
test llvm::tests::the_key_names_the_host_s_tools ... ok
test llvm::tests::the_llvm_config_turns_every_host_library_off ... ok
test llvm::tests::the_key_moves_with_the_llvm_and_only_with_it ... ok
test llvm::tests::an_uncommitted_bootstrap_names_no_llvm ... ok
test llvm::tests::an_llvm_that_is_not_whole_is_made_again ... ok
test metal::tests::a_boot_entry_is_matched_on_the_partition_its_path_names ... ok
test metal::tests::a_boot_entry_the_firmware_did_not_name_cannot_be_filled_in ... ok
test metal::tests::a_command_line_that_names_no_image_flashes_none ... ok
test metal::tests::a_create_that_moved_the_boot_order_is_refused ... ok
test metal::tests::a_failed_boot_and_a_loop_that_could_not_run_are_different_answers ... ok
test metal::tests::a_node_is_a_whole_scsi_or_nvme_disk_and_nothing_else ... ok
test metal::tests::a_pass_that_reported_and_booted_nothing_is_named_as_that ... ok
test metal::tests::a_readback_directory_holds_nothing_the_last_run_left ... ok
test metal::tests::a_refusal_is_read_back_off_the_drivers_stderr ... ok
test metal::tests::a_sudoers_word_escapes_what_sudoers_reads ... ok
test metal::tests::a_swap_is_not_a_boot_and_names_what_it_acts_with ... ok
test metal::tests::a_talking_boot_needs_its_readback ... ok
test metal::tests::an_account_name_that_would_widen_the_rule_is_refused ... ok
test metal::tests::an_arm_with_no_ruling_never_reaches_the_stick ... ok
test metal::tests::an_image_admits_only_the_table_the_installed_rule_names ... ok
test metal::tests::an_image_armed_to_stop_itself_owes_a_record_and_no_reboot ... ok
test metal::tests::an_image_with_no_bound_on_its_own_boot_is_refused ... ok
test metal::tests::an_interface_with_no_address_is_refused_by_name ... ok
test llvm::tests::the_runtimes_sources_are_the_commit_s ... ok
test metal::tests::dd_is_believed_only_where_it_states_a_count ... ok
test metal::tests::either_bounds_record_is_a_wedged_boots_pass ... ok
test metal::tests::every_arm_that_stops_this_machine_is_cleared_and_judged_as_one ... ok
test metal::tests::every_ruling_names_a_parameter_the_kernel_declares ... ok
test metal::tests::installing_the_rule_is_not_also_a_boot ... ok
test metal::tests::one_table_feeds_the_rule_and_the_argv ... ok
test metal::tests::the_arguments_name_the_t14_by_default ... ok
test metal::tests::the_bound_the_gate_demands_is_a_bound_the_gate_clears ... ok
test metal::tests::the_deadlines_lateness_is_counted_from_its_arm ... ok
test metal::tests::the_foreign_record_arm_reaches_its_judge_through_the_hang_it_stages ... ok
test metal::tests::the_host_clock_crosses_in_the_boot_file ... ok
test metal::tests::the_identity_is_the_stick_or_it_is_refused ... ok
test metal::tests::the_lid_policy_is_systemds_effective_one ... ok
test metal::tests::the_loops_verdict_crosses_in_the_readback ... ok
test metal::tests::the_machine_crosses_in_the_boot_file ... ok
test metal::tests::the_outside_judges_read_can_write_nothing ... ok
test metal::tests::the_readback_carries_the_verdict_the_loop_returns ... ok
test metal::tests::the_rule_is_the_command_table_rendered ... ok
test metal::tests::the_ssh_line_carries_the_key_and_nothing_interactive ... ok
test metal::tests::the_wait_outlasts_every_watchdog_a_boot_runs_under ... ok
test metaldevices::tests::a_needle_that_only_appears_in_a_comment_is_not_found ... ok
test metaldevices::tests::the_kernel_writes_the_quiesce_lines_the_host_reads ... ok
test metaldevices::tests::the_shutdowns_own_account_is_read_out_of_the_loaders_file ... ok
test metalimage::tests::a_config_with_no_runner_is_refused_by_name ... ok
test metalimage::tests::every_derived_config_ends_its_own_boot ... ok
test metalimage::tests::nothing_the_config_declared_is_dropped ... ok
test metalswap::tests::a_judge_reads_the_speaker_from_the_head_and_never_the_words ... ok
test metalswap::tests::the_judge_holds_each_expectation_to_its_own_outcome ... ok
test metaltalk::tests::a_boot_file_without_a_conversation_names_none_and_half_of_one_is_refused ... ok
test metaltalk::tests::a_conversation_reads_back_as_it_was_written ... ok
test metaltalk::tests::a_host_down_on_the_first_dial_is_asked_again_once_the_name_answers ... ok
test metaltalk::tests::a_loop_of_compression_pointers_is_no_name ... ok
test metaltalk::tests::a_name_asked_on_the_link_reads_another_responders_answer ... ok
test metaltalk::tests::a_peer_quiet_after_connecting_is_still_read ... ok
test metaltalk::tests::a_redial_asks_past_a_refusal_and_keeps_each_line_once ... ok
test metaltalk::tests::a_redial_asks_past_every_close_before_a_line_until_one_carries_a_line ... ok
test metaltalk::tests::a_redial_asks_past_every_refusal_and_reset_until_a_dial_is_taken ... ok
test metaltalk::tests::a_redial_ends_at_its_bound_alone_and_says_so ... ok
test metaltalk::tests::a_redial_on_a_forward_that_refuses_ends_at_the_refusal ... ok
test metaltalk::tests::a_refused_first_dial_is_asked_again_up_to_its_ceiling ... ok
test metaltalk::tests::a_stream_closed_before_a_byte_is_named_and_not_read_as_silence ... ok
test llvm::tests::two_compilers_of_one_llvm_make_it_once ... ok
test metaltalk::tests::the_judge_reads_what_the_stream_carried_and_what_the_peer_answered ... ok
test metaltalk::tests::the_stream_is_read_from_the_address_its_name_answers ... ok
test metaltimings::tests::a_failing_boots_reading_is_judged_and_not_recorded ... ok
test metaltimings::tests::a_known_machine_outside_its_record_fails_and_keeps_its_record ... ok
test metaltimings::tests::a_known_machine_within_its_record_passes ... ok
test metaltimings::tests::a_machine_is_three_non_empty_lines ... ok
test metaltimings::tests::a_name_recorded_twice_is_refused ... ok
test metaltimings::tests::a_new_name_on_a_known_machine_is_recorded_and_not_failed ... ok
test metaltimings::tests::a_record_survives_the_file_it_is_written_to ... ok
test metaltimings::tests::a_recorded_name_nothing_measured_is_named ... ok
test metaltimings::tests::an_unknown_machine_is_recorded_and_not_judged ... ok
test metaltimings::tests::another_bios_fails_naming_both_and_records_nothing ... ok
test metaltimings::tests::every_committed_record_loads_from_its_own_path ... ok
test metaltimings::tests::two_machines_sharing_a_file_name_are_refused ... ok
test n2::tests::an_installed_n2_is_not_installed_again ... ok
test release::tests::a_job_is_told_each_layer_s_entry_and_paths ... ok
test release::tests::a_job_lays_out_the_one_sysroot_it_restored ... ok
test release::tests::a_job_saves_only_what_it_built ... ok
test release::tests::a_landing_during_the_nightly_puts_nothing_up_and_is_no_failure ... ok
test release::tests::a_layer_that_is_not_whole_is_refused ... ok
test release::tests::a_release_is_made_to_carry_these_bytes_and_no_other ... ok
test release::tests::one_sysroot_packs_to_one_digest_and_unpacks_whole ... ok
test release::tests::only_mains_publisher_publishes ... ok
test release::tests::the_glibc_scan_takes_the_newest_version_and_nothing_else ... ok
test metaltalk::tests::the_hand_back_waits_for_the_boot_record_the_judge_reads ... ok
test sdkversion::tests::a_changed_crate_takes_the_minor_after_the_newest_and_an_unchanged_one_keeps_it ... ok
test sdkversion::tests::a_dependent_whose_newest_names_a_stale_dependency_goes_up_again ... ok
test llvm::tests::what_the_key_does_not_name_is_never_stored ... ok
test sdkversion::tests::every_lockfile_resolves_the_published_crates_from_the_tree ... ok
test sdkversion::tests::every_row_is_a_crate_the_tree_holds_in_dependency_order ... ok
test sdkversion::tests::a_key_moves_with_the_crate_and_its_published_dependencies ... ok
test signing::tests::a_checkouts_throwaway_key_is_minted_once_and_read_back ... ok
test signing::tests::a_key_that_is_not_one_is_refused_by_name ... ok
test signing::tests::an_owner_key_reads_back_and_signs_what_the_loader_verifies ... ok
test signing::tests::an_owner_key_wider_than_0600_is_refused ... ok
test soundfont::tests::doom1_wads_music_selects_the_instruments_it_selects ... ok
test sdkversion::tests::the_published_manifests_resolve_as_the_forks_name_them ... ok
test soundfont::tests::the_shipped_bank_carries_nothing_doom_does_not_select ... ok
test soundfont::tests::the_shipped_bank_still_carries_its_source_licence ... ok
test soundfont::tests::the_shipped_bank_sounds_every_instrument_the_shipped_wad_selects ... ok
test sourcegate::tests::a_value_is_refused_by_its_shape_and_what_resembles_one_is_not ... ok
test sourcegate::tests::a_capability_closing_ends_no_log_poll ... ok
test sourcegate::tests::bus_mastering_is_armed_at_exactly_the_declared_sites ... ok
test release::tests::the_layers_are_the_stores_the_build_makes ... ok
test sourcegate::tests::every_committed_binary_file_is_declared ... ok
test sourcegate::tests::every_hand_written_auto_trait_impl_is_declared ... ok
test sourcegate::tests::no_slice_or_exclusive_reference_is_built_over_a_mapped_page ... ok
test sourcegate::tests::nmi_does_not_log ... ok
test sourcegate::tests::every_host_scratch_is_the_guard ... ok
test sourcegate::tests::the_scan_reaches_the_tree_it_claims_to ... ok
test sysroot::tests::a_compiler_rebuilt_in_place_leaves_all_of_a_crate_stale ... ok
test sysroot::tests::a_std_build_downloads_no_llvm_and_asks_for_no_ninja ... ok
test sysroot::tests::a_std_build_under_the_same_compiler_keeps_no_llvm ... ok
test sysroot::tests::a_comment_is_the_same_sysroot_and_a_signature_is_another ... ok
test sysroot::tests::a_switch_that_cannot_remove_records_nothing_and_the_next_one_removes ... ok
test sysroot::tests::a_sysroot_is_whole_or_it_is_made_again ... ok
test sysroot::tests::a_sysroot_records_the_witness_it_was_built_from ... ok
test sysroot::tests::a_sysroot_that_cannot_be_made_whole_is_made_once_and_refused ... ok
test sysroot::tests::a_submodule_is_the_commit_its_gitlink_records_checked_out_or_not ... ok
test sysroot::tests::another_compiler_s_std_build_goes_and_the_same_one_s_stays ... ok
Preparing worktree (detached HEAD 4ce96aa)
HEAD is now at 4ce96aa C2
Preparing worktree (detached HEAD 864f817)
HEAD is now at 864f817 backtrace, later
test sysroot::tests::ensure_shallow_fork_initialises_no_submodule_in_a_linked_worktree ... ok
test sysroot::tests::the_libraries_placed_are_the_ones_the_stamp_names ... ok
test sysroot::tests::a_worktree_pinning_another_fork_commit_gets_its_own_checkout ... ok
test metal::tests::coming_back_is_ssh_answering_and_not_its_port ... ok
test sysroot::tests::the_primary_s_bootstrap_decides_from_the_pinned_compiler ... ok

running 1 test
11:16:16 [build-lock] waiting for the build lock (shared, child) — held by pid 5246 (move the fork checkout to its pin), 0s so far
11:16:16 [build-lock] acquired (shared, child) after 28.5ms
test buildlock::tests::child_role ... ok

test result: ok. 1 passed; 0 failed; 0 ignored; 0 measured; 401 filtered out; finished in 0.05s

Preparing worktree (detached HEAD a4a32cb)
test sysroot::tests::the_primary_s_fork_checkout_moves_only_while_no_toolchain_phase_builds_from_it ... ok
test testargs::tests::a_deleted_flag_is_refused_rather_than_becoming_the_filter ... ok
test testargs::tests::a_flag_left_without_its_value_is_refused_by_name ... ok
test testargs::tests::a_flag_written_twice_is_refused_by_name ... ok
test testargs::tests::a_flags_value_is_not_the_filter ... ok
test testargs::tests::a_readback_directory_alone_selects_no_tier ... ok
test testargs::tests::a_readback_flag_with_no_directory_never_reaches_the_metal_driver ... ok
test testargs::tests::an_inline_value_on_a_flag_that_has_none_is_refused ... ok
test testargs::tests::an_unknown_flag_is_refused_before_metal_decides_a_mode ... ok
test testargs::tests::metal_and_list_never_drives ... ok
test testargs::tests::metal_list_beside_a_readback_directory_is_refused ... ok
test testargs::tests::metal_refuses_a_filter_that_is_a_flags_name_or_empty ... ok
test testargs::tests::metal_refuses_the_flags_it_reads_nothing_of_by_name ... ok
test testargs::tests::metal_resolves_to_a_mode_that_reaches_the_machine_only_when_asked ... ok
test testargs::tests::the_documented_command_lines_parse ... ok
test testargs::tests::the_filter_is_the_word_that_is_nobodys_value ... ok
test testargs::tests::two_filters_are_refused_because_only_one_would_run ... ok
HEAD is now at a4a32cb C2
Preparing worktree (detached HEAD 572eca6)
HEAD is now at 572eca6 backtrace, later
test tether::tests::a_tethered_child_dies_with_its_owner ... ok
test tether::tests::owner ... ignored, the owner `a_tethered_child_dies_with_its_owner` kills; never runs on its own
test tether::tests::parked ... ignored, the tethered child of `owner`; never runs on its own
test toolchain::tests::a_bootstrap_leaves_nothing_to_wait_on_a_sysroot_build_for ... ok
test sysroot::tests::the_primary_s_fork_checkout_is_moved_to_its_pin ... ok
test toolchain::tests::a_bootstrap_run_sees_no_ci_variables ... ok
test toolchain::tests::a_compiler_build_finds_the_llvm_s_objcopy_where_rustc_strips_with_it ... ok
test toolchain::tests::a_compiler_s_rustc_runs_or_it_is_built_again ... ok
test toolchain::tests::a_fake_bootstrap ... ignored, the bootstrap `a_bootstrap_run_leaves_both_lockfiles_as_they_were` runs; never runs on its own
test toolchain::tests::a_fake_bootstrap_that_reads_ci ... ignored, the bootstrap `a_bootstrap_run_sees_no_ci_variables` runs; never runs on its own
test toolchain::tests::a_fake_bootstrap_that_strips ... ignored, the bootstrap `a_compiler_build_finds_the_llvm_s_objcopy_where_rustc_strips_with_it` runs; never runs on its own
test toolchain::tests::a_link_failure_is_not_a_compile_error ... ok
test sysroot::tests::twelve_builds_at_once_make_and_move_one_fork_checkout ... ok
test toolchain::tests::a_rebuilt_compiler_leaves_no_hosted_rustc_of_the_one_before ... ok
test toolchain::tests::a_bootstrap_run_leaves_both_lockfiles_as_they_were ... ok
test toolchain::tests::a_restore_that_cannot_write_leaves_the_file_whole ... ok
test toolchain::tests::a_stopped_bootstrap_leaves_no_record ... ok
test toolchain::tests::a_toolchain_bin_without_cargo_is_one_rustup_narrates ... ok
test toolchain::tests::dep_info_names_the_checkout_std_was_really_built_from ... ok
test toolchain::tests::dep_info_that_cannot_be_read_is_refused ... ok
test toolchain::tests::every_build_links_the_host_s_llvm_and_names_its_lld_by_path ... ok
test toolchain::tests::freestanding_libraries_that_read_the_worktree_are_refused ... ok
test toolchain::tests::the_first_real_error_is_the_one_reported ... ok
test toolchain::tests::the_hosted_rustc_is_built_only_when_a_build_ships_it ... ok
test toolchain::tests::the_primary_bootstraps_when_stale_or_missing ... ok
test userlandhost::tests::a_host_declaration_is_read_whole_and_refused_by_name ... ok
test userlandhost::tests::a_manifest_that_switches_tests_off_is_named ... ok
test userlandhost::tests::a_test_attribute_is_a_word_and_not_a_substring ... ok
test userlandhost::tests::every_program_the_images_ship_declares_what_it_is_to_a_host ... ok
test userlandhost::tests::every_userland_test_is_in_the_gate ... ok
test userlandhost::tests::the_survey_gates_what_cargo_test_runs_and_names_the_rest ... ok
test userlandhost::tests::what_could_hide_a_test_is_a_condition ... ok
test toolchain::tests::a_rebuilt_compiler_leaves_no_llvm_of_its_own ... ok
test toolchain::tests::a_primary_recorded_before_the_store_is_rebuilt_onto_it ... ok
test sourcegate::tests::no_tracked_file_identifies_a_machine_or_its_network ... ok
test wallpaper::tests::the_wallpaper_neither_bands_nor_blocks ... ok
test wallpaper::tests::the_committed_wallpaper_is_the_one_this_file_describes ... ok

test result: ok. 392 passed; 0 failed; 10 ignored; 0 measured; 0 filtered out; finished in 9.40s

11:16:18 [ci] the build system: cargo test --lib

11:16:18 === [ci] the harness's own checks
   Compiling toyos-build v0.1.0 (/home/user/toyos-sessionshares)
    Finished `test` profile [optimized + debuginfo] target(s) in 13.48s
     Running tests/checks.rs (target/debug/deps/toyos_checks-09fd80cd7a45bf30)

running 35 tests
test checks::a_stall_stays_red ... ok
test checks::a_shared_chunk_stages_every_binary_its_members_name ... ok
test checks::a_run_selects_by_filter ... ok
test checks::a_name_registered_twice_is_refused ... ok
test checks::control_regs_verdict ... ok
test checks::mask_windows_verdict ... ok
test checks::metal_audio_judges ... ok
test checks::metal_claim_spends_one_remapping_entry ... ok
test checks::metal_domains_end_below_the_host_bridges ... ok
test checks::metal_cleared_page_owes_no_panel ... ok
test checks::metal_judges_read_the_page_for_what_only_the_page_carries ... ok
test checks::metal_failing_shared_member_fails_its_boot ... ok
test checks::metal_list_from_parse_reaches_run_without_the_machine ... ok
test checks::metal_boot_with_a_failure_of_its_own_adds_no_row ... ok
test checks::metal_lease_judged_is_this_boots_own ... ok
test checks::metal_name_measured_twice_is_refused ... ok
test checks::metal_name_two_boots_measured_is_refused ... ok
test checks::metal_bound_fires_within_one_period_of_itself ... ok
test checks::metal_loader_kernel_and_program_count_from_one_zero ... ok
test checks::metal_usb_judge ... ok
test checks::nested_nmi_verdict ... ok
test checks::nvme_image_is_held_by_one_guest ... ok
test checks::psci_power_off_judge ... ok
test checks::run_exit_status ... ok
test checks::screen_decoder ... ok
test checks::metal_run_under_another_bios_fails_and_records_nothing ... ok
test checks::metal_reading_past_its_record_fails_and_moves_nothing ... ok
test checks::serial_vocabulary ... ok
test checks::suspend_invalidates_a_verdict ... ok
test checks::the_c_corpus_stages_the_expectation_the_host_compares ... ok
test checks::the_foreign_record_judge_demands_the_stop_sealed_done ... ok
test checks::the_xecp_judge_reads_the_t14s_handoff ... ok
test checks::suite_split ... ok
test checks::metal_stop_owes_its_record_and_leaves_no_operation_open ... ok
test checks::suspend_detector ... ok

test result: ok. 35 passed; 0 failed; 0 ignored; 0 measured; 0 filtered out; finished in 0.08s

11:16:31 [ci] the harness's own checks: cargo test --test toyos-checks

11:16:31 === [ci] the host workspace
   Compiling toyos-net-wire v0.1.0 (/home/user/toyos-sessionshares/toyos-net-wire)
   Compiling log v0.4.29
   Compiling tracing-core v0.1.36
   Compiling regex-syntax v0.8.11
   Compiling generator v0.8.9
   Compiling pin-project-lite v0.2.17
   Compiling lazy_static v1.5.0
   Compiling sharded-slab v0.1.7
   Compiling toyos-net-ip v0.1.0 (/home/user/toyos-sessionshares/toyos-net-ip)
   Compiling regex-automata v0.4.18
   Compiling tracing v0.1.44
   Compiling tracing-log v0.2.0
   Compiling thread_local v1.1.10
   Compiling smallvec v1.15.1
   Compiling nu-ansi-term v0.50.3
   Compiling matchers v0.2.0
   Compiling tracing-subscriber v0.3.23
   Compiling scoped-tls v1.0.1
   Compiling loom v0.7.2 (https://github.com/ToyOSOrg/loom?branch=toyos#dfe37972)
   Compiling toyos-net-tcp v0.1.0 (/home/user/toyos-sessionshares/toyos-net-shard/tcp)
   Compiling kernel-loom v0.1.0 (/home/user/toyos-sessionshares/kernel/loom)
   Compiling toyos-net-udp v0.1.0 (/home/user/toyos-sessionshares/toyos-net-udp)
   Compiling zerocopy v0.8.47
   Compiling getrandom v0.3.4
   Compiling object v0.38.1
   Compiling rand_core v0.9.5
   Compiling syn v2.0.117
   Compiling byteorder v1.5.0
   Compiling toyos-net-shard v0.1.0 (/home/user/toyos-sessionshares/toyos-net-shard)
   Compiling ppv-lite86 v0.2.21
   Compiling rand_chacha v0.9.0
   Compiling num-traits v0.2.19
   Compiling rand v0.9.5
   Compiling crypto-common v0.1.7
   Compiling toyos-bootmap v0.1.0 (/home/user/toyos-sessionshares/toyos-bootmap)
   Compiling digest v0.10.7
   Compiling toyos-net-testnet v0.1.0 (/home/user/toyos-sessionshares/toyos-net-shard/testnet)
   Compiling toyos-xhci v0.1.0 (/home/user/toyos-sessionshares/toyos-xhci)
   Compiling chrono v0.4.44
   Compiling sha2 v0.10.9
   Compiling toyos-dhcp v0.1.0 (/home/user/toyos-sessionshares/toyos-dhcp)
   Compiling kernel v0.1.0 (/home/user/toyos-sessionshares/kernel)
   Compiling toyos-untrusted v0.1.0 (/home/user/toyos-sessionshares/toyos-untrusted)
   Compiling fatfs v0.3.6
   Compiling toyos-xhci-sim v0.1.0 (/home/user/toyos-sessionshares/toyos-xhci/sim)
   Compiling syn v1.0.109
   Compiling crc32fast v1.5.0
   Compiling kernel-sim v0.1.0 (/home/user/toyos-sessionshares/kernel/sim)
   Compiling curve25519-dalek-derive v0.1.1
   Compiling bitflags v2.11.0
   Compiling thiserror v1.0.69
   Compiling curve25519-dalek v4.1.3
   Compiling gpt v3.1.0
   Compiling toyos-transport v0.1.0 (/home/user/toyos-sessionshares/toyos-blockring/transport)
   Compiling toyos-acpi v0.1.0 (/home/user/toyos-sessionshares/toyos-acpi)
   Compiling thiserror-impl v1.0.69
   Compiling derive-into-owned v0.2.0
   Compiling flate2 v1.1.10
   Compiling ed25519-dalek v2.2.0
   Compiling byteorder_slice v3.0.0
   Compiling toyos-blockhold v0.1.0 (/home/user/toyos-sessionshares/toyos-blockhold)
   Compiling arrayvec v0.7.8
   Compiling pcap-file v2.0.0
   Compiling etherparse v0.21.0
   Compiling toyos-rootimage v0.1.0 (/home/user/toyos-sessionshares/toyos-rootimage)
   Compiling toyos-ps2 v0.1.0 (/home/user/toyos-sessionshares/kernel/ps2)
   Compiling toyos-update v0.1.0 (/home/user/toyos-sessionshares/toyos-update)
   Compiling toyos-gicv3 v0.1.0 (/home/user/toyos-sessionshares/kernel/gicv3)
   Compiling toyos-blockring v0.1.0 (/home/user/toyos-sessionshares/toyos-blockring)
   Compiling toyos-swap v0.1.0 (/home/user/toyos-sessionshares/toyos-swap)
   Compiling toyos-inspect v0.1.0 (/home/user/toyos-sessionshares/toyos-inspect)
   Compiling toyos-pci v0.1.0 (/home/user/toyos-sessionshares/kernel/pci)
   Compiling toyos-trace v0.1.0 (/home/user/toyos-sessionshares/toyos-trace)
   Compiling toyos-dns v0.1.0 (/home/user/toyos-sessionshares/toyos-dns)
   Compiling toyos-microcode v0.1.0 (/home/user/toyos-sessionshares/toyos-microcode)
   Compiling toyos-cpuvuln v0.1.0 (/home/user/toyos-sessionshares/toyos-cpuvuln)
   Compiling toyos-libc-copies v0.1.0 (/home/user/toyos-sessionshares/tests/libc-arch)
   Compiling toyos-hda v0.1.0 (/home/user/toyos-sessionshares/toyos-hda)
   Compiling toyos-tsc v0.1.0 (/home/user/toyos-sessionshares/toyos-tsc)
   Compiling toyos-dma v0.1.0 (/home/user/toyos-sessionshares/kernel/dma)
   Compiling toyos-tco v0.1.0 (/home/user/toyos-sessionshares/toyos-tco)
   Compiling bcachefs v0.1.0 (/home/user/toyos-sessionshares/bcachefs)
   Compiling toyos-gpt v0.1.0 (/home/user/toyos-sessionshares/toyos-gpt)
   Compiling toyos-symbols v0.1.0 (/home/user/toyos-sessionshares/toyos-symbols)
   Compiling toyos-keymap v0.1.0 (/home/user/toyos-sessionshares/toyos-keymap)
   Compiling toyos-fat32 v0.1.0 (/home/user/toyos-sessionshares/toyos-fat32)
   Compiling toyos-tmpdir v0.1.0 (/home/user/toyos-sessionshares/toyos-tmpdir)
   Compiling toyos-fat32-check v0.1.0 (/home/user/toyos-sessionshares/toyos-fat32/check)
   Compiling toyos-elf v0.1.0 (/home/user/toyos-sessionshares/toyos-elf)
   Compiling toyos-manifest v0.1.0 (/home/user/toyos-sessionshares/toyos-manifest)
   Compiling toyos-logstream v0.1.0 (/home/user/toyos-sessionshares/toyos-logstream)
   Compiling toyos-elide v0.1.0 (/home/user/toyos-sessionshares/toyos-elide)
   Compiling toyos-i219 v0.1.0 (/home/user/toyos-sessionshares/toyos-i219)
   Compiling toyos-abi v0.16.0 (/home/user/toyos-sessionshares/toyos-abi)
   Compiling toyos-userbound v0.1.0 (/home/user/toyos-sessionshares/toyos-userbound)
   Compiling toyos-osrelease v0.1.0 (/home/user/toyos-sessionshares/toyos-osrelease)
   Compiling toyos-quiesce v0.1.0 (/home/user/toyos-sessionshares/toyos-quiesce)
   Compiling toyos-blackbox v0.1.0 (/home/user/toyos-sessionshares/toyos-blackbox)
   Compiling toyos-wallclock v0.1.0 (/home/user/toyos-sessionshares/toyos-wallclock)
    Finished `test` profile [optimized + debuginfo] target(s) in 2m 58s
     Running unittests src/lib.rs (target/debug/deps/bcachefs-634007485944d7f0)

running 72 tests
test block_io::image_bounds::a_block_number_whose_byte_offset_wraps_is_refused_and_does_not_panic ... ok
test block_io::image_bounds::a_block_past_the_end_is_refused_rather_than_read ... ok
test block_io::image_bounds::an_empty_image_holds_no_block_at_all ... ok
test block_io::image_bounds::a_block_that_starts_inside_and_ends_outside_is_refused ... ok
test block_io::image_bounds::every_block_the_image_holds_is_served_whole ... ok
test btree::tests::a_child_pointer_off_the_device_is_refused ... ok
test btree::tests::a_crafted_entry_count_never_reaches_the_allocator ... ok
test btree::tests::an_entry_larger_than_the_payload_is_refused ... ok
test btree::tests::an_interior_child_shorter_than_a_block_number_is_refused ... ok
test btree::tests::a_split_short_of_a_sibling_gives_back_the_ones_it_took ... ok
test btree::tests::an_interior_node_with_no_children_is_refused ... ok
test btree::tests::a_descent_gives_up_before_it_runs_out_of_stack ... ok
test btree::tests::write_to_refuses_an_overfull_node_instead_of_underflowing ... ok
test btree::tests::pack_fills_each_node_in_order_and_none_past_a_block ... ok
test crc32c::tests::known_vectors ... ok
test crc32c::tests::zeroes ... ok
test fs::tests::a_bitmap_outside_the_volume_is_refused ... ok
test fs::tests::a_bitmap_too_small_to_cover_the_volume_is_refused ... ok
test fs::tests::a_child_pointer_past_the_end_of_the_device_is_refused ... ok
test fs::tests::a_file_ending_in_a_hole_still_reads_as_zeros ... ok
test fs::tests::a_delete_of_a_name_that_is_not_here_destroys_nothing ... ok
test fs::tests::a_file_naming_more_blocks_than_the_volume_has_is_refused ... ok
test fs::tests::a_block_allocated_to_bridge_a_gap_reads_as_zeros ... ok
test fs::tests::a_run_ending_on_the_volumes_last_block_is_accepted ... ok
test fs::tests::a_page_resolved_against_an_extent_at_the_end_of_the_address_space_is_total ... ok
test fs::tests::a_shortened_record_gives_its_tail_back ... ok
test fs::tests::a_root_that_points_at_itself_is_refused_not_followed ... ok
test fs::tests::a_size_longer_than_the_volume_never_reaches_the_allocator ... ok
test fs::tests::a_superblock_claiming_more_blocks_than_the_device_has_is_refused ... ok
test fs::tests::an_extent_outside_the_volume_is_refused_before_the_bitmap_is_touched ... ok
test fs::tests::an_extent_past_the_end_of_the_volume_is_refused ... ok
test fs::tests::a_volume_copied_onto_a_larger_device_does_not_mount ... ok
test fs::tests::an_untampered_volume_still_mounts_and_reads ... ok
test fs::tests::an_interior_value_too_short_for_a_block_number_is_refused ... ok
test fs::tests::is_dir_is_a_name_beneath ... ok
test fs::tests::is_dir_over_a_corrupt_node_is_refused ... ok
test upstream::bkey::tests::a_field_past_its_unpacked_width_is_refused_not_truncated ... ok
test upstream::bkey::tests::a_field_wider_than_the_one_it_fills_is_refused ... ok
test upstream::bkey::tests::a_key_that_does_not_fit_is_refused ... ok
test upstream::bkey::tests::a_truncated_format_is_refused ... ok
test upstream::bkey::tests::field_fit_vectors ... ok
test upstream::bkey::tests::format_vectors ... ok
test upstream::bkey::tests::the_identity_format_is_the_unpacked_one ... ok
test upstream::bkey::tests::the_identity_format_round_trips_a_position ... ok
test upstream::bkey::tests::unpack_vectors ... ok
test upstream::csum::tests::encryption_csum_types_are_refused_by_name ... ok
test upstream::csum::tests::published_check_values ... ok
test upstream::csum::tests::xxh64_covers_every_tail ... ok
test fs::tests::a_size_inside_the_volume_but_over_the_ceiling_never_reaches_the_allocator ... ok
test upstream::fs::tests::a_crc_entry_states_the_extent_it_covers ... ok
test upstream::fs::tests::a_file_longer_than_its_device_is_refused_without_allocating_it ... ok
test upstream::fs::tests::an_entry_before_the_checksum_does_not_move_the_pointer ... ok
test upstream::fs::tests::an_entry_this_volume_cannot_size_is_refused ... ok
test upstream::fs::tests::dirent_vectors ... ok
test upstream::node::tests::a_bset_this_filesystem_did_not_write_is_refused ... ok
test upstream::node::tests::a_key_longer_than_its_bset_is_refused ... ok
test upstream::node::tests::a_node_that_is_not_the_one_asked_for_is_refused ... ok
test upstream::node::tests::the_crafted_node_is_accepted ... ok
test upstream::raw::tests::a_short_window_refuses_by_name ... ok
test upstream::node::tests::a_bset_longer_than_its_node_is_refused ... ok
test upstream::raw::tests::bitmask_matches_upstreams_accessor ... ok
test upstream::raw::tests::an_offset_that_would_wrap_refuses ... ok
test upstream::sb::fixture::a_clean_section_shorter_than_its_header_is_refused ... ok
test upstream::sb::fixture::a_member_bigger_than_its_device_is_refused ... ok
test upstream::sb::fixture::a_superblock_that_is_not_this_ones_is_refused ... ok
test upstream::sb::fixture::a_volume_without_a_clean_section_is_refused_by_name ... ok
test upstream::sb::fixture::a_huge_u64s_is_refused_without_allocating_it ... ok
test upstream::sb::fixture::the_crafted_superblock_is_accepted ... ok
test upstream::sb::fixture::the_interim_reader_rejects_bcachefs_s_magic ... ok
test upstream::sb::fixture::every_unsupported_format_feature_is_refused_by_name ... ok
test fs::tests::is_dir_over_a_split_root_finds_every_directory ... ok
test fs::tests::a_tree_past_the_ceiling_is_refused_before_it_materialises ... ok

test result: ok. 72 passed; 0 failed; 0 ignored; 0 measured; 0 filtered out; finished in 3.00s

     Running tests/integration.rs (target/debug/deps/integration-56e4fda261f2dbd3)

running 54 tests
test a_block_zero_the_device_refuses_does_not_fall_through_to_the_backup ... ok
test a_btree_node_the_device_refuses_is_not_a_node_of_zeros ... ok
test a_data_block_the_device_refuses_is_not_a_page_of_zeros ... ok
test a_create_that_runs_out_of_space_leaves_the_old_file_where_it_was ... ok
test a_filesystems_name_round_trips_through_its_superblock ... ok
test a_file_past_the_old_extent_cap_round_trips ... ok
test a_refused_sync_stays_refused_through_the_filesystem ... ok
test a_file_renamed_onto_a_symlink_leaves_one_entry ... ok
test a_rename_of_a_symlink_stays_a_symlink ... ok
test a_rename_onto_itself_keeps_the_file ... ok
test a_rename_carries_the_file_to_the_new_name ... ok
test a_rename_with_no_source_touches_nothing ... ok
test a_rename_onto_an_existing_name_frees_that_file_and_only_it ... ok
test a_metadata_update_that_cannot_be_reinserted_leaves_the_entry_alone ... ok
test a_sequential_file_needs_one_extent ... ok
test a_value_too_large_for_any_node_is_an_error_not_a_panic ... ok
test a_write_the_device_refuses_is_reported_and_gives_its_blocks_back ... ok
test bad_magic_alone_disowns_the_volume ... ok
test bad_magic_means_no_copy_claims_the_volume ... ok
test corrupt_data_block_returns_raw_bytes ... ok
test crc_verification_on_nodes ... ok
test a_renamed_file_keeps_every_extent_it_had ... ok
test create_multiple_files ... ok
test create_single_small_file ... ok
test dangling_symlink_allowed ... ok
test duplicate_filename_overwrites ... ok
test empty_file ... ok
test a_sparse_write_resolves_inside_the_blocks_it_reserved ... ok
test a_write_that_runs_out_of_space_gives_back_what_it_took ... ok
test every_page_of_a_fragmented_file_owns_a_distinct_block ... ok
test file_mtime_nonexistent ... ok
test file_not_found ... ok
test format_and_mount_empty ... ok
test format_mount_unmount_create_mount_roundtrip ... ok
test large_file_crosses_block_boundary ... ok
test filesystem_full_returns_no_space ... ok
test large_file_exact_block_boundary ... ok
test list_includes_symlinks ... ok
test large_file_single_extent ... ok
test entries_of_mixed_size_survive_node_splits ... ok
test long_filename_near_entry_limit ... ok
test mounted_readwrite_create_and_read ... ok
test mounted_readwrite_delete ... ok
test mounted_readwrite_overwrite_file ... ok
test mounted_readwrite_overwrite_with_smaller_data ... ok
test mounted_readwrite_symlink ... ok
test mounted_readwrite_double_roundtrip ... ok
test read_link ... ok
test rename_bounds_the_new_name ... ok
test superblock_backup_recovery ... ok
test zero_length_filename_rejected ... ok
test mounted_readwrite_sync_and_reopen ... ok
test many_files_with_large_data ... ok
test incremental_insert_and_read ... ok

test result: ok. 54 passed; 0 failed; 0 ignored; 0 measured; 0 filtered out; finished in 0.13s

     Running tests/upstream_fixture.rs (target/debug/deps/upstream_fixture-936c2884a8a5284a)

running 2 tests
test a_path_the_volume_does_not_hold_reads_back_as_absent ... ok
test the_upstream_volume_reads_back_as_what_upstream_wrote ... ok

test result: ok. 2 passed; 0 failed; 0 ignored; 0 measured; 0 filtered out; finished in 0.05s

     Running tests/counters_round.rs (target/debug/deps/counters_round-a3f5704661b074f0)

running 1 test
test a_cpu_read_as_answered_is_read_with_its_answer ... ok

test result: ok. 1 passed; 0 failed; 0 ignored; 0 measured; 0 filtered out; finished in 0.00s

     Running tests/device_irq.rs (target/debug/deps/device_irq-9c0d8eb6243b7692)

running 2 tests
test an_idle_record_answers_nothing ... ok
test every_message_is_counted_once ... ok

test result: ok. 2 passed; 0 failed; 0 ignored; 0 measured; 0 filtered out; finished in 0.00s

     Running tests/dump_request.rs (target/debug/deps/dump_request-608e1579240b7eb5)

running 5 tests
test a_request_left_during_a_report_is_still_taken_by_its_end ... ok
test only_a_pass_entered_at_depth_zero_takes_the_request ... ok
test a_request_filed_during_a_report_is_reported ... ok
test one_request_is_taken_once ... ok
test a_request_is_announced_at_most_once ... ok

test result: ok. 5 passed; 0 failed; 0 ignored; 0 measured; 0 filtered out; finished in 2.07s

     Running tests/i8042_tally.rs (target/debug/deps/i8042_tally-079c6ee4e3e05347)

running 3 tests
test a_counted_interrupt_carries_its_bytes_with_it ... ok
test an_empty_interrupt_is_never_counted_as_one_that_carried ... ok
test the_split_counters_this_replaced_are_read_torn ... ok

test result: ok. 3 passed; 0 failed; 0 ignored; 0 measured; 0 filtered out; finished in 0.00s

     Running tests/inbox_answer.rs (target/debug/deps/inbox_answer-b983bf13e6fd5028)

running 16 tests
test a_full_ring_leaves_a_fired_poll_for_the_next_look ... ok
test a_poll_fired_as_it_is_renewed_waits_for_the_next_look ... ok
test a_poll_armed_again_does_not_end_the_look ... ok
test a_handle_closed_since_its_watch_is_answered_with_the_refusal ... ok
test a_poll_left_standing_still_answers ... ok
test a_post_that_lands_after_its_bytes_were_read_answers_nothing ... ok
test a_post_answers_for_an_object_with_nothing_to_look_at ... ok
test a_replaced_poll_is_withdrawn_from_its_watch ... ok
test a_post_with_nothing_to_read_answers_nothing ... ok
test a_ring_torn_down_withdraws_every_poll ... ok
test a_ring_keeps_its_cap_of_polls_and_no_more ... ok
test a_watch_during_a_look_that_finds_bytes_answers_alone ... ok
test a_watch_during_a_look_that_finds_nothing_is_the_handles_one_poll ... ok
test a_submitter_parks_only_with_nothing_it_could_answer ... ok
test a_watch_replaces_a_poll_a_post_already_fired ... ok
test an_ended_source_is_answered_gone_without_a_look ... ok

test result: ok. 16 passed; 0 failed; 0 ignored; 0 measured; 0 filtered out; finished in 0.00s

     Running tests/log_body_words.rs (target/debug/deps/log_body_words-14186fffb7cea78e)

running 0 tests

test result: ok. 0 passed; 0 failed; 0 ignored; 0 measured; 0 filtered out; finished in 0.00s

     Running tests/log_cursor.rs (target/debug/deps/log_cursor-b84544da4851c05d)

running 0 tests

test result: ok. 0 passed; 0 failed; 0 ignored; 0 measured; 0 filtered out; finished in 0.00s

     Running tests/log_publish.rs (target/debug/deps/log_publish-9460c0ce3c25b8a8)

running 2 tests
test an_unpublished_slot_answers_for_nothing ... ok
test a_reader_that_finds_a_shard_finds_it_built ... ok

test result: ok. 2 passed; 0 failed; 0 ignored; 0 measured; 0 filtered out; finished in 0.00s

     Running tests/log_record.rs (target/debug/deps/log_record-aecd2118ac78705e)

running 7 tests
test a_concurrent_reader_sees_head_grow_and_never_shrink ... ok
test a_recycled_slot_does_not_answer_for_the_record_it_replaced ... ok
test a_shard_nothing_has_written_answers_for_nothing ... ok
test the_readable_window_is_exactly_the_last_shard_records ... ok
test a_committed_record_is_whole_or_absent ... ok
test a_key_and_the_record_it_names_come_from_one_generation ... ok
test a_reader_racing_a_recycle_gets_nothing_rather_than_a_mixture ... ok

test result: ok. 7 passed; 0 failed; 0 ignored; 0 measured; 0 filtered out; finished in 16.06s

     Running tests/log_ring.rs (target/debug/deps/log_ring-4e373b000bc149de)

running 3 tests
test a_slot_is_reused_only_after_its_record_was_read ... ok
test a_lane_publishes_whole_and_reuses_only_after_a_read ... ok
test a_published_record_is_whole_and_read_once ... ok

test result: ok. 3 passed; 0 failed; 0 ignored; 0 measured; 0 filtered out; finished in 0.48s

     Running tests/log_wake.rs (target/debug/deps/log_wake-7e08476041500aa5)

running 2 tests
test exactly_one_producer_owns_a_park ... ok
test a_commit_and_an_arm_cannot_both_miss ... ok

test result: ok. 2 passed; 0 failed; 0 ignored; 0 measured; 0 filtered out; finished in 0.01s

     Running tests/log_zeroed_init.rs (target/debug/deps/log_zeroed_init-db65c81dc6db4dbb)

running 0 tests

test result: ok. 0 passed; 0 failed; 0 ignored; 0 measured; 0 filtered out; finished in 0.00s

     Running tests/loom_exploration.rs (target/debug/deps/loom_exploration-11de550c42baafeb)

running 2 tests
test loom_runs_a_store_ahead_of_an_earlier_load ... ok
test loom_runs_a_read_modify_write_ahead_of_an_earlier_load ... ok

test result: ok. 2 passed; 0 failed; 0 ignored; 0 measured; 0 filtered out; finished in 0.00s

     Running tests/loom_mailbox.rs (target/debug/deps/loom_mailbox-6eec65efc77220d8)

running 2 tests
test steal_probe_node_is_never_double_linked ... ok
test preempt_disabled_push_keeps_the_queue_drainable ... ok

test result: ok. 2 passed; 0 failed; 0 ignored; 0 measured; 0 filtered out; finished in 1.53s

     Running tests/loom_park.rs (target/debug/deps/loom_park-6ad1517b86ad2718)

running 3 tests
test cancel_and_notify_agree_on_who_won ... ok
test a_pre_park_claim_never_posts_a_message ... ok
test a_notify_ends_exactly_one_iteration ... ok

test result: ok. 3 passed; 0 failed; 0 ignored; 0 measured; 0 filtered out; finished in 0.02s

     Running tests/loom_push.rs (target/debug/deps/loom_push-e599e5238b2660c0)

running 2 tests
test a_push_rings_nobody_when_nobody_is_asleep ... ok
test a_cpu_that_halts_without_seeing_the_surplus_was_pushed ... ok

test result: ok. 2 passed; 0 failed; 0 ignored; 0 measured; 0 filtered out; finished in 0.01s

     Running tests/loom_retire.rs (target/debug/deps/loom_retire-e7e98a29f3d1bc43)

running 6 tests
test an_adopting_cpu_always_observes_the_kill_bit ... ok
test a_retire_racing_the_park_commit_always_leaves_someone_to_reap ... ok
test the_retire_chase_reuses_one_node_under_a_racing_migration ... ok
test a_wake_and_a_retire_ride_distinct_nodes ... ok
test a_retire_and_a_wake_never_both_claim_a_parked_task ... ok
test the_retire_arm_never_loses_a_parked_task_to_a_racing_wake ... ok

test result: ok. 6 passed; 0 failed; 0 ignored; 0 measured; 0 filtered out; finished in 0.32s

     Running tests/loom_sleep.rs (target/debug/deps/loom_sleep-cb3e2fab824cc12e)

running 2 tests
test a_halted_cpu_with_queued_work_was_kicked ... ok
test a_kicked_cpu_comes_back_and_drains_everything ... ok

test result: ok. 2 passed; 0 failed; 0 ignored; 0 measured; 0 filtered out; finished in 2.33s

     Running tests/loom_watch.rs (target/debug/deps/loom_watch-05b32cc897b4f1a4)

running 12 tests
test a_bounded_post_racing_a_timeout_reaches_a_live_waiter ... ok
test a_poll_registered_racing_a_post_completes_exactly_once ... ok
test a_poll_registered_racing_a_post_in_place_completes_exactly_once ... ok
test a_revoke_racing_the_wait_loop_ends_it_in_every_arm ... ok
test a_post_racing_a_registration_leaves_nobody_parked ... ok
test a_transition_racing_an_opening_gate_is_never_missed ... ok
test a_poll_on_two_watches_racing_both_posts_completes_exactly_once ... ok
test an_end_racing_a_post_answers_a_poll_once ... ok
test an_end_racing_a_post_in_place_answers_a_poll_once ... ok
test a_second_post_is_not_lost_to_a_flag_the_waiter_consumed ... ok
test a_fire_racing_a_submitters_park_is_never_lost has been running for over 60 seconds
test an_answer_wakes_the_submitter_its_look_hid_the_poll_from has been running for over 60 seconds
test a_fire_racing_a_submitters_park_is_never_lost ... ok
test an_answer_wakes_the_submitter_its_look_hid_the_poll_from ... ok

test result: ok. 12 passed; 0 failed; 0 ignored; 0 measured; 0 filtered out; finished in 113.94s

     Running tests/owed_lock.rs (target/debug/deps/owed_lock-b2b27c41d9110df9)

running 1 test
test a_turned_away_cpu_holds_the_lock_or_is_answered ... ok

test result: ok. 1 passed; 0 failed; 0 ignored; 0 measured; 0 filtered out; finished in 0.00s

     Running tests/panic_capture.rs (target/debug/deps/panic_capture-ef4bc6531fac4065)

running 5 tests
test a_released_latch_hands_the_snapshot_to_the_next_captor ... ok
test the_owner_refreshes_and_a_second_captor_stays_out ... ok
test two_panicking_cpus_write_one_snapshot ... ok
test the_unlatched_capture_this_replaced_interleaves_two_reports ... ok
test a_reader_and_refresh_never_overlap_on_the_snapshot ... ok

test result: ok. 5 passed; 0 failed; 0 ignored; 0 measured; 0 filtered out; finished in 0.08s

     Running tests/panic_console_publish.rs (target/debug/deps/panic_console_publish-3afd581d05bea0bc)

running 1 test
test a_snapshot_is_one_publication_whole ... ok

test result: ok. 1 passed; 0 failed; 0 ignored; 0 measured; 0 filtered out; finished in 2.48s

     Running tests/poll_once.rs (target/debug/deps/poll_once-93b12e0bf5b10e15)

running 2 tests
test a_withdrawal_and_a_post_never_both_take_a_poll ... ok
test a_post_and_a_recheck_answer_a_poll_once ... ok

test result: ok. 2 passed; 0 failed; 0 ignored; 0 measured; 0 filtered out; finished in 0.01s

     Running tests/reap_gate.rs (target/debug/deps/reap_gate-402c7c910bae9876)

running 4 tests
test an_unraised_gate_claims_nothing ... ok
test a_raise_is_never_dropped ... ok
test a_claim_sees_the_enrolled_work ... ok
test one_raise_is_claimed_once ... ok

test result: ok. 4 passed; 0 failed; 0 ignored; 0 measured; 0 filtered out; finished in 0.00s

     Running tests/serial_lock.rs (target/debug/deps/serial_lock-1798d79f07699aa9)

running 9 tests
test a_lost_try_lock_leaves_the_lock_held ... ok
test a_seize_gives_up_on_a_holder_that_never_lets_go ... ok
test a_seize_reenters_its_own_cpus_hold ... ok
test a_seize_takes_a_burst_let_go_inside_the_bound ... ok
test a_burst_waits_out_another_cpus_fatal_path ... ok
test within_asks_a_silent_attempt_exactly_its_tries ... ok
test a_seize_and_a_burst_never_overlap ... ok
test two_writers_never_overlap ... ok
test a_burst_beneath_its_own_cpus_fatal_path_is_refused - should panic ... ok

test result: ok. 9 passed; 0 failed; 0 ignored; 0 measured; 0 filtered out; finished in 0.05s

     Running tests/sleep_lock.rs (target/debug/deps/sleep_lock-a50cddad7435fc69)

running 4 tests
test try_lock_observes_the_previous_holders_writes ... ok
test a_parking_contender_observes_the_holders_writes ... ok
test two_holders_never_overlap ... ok
test a_queued_contender_is_served_and_named ... ok

test result: ok. 4 passed; 0 failed; 0 ignored; 0 measured; 0 filtered out; finished in 0.17s

     Running tests/smp_bringup.rs (target/debug/deps/smp_bringup-ab49eb2d39b7e94f)

running 3 tests
test a_released_machine_is_answering ... ok
test a_committed_count_never_outruns_its_slot ... ok
test an_ap_that_reads_another_id_is_refused - should panic ... ok

test result: ok. 3 passed; 0 failed; 0 ignored; 0 measured; 0 filtered out; finished in 0.06s

     Running tests/ticket_lock.rs (target/debug/deps/ticket_lock-7e4414965b175d5e)

running 3 tests
test try_lock_at_the_wrap_boundary_does_not_panic ... ok
test try_lock_observes_the_previous_owners_writes ... ok
test two_try_locks_do_not_both_succeed ... ok

test result: ok. 3 passed; 0 failed; 0 ignored; 0 measured; 0 filtered out; finished in 0.01s

     Running tests/tlb_shootdown.rs (target/debug/deps/tlb_shootdown-b44ebcaf4b688f25)

running 4 tests
test an_initiator_answers_while_it_waits ... ok
test a_nested_serve_is_not_undone_by_the_one_it_interrupted ... ok
test an_acknowledged_flush_postdates_the_page_table_write ... ok
test one_serve_answers_two_concurrent_shootdowns ... ok

test result: ok. 4 passed; 0 failed; 0 ignored; 0 measured; 0 filtered out; finished in 3.91s

     Running unittests src/lib.rs (target/debug/deps/kernel_sim-358264357994afc5)

running 15 tests
test choice::tests::bytes_full_range_reachable ... ok
test choice::tests::pct_never_starves_a_lone_step ... ok
test choice::tests::bytes_are_the_decisions ... ok
test choice::tests::bytes_wide_draw_uses_two_bytes ... ok
test choice::tests::pct_prefers_the_highest_priority_actor_and_is_stable ... ok
test choice::tests::replay_reproduces_a_recording ... ok
test choice::tests::seeds_differ ... ok
test choice::tests::seeded_is_deterministic ... ok
test latency::tests::a_losing_maximum_becomes_the_runner_up ... ok
test latency::tests::an_empty_distribution_measures_nothing ... ok
test latency::tests::causes_are_kept_apart ... ok
test latency::tests::merging_is_exactly_the_union ... ok
test latency::tests::one_sample_has_no_runner_up ... ok
test latency::tests::the_runner_up_is_the_second_largest_sample ... ok
test choice::tests::zero_options_is_a_bug - should panic ... ok

test result: ok. 15 passed; 0 failed; 0 ignored; 0 measured; 0 filtered out; finished in 0.11s

     Running unittests src/main.rs (target/debug/deps/kernel_sim-83b839262ce54305)

running 0 tests

test result: ok. 0 passed; 0 failed; 0 ignored; 0 measured; 0 filtered out; finished in 0.00s

     Running tests/deadline_claim_race.rs (target/debug/deps/deadline_claim_race-f0a73fad6c632b40)

running 1 test
test a_claim_between_the_drain_and_the_fire_leaves_the_timer_armed_for_what_is_parked ... ok

test result: ok. 1 passed; 0 failed; 0 ignored; 0 measured; 0 filtered out; finished in 0.00s

     Running tests/policy.rs (target/debug/deps/policy-dafe3b9db300c132)

running 12 tests
test a_process_cannot_buy_cpu_by_forking ... ok
test a_stopped_cpu_stops_taking_work ... ok
test a_runnable_task_waits_at_most_one_dispatch_per_rival ... ok
test a_wakeup_storm_drains_without_serializing ... ok
test per_thread_shares_lose_the_floor ... ok
test an_interactive_wake_waits_out_at_most_the_band_it_is_queued_behind ... ok
test the_share_deficit_is_an_offset_and_not_a_drift ... ok
test the_balance_path_drains_the_cpu_an_adversary_loaded ... ok
test the_two_cures_are_priced_against_the_pull_path ... ok
test a_push_on_surplus_reaches_every_cpu_the_pull_path_left_asleep ... ok
test without_the_balance_path_a_lopsided_machine_stays_lopsided ... ok
test a_bounded_re_arm_reaches_every_cpu_the_pull_path_left_asleep ... ok

test result: ok. 12 passed; 0 failed; 0 ignored; 0 measured; 0 filtered out; finished in 10.10s

     Running tests/scenarios.rs (target/debug/deps/scenarios-920d76afd5dfcf05)

running 25 tests
test a_pass_that_overruns_its_budget_is_recorded ... ok
test a_run_replays_exactly ... ok
test a_pass_inside_the_registration_window_is_caught ... ok
test a_retire_inside_the_registration_window_is_honoured_by_the_core ... ok
test corpus_traces_still_do_what_they_were_committed_for ... ok
test blind_spot_needed_the_step_split ... ok
test a_retire_completes_inside_its_derived_bound ... ok
test double_charging_a_share_is_caught ... ok
test identity_ordering_within_a_share_is_caught ... ok
test an_identity_tiebreak_changes_the_schedule_and_not_the_sibling_split ... ok
test old_commit_before_pass_is_caught ... ok
test old_migrate_keeping_the_corpse_is_caught ... ok
test every_scenario_survives_raw_fuzz_bytes ... ok
test old_steal_port_is_caught ... ok
test old_park_keeping_the_lend_is_caught ... ok
test per_thread_fair_shares_are_caught ... ok
test shrinking_keeps_the_failure_and_loses_the_noise ... ok
test invariant_i13_is_measured_and_holds ... ok
test rt_starving_the_corpse_is_caught ... ok
test the_new_protocol_survives_the_schedule_that_breaks_the_old_one ... ok
test the_audio_pipeline_holds_on_one_cpu ... ok
test the_park_sees_claims_that_landed_after_its_commit ... ok
test the_unwind_gate_lasts_one_chunk_and_not_one_unwind ... ok
test the_fairness_storm_is_measured_and_holds ... ok
test every_scenario_survives_a_seed_sweep ... ok

test result: ok. 25 passed; 0 failed; 0 ignored; 0 measured; 0 filtered out; finished in 6.82s

     Running unittests src/lib.rs (target/debug/deps/toyos_abi-2916a42d89a69d3a)

running 53 tests
test boot::tests::a_window_holds_an_extent_and_not_merely_its_first_address ... ok
test boot::tests::the_kernel_is_handed_the_windows_firmware_named_and_none_of_the_array_behind_them ... ok
test boot::tests::the_two_readings_of_a_boot_parameter_partition_it ... ok
test clock::tests::the_formula_is_the_kernels ... ok
test clock::tests::the_page_is_four_words ... ok
test counters::tests::a_flag_no_counter_names_is_refused ... ok
test counters::tests::a_present_zero_is_not_an_absent_counter ... ok
test counters::tests::a_word_under_an_absent_counter_is_refused ... ok
test counters::tests::counters_are_indexed_by_their_place_and_named_once ... ok
test counters::tests::every_shape_of_record_reads_back_as_written ... ok
test counters::tests::what_times_a_program_or_is_power_needs_the_trace_right ... ok
test handle::tests::a_bit_no_right_uses_is_not_a_rights_set ... ok
test handle::tests::a_generation_past_the_field_is_generation_zero_again ... ok
test handle::tests::a_handle_answers_the_slot_and_generation_it_was_made_from ... ok
test handle::tests::every_right_in_all_has_a_name_and_every_name_is_in_all ... ok
test handle::tests::generation_zero_is_the_bare_index ... ok
test handle::tests::nothing_below_the_retirement_generation_can_be_the_invalid_handle ... ok
test handle::tests::rights_only_shrink ... ok
test inbox::tests::the_ring_layout_is_what_both_ends_index_by ... ok
test inventory::tests::a_byte_that_names_nothing_is_refused_by_name ... ok
test inventory::tests::a_record_is_one_fixed_width ... ok
test inventory::tests::every_record_round_trips ... ok
test log::tests::a_fresh_cursor_has_read_nothing ... ok
test log::tests::a_non_utf8_body_renders_what_decoded ... ok
test log::tests::a_record_renders_the_same_line_for_every_consumer ... ok
test log::tests::a_wall_clock_goes_through_the_bracket_and_an_empty_one_changes_nothing ... ok
test log::tests::a_length_past_the_bound_is_clamped_and_not_a_panic ... ok
test log::tests::an_undeclared_severity_byte_decodes_to_nothing ... ok
test log::tests::as_bytes_is_the_fields_and_nothing_between_them ... ok
test log::tests::severities_are_ordered_from_info_to_alert ... ok
test log::tests::the_record_is_the_size_and_shape_both_sides_assume ... ok
test log::tests::every_sayer_gets_the_one_head ... ok
test log::tests::untimed_severity_and_elided_are_in_the_line_rather_than_in_a_convention ... ok
test part::tests::a_guid_is_the_uppercase_registry_form_and_nothing_else ... ok
test part::tests::a_guid_survives_the_wire ... ok
test part::tests::the_esp_type_guid_is_the_specification_s_bytes ... ok
test ring::tests::a_scribbled_header_leaves_the_stream_exact ... ok
test ring::tests::the_pipe_capacity_does_not_divide_the_u32_cursor_space ... ok
test syscall::tests::a_devices_entry_is_a_class_or_one_named_function ... ok
test ring::tests::a_read_split_across_the_cursor_wrap_returns_what_was_written ... ok
test syscall::tests::a_partition_entry_carries_its_guid_in_both_selector_words ... ok
test syscall::tests::a_pci_id_is_four_lowercase_hex_digits_each_and_nothing_else ... ok
test syscall::tests::a_request_writes_back_the_name_it_parsed ... ok
test boot::tests::a_count_past_the_array_is_refused_rather_than_clamped - should panic ... ok
test syscall::tests::an_isa_entry_survives_the_wire_and_nothing_else_decodes ... ok
test syscall::tests::every_dirent_is_read_back_whatever_its_size_holds ... ok
test syscall::tests::module_info_as_bytes_is_the_fields_and_nothing_between_them ... ok
test syscall::tests::modules_decodes_every_record_and_its_path ... ok
test syscall::tests::a_dirent_of_another_kind_is_a_broken_kernel - should panic ... ok
test syscall::tests::the_selector_survives_the_wire ... ok
test syscall::tests::modules_refuses_a_path_past_the_answer - should panic ... ok
test syscall::tests::a_short_dirent_is_a_broken_kernel - should panic ... ok
test ring::tests::a_stream_survives_the_cursor_reaching_two_to_the_thirty_two ... ok

test result: ok. 53 passed; 0 failed; 0 ignored; 0 measured; 0 filtered out; finished in 3.78s

     Running unittests src/lib.rs (target/debug/deps/toyos_acpi-1a4194ebfb42eb4b)

running 0 tests

test result: ok. 0 passed; 0 failed; 0 ignored; 0 measured; 0 filtered out; finished in 0.00s

     Running tests/corpus.rs (target/debug/deps/corpus-e8e16c6dd2e73bde)

running 32 tests
test a_century_register_outside_cmos_ram_is_told_apart_from_none ... ok
test a_fadt_before_acpi_5_1_says_nothing_about_psci ... ok
test a_fadt_of_the_acpi_1_0_length_is_read_without_its_x_fields ... ok
test a_fadt_too_short_for_the_boot_architecture_flags_is_refused ... ok
test a_length_longer_than_the_mapping_is_refused_before_a_byte_is_read ... ok
test a_length_over_the_ceiling_is_refused_without_walking_it ... ok
test a_length_shorter_than_the_fixed_part_is_refused_with_both_numbers ... ok
test a_length_under_the_header_is_refused_even_when_the_caller_needs_nothing ... ok
test a_madt_entry_of_zero_length_halts_the_walk_instead_of_looping ... ok
test a_madt_entry_running_past_the_list_halts_the_walk ... ok
test a_madt_entry_too_short_for_its_own_type_is_not_decoded_as_that_type ... ok
test a_reset_register_this_kernel_cannot_write_is_refused_by_the_field_that_refused_it ... ok
test a_revision_1_fadt_long_enough_to_hold_x_dsdt_is_still_read_at_its_32_bit_field ... ok
test a_revision_that_promises_x_dsdt_over_a_table_that_cannot_hold_it_falls_back ... ok
test a_table_that_does_not_sum_to_zero_is_refused ... ok
test a_trailing_byte_that_cannot_be_an_entry_header_ends_the_walk_quietly ... ok
test a_two_byte_package_length_is_stepped_over ... ok
test an_rsdp_address_the_reader_cannot_reach_is_refused ... ok
test an_s5_package_past_the_declared_length_is_not_read ... ok
test an_s5_package_that_is_not_there_to_its_first_element_is_absent ... ok
test an_s5_value_wider_than_slp_typ_is_refused_with_it ... ok
test an_xsdt_entry_pointing_at_nothing_is_skipped_and_the_next_one_is_read ... ok
test a_fadt_that_ends_before_arm_boot_arch_is_short ... ok
test reset_fields_are_read_only_from_a_revision_that_defines_them ... ok
test s5s_first_element_is_read_whichever_constant_encodes_it ... ok
test the_psci_conduit_is_read_off_a_fadt_that_defines_it ... ok
test the_root_pointer_is_refused_one_reason_at_a_time ... ok
test the_shared_reader_refuses_what_it_does_not_hold ... ok
test two_edits_that_cancel_pass_the_checksum_and_decode_to_the_lie ... ok
test the_xsdt_walk_answers_with_its_first_match_and_tries_no_second ... ok
test no_single_byte_mutation_of_a_firmwares_descriptor_list_panics_or_runs_away ... ok
test no_single_byte_mutation_of_a_real_table_panics_or_runs_away ... ok

test result: ok. 32 passed; 0 failed; 0 ignored; 0 measured; 0 filtered out; finished in 3.73s

     Running tests/fixtures.rs (target/debug/deps/fixtures-ed68b24633a70b02)

running 12 tests
test a_second_firmwares_bytes_decode_to_that_machines_own_windows ... ok
test the_fadt_names_the_century_register_the_wall_clock_read ... ok
test the_dsdt_names_the_sleep_type_that_powers_qemu_off ... ok
test the_boot_architecture_flags_come_off_a_revision_that_defines_them ... ok
test the_fadt_names_the_reset_register_qemu_acts_on ... ok
test the_fadt_names_the_power_block_and_the_dsdt ... ok
test the_hpet_table_names_the_window_the_timer_driver_mapped ... ok
test the_madt_names_the_two_cpus_that_boot_and_the_chip_that_interrupts_them ... ok
test the_mcfg_names_the_ecam_window_the_pci_walk_used ... ok
test the_q35_fadt_predates_arm_boot_arch ... ok
test the_windows_a_boot_printed_are_what_that_firmwares_own_bytes_say ... ok
test the_xsdt_walk_reaches_every_entry ... ok

test result: ok. 12 passed; 0 failed; 0 ignored; 0 measured; 0 filtered out; finished in 0.00s

     Running tests/mapped.rs (target/debug/deps/mapped-f35f86f99cf50ca4)

running 3 tests
test a_table_past_the_direct_map_is_refused_before_a_byte_is_read ... ok
test an_xsdt_entry_past_the_direct_map_is_skipped ... ok
test address_zero_and_a_range_past_every_address_are_refused ... ok

test result: ok. 3 passed; 0 failed; 0 ignored; 0 measured; 0 filtered out; finished in 0.00s

     Running tests/resource.rs (target/debug/deps/resource-b8e8d3bda93ad2d9)

running 11 tests
test a_descriptor_this_decoder_does_not_read_is_refused_by_its_tag ... ok
test a_list_that_runs_off_the_end_of_what_can_be_read_is_refused ... ok
test a_maximum_that_is_not_the_minimum_plus_the_length_is_refused ... ok
test a_list_with_no_end_tag_stops_at_the_bound ... ok
test a_resource_type_this_decoder_does_not_read_is_refused_by_its_kind ... ok
test a_range_the_bridge_consumes_is_not_a_window_it_forwards ... ok
test a_short_descriptor_is_refused_rather_than_read_past ... ok
test a_translated_window_is_refused_rather_than_taken_at_its_minimum ... ok
test a_window_of_no_length_is_not_carried ... ok
test more_windows_than_there_is_room_for_is_refused_whole ... ok
test only_the_memory_ranges_of_a_root_bridge_become_windows ... ok

test result: ok. 11 passed; 0 failed; 0 ignored; 0 measured; 0 filtered out; finished in 0.00s

     Running unittests src/lib.rs (target/debug/deps/toyos_blackbox-527e27fa600d04a5)

running 33 tests
test fault_tests::a_fault_round_trips_word_for_word ... ok
test fault_tests::only_a_record_of_the_declared_width_decodes ... ok
test stamp_tests::a_record_belongs_to_the_stick_that_wrote_it ... ok
test fault_tests::a_fault_survives_the_page_it_is_sealed_into ... ok
test stamp_tests::a_records_date_cannot_be_changed_under_it ... ok
test tests::a_break_is_told_by_what_the_driver_says_and_by_who_said_it ... ok
test tests::a_cleared_page_is_not_harvested_twice ... ok
test stamp_tests::an_unstamped_page_reads_as_no_date ... ok
test tests::a_boot_with_no_break_says_so_in_one_line ... ok
test tests::a_length_past_the_page_is_refused ... ok
test tests::a_cut_report_says_how_many_records_it_dropped ... ok
test tests::a_page_nobody_wrote_carries_nothing ... ok
test tests::a_multi_line_record_is_never_entered_part_way ... ok
test tests::a_report_that_fits_carries_no_drop_line ... ok
test tests::a_ring_that_moved_between_the_walks_leaves_no_line_out_of_place ... ok
test tests::a_sealed_page_comes_back_as_what_went_in ... ok
test tests::an_account_cut_off_mid_line_is_readable_to_the_last_whole_line ... ok
test tests::a_window_with_no_boundary_keeps_none_of_it ... ok
test tests::an_armed_page_with_nothing_in_it_is_still_a_state ... ok
test tests::a_report_that_fills_the_page_still_leaves_the_account_its_room ... ok
test tests::every_line_is_covered_once_its_last_fragment_arrives ... ok
test tests::every_state_has_a_word_of_its_own ... ok
test tests::a_storm_keeps_the_first_break_and_counts_what_it_dropped ... ok
test tests::an_over_long_run_of_records_is_cut_at_a_boundary ... ok
test tests::no_state_can_be_read_as_another ... ok
test tests::one_flipped_bit_anywhere_refuses_the_whole_page ... ok
test tests::the_address_is_found_in_a_raw_parameter_buffer ... ok
test tests::the_driver_says_a_break_the_way_the_section_finds_one ... ok
test tests::the_head_is_kept_and_the_tail_fills_what_is_left ... ok
test tests::the_parameter_round_trips_the_address_it_names ... ok
test tests::the_section_is_the_usb_stacks_records_from_the_first_break_on_oldest_first ... ok
test tests::the_section_under_a_sealed_report_leaves_the_account_its_reserve ... ok
test tests::saying_what_was_dropped_never_runs_the_page_over ... ok

test result: ok. 33 passed; 0 failed; 0 ignored; 0 measured; 0 filtered out; finished in 0.01s

     Running unittests src/lib.rs (target/debug/deps/toyos_blockhold-840631db5acc92ee)

running 9 tests
test tests::a_block_has_one_holder ... ok
test tests::a_clean_release_leaves_nothing ... ok
test tests::a_loss_outlives_the_hold_that_wrote_it ... ok
test tests::a_holder_is_the_hold_of_exactly_that_span ... ok
test tests::a_write_after_the_loss_finds_it ... ok
test tests::a_writer_silent_since_the_loss_is_told_when_another_flushes_first ... ok
test tests::a_write_released_unflushed_is_lost_to_the_next_holder ... ok
test tests::writes_an_earlier_flush_made_durable_are_not_lost ... ok
test tests::every_interleaving_tells_each_loss_to_the_blocks_it_touched ... ok

test result: ok. 9 passed; 0 failed; 0 ignored; 0 measured; 0 filtered out; finished in 0.03s

     Running unittests src/lib.rs (target/debug/deps/toyos_blockring-8c590c564da6af43)

running 20 tests
test client::tests::a_lost_flush_reissues_then_asks_again ... ok
test client::tests::nothing_goes_out_before_a_session ... ok
test client::tests::a_write_given_up_poisons_every_later_flush ... ok
test client::tests::a_second_answer_for_one_tag_is_a_violation ... ok
test client::tests::what_was_on_the_wire_at_the_end_is_refused_and_what_was_not_waits ... ok
test entry::tests::a_request_outside_its_bounds_is_refused_by_tag ... ok
test entry::tests::a_completion_survives_its_words_and_refuses_what_it_does_not_define ... ok
test client::tests::overlapping_writes_go_out_again_in_order ... ok
test entry::tests::a_request_survives_its_words ... ok
test model::tests::a_used_page_reads_fresh_once_a_servers_ends_are_made_over_it ... ok
test model::tests::states_named_alike_act_alike ... ok
test model::tests::the_model_reaches_the_end_it_should ... ok
test server::tests::a_flush_after_a_loss_answers_lost_once ... ok
test server::tests::a_reset_answers_in_the_order_taken ... ok
test server::tests::a_reset_answers_once_and_the_late_device_answer_is_dropped ... ok
test server::tests::a_tag_in_flight_twice_is_refused_unissued ... ok
test wire::tests::opened_and_refusal_survive_their_bytes_and_nothing_else_decodes ... ok
test model::tests::the_model_reaches_a_write_given_up ... ok
test model::tests::every_request_is_answered_exactly_once ... ok
test model::tests::what_a_flush_calls_durable_is_on_the_medium ... ok

test result: ok. 20 passed; 0 failed; 0 ignored; 0 measured; 0 filtered out; finished in 14.49s

     Running unittests src/lib.rs (target/debug/deps/toyos_bootmap-b94bd5256013d1bf)

running 0 tests

test result: ok. 0 passed; 0 failed; 0 ignored; 0 measured; 0 filtered out; finished in 0.00s

     Running tests/aarch64_direct_map.rs (target/debug/deps/aarch64_direct_map-b6066845cc252c6c)

running 9 tests
test a_map_with_no_memory_ends_at_zero ... ok
test a_reserved_page_inside_ram_is_left_out_of_its_block ... ok
test a_start_off_a_page_is_refused ... ok
test a_page_wholly_memory_is_one_block ... ok
test an_end_below_its_start_is_refused ... ok
test memory_is_mapped_and_a_register_is_not ... ok
test off_a_page_is_refused ... ok
test past_the_window_is_refused ... ok
test runtime_services_data_is_left_out_and_acpi_tables_are_not ... ok

test result: ok. 9 passed; 0 failed; 0 ignored; 0 measured; 0 filtered out; finished in 0.00s

     Running tests/direct_map.rs (target/debug/deps/direct_map-4c1820ce0f02676f)

running 11 tests
test a_range_past_the_window_that_is_not_memory_is_not_refused ... ok
test an_unsorted_map_is_read_whole ... ok
test acpi_tables_above_the_last_ram_are_mapped ... ok
test every_type_the_pmm_hands_out_is_mapped ... ok
test an_empty_map_is_the_boot_map ... ok
test memory_above_4_gib_is_mapped_to_its_end_in_whole_pages ... ok
test memory_past_the_window_is_refused_by_name ... ok
test no_other_type_reaches_past_the_boot_map ... ok
test the_pmm_hands_out_exactly_the_types_uefi_gives_the_os ... ok
test the_captured_map_is_usable_where_its_boot_said ... ok
test the_reserved_hole_below_1_tib_is_not_mapped ... ok

test result: ok. 11 passed; 0 failed; 0 ignored; 0 measured; 0 filtered out; finished in 0.00s

     Running tests/plan.rs (target/debug/deps/plan-d32f4208432e89e8)

running 22 tests
test a_base_off_the_page_is_refused_rather_than_rounded_down ... ok
test a_framebuffer_inside_the_low_map_adds_no_directory ... ok
test a_framebuffer_above_the_low_map_adds_its_own_directory ... ok
test a_framebuffer_that_straddles_the_low_maps_end_is_mapped_from_both_arms ... ok
test a_framebuffer_at_the_boundary_is_outside_the_low_map ... ok
test a_framebuffer_that_straddles_a_gib_claims_both ... ok
test a_loader_inside_the_low_map_adds_nothing ... ok
test a_loader_across_a_page_is_both_pages ... ok
test a_loader_beside_the_scanout_shares_its_directory ... ok
test a_loader_above_the_low_map_adds_its_own_directory_of_plain_memory ... ok
test a_machine_with_no_framebuffer_is_the_low_map_and_nothing_else ... ok
test a_map_typed_loader_is_memory ... ok
test a_map_typed_scanout_off_a_small_page_is_refused ... ok
test a_page_that_is_part_memory_is_refused_by_address ... ok
test a_range_no_map_can_hold_is_refused_by_name ... ok
test a_map_typed_plan_is_memory_where_firmware_says_write_back_and_a_device_elsewhere ... ok
test the_aarch64_descriptors_carry_the_attribute_index_the_mair_names ... ok
test the_high_half_slot_is_the_top_nine_bits_of_phys_offset ... ok
test uncacheable_is_pat_entry_three_and_plain_memory_is_entry_zero ... ok
test a_scanout_inside_memory_is_typed_as_the_scanout ... ok
test a_scanout_carved_out_of_ram_splits_the_pages_it_shares ... ok
test a_loader_no_map_can_hold_is_refused_by_name ... ok

test result: ok. 22 passed; 0 failed; 0 ignored; 0 measured; 0 filtered out; finished in 0.01s

     Running unittests src/lib.rs (target/debug/deps/toyos_cpuvuln-8882945f289f6e76)

running 63 tests
test counters::tests::an_amd_with_leaf_6_has_aperf_and_mperf_and_no_smi_count ... ok
test counters::tests::a_guest_counts_no_smis ... ok
test counters::tests::an_intel_model_off_the_list_counts_no_smis ... ok
test counters::tests::the_tcg_model_has_none ... ok
test hwp::tests::a_cpu_outside_family_6_is_refused_by_name ... ok
test hwp::tests::the_request_is_the_minimum_ratio_the_highest_level_and_the_preference ... ok
test counters::tests::the_t14_has_what_linux_counted_on_it ... ok
test hwp::tests::the_tcg_model_is_refused ... ok
test hwp::tests::a_missing_register_refuses_the_whole_request_by_name ... ok
test tests::a_blacklist_row_for_stepping_zero_stands_before_its_any_stepping_row ... ok
test tests::a_bad_microcode_row_is_its_model_and_its_stepping ... ok
test tests::a_blacklist_row_matches_only_its_steppings ... ok
test hwp::tests::the_t14_is_declared_with_its_notification ... ok
test tests::a_comet_lake_guest_cannot_know_its_hosts_smt ... ok
test tests::a_guest_cannot_know_its_gds_mitigation ... ok
test tests::a_guest_with_verw_clear_mitigates_tsa ... ok
test tests::a_milan_kvm_guest_gives_the_tags_lines ... ok
test tests::a_retpoline_guest_leaves_bhi_to_retpolines_only_with_rrsba_disabled ... ok
test tests::a_retpoline_guest_without_rrsba_leaves_bhi_to_retpolines ... ok
test tests::a_tsa_row_keyed_by_a_model_nibble_of_8_or_more_is_read ... ok
test tests::a_turin_kvm_guest_gives_the_tags_lines ... ok
test tests::a_zen2_guest_has_no_ibpb_brtype ... ok
test tests::alder_lake_mitigates_bhi_in_hardware ... ok
test tests::amd_0x15_to_0x17_take_ssbd_from_the_ls_cfg_probe ... ok
test tests::amd_stibp_always_on_is_strict_without_the_untrained_return_thunk ... ok
test tests::an_intel_guest_cannot_know_its_mitigations_or_its_hosts_smt ... ok
test tests::an_msbds_only_cpu_reports_its_smt_as_mitigated ... ok
test tests::an_unknown_vendors_retbleed_is_unmitigated ... ok
test tests::autoibrs_leaves_stibp_to_select ... ok
test tests::bad_microcode_drops_the_controls_only_beside_one_of_them ... ok
test tests::bad_microcode_is_intel_family_6s ... ok
test tests::centaur_family_5_has_only_itlb_multihit ... ok
test tests::comet_lake_clears_cpu_buffers_by_mds_no_and_fb_clear ... ok
test tests::comet_lake_varies_one_fact_at_a_time ... ok
test tests::family_and_model_are_derived_as_arch_x86_lib_derives_them ... ok
test tests::firmware_can_lock_the_gds_mitigation ... ok
test tests::hygon_decides_as_linux_does ... ok
test tests::hygon_without_smt_and_with_ibpb_brtype_has_srso_smt_disabled ... ok
test tests::itlb_multihit_reads_what_feat_ctl_left_of_vmx ... ok
test tests::only_amd_and_hygon_are_probed ... ok
test tests::rfds_is_cleared_only_with_rfds_clear ... ok
test tests::rtm_absent_from_cpuid_is_rtm_off ... ok
test tests::rtm_always_abort_decides_tsx_first ... ok
test tests::spectre_bad_microcode_includes_its_bound ... ok
test tests::srbds_is_tsx_disabled_only_without_rtm_and_mmio ... ok
test tests::srso_user_kernel_no_mitigates_only_the_vm_exit ... ok
test tests::the_first_matching_blacklist_row_decides ... ok
test tests::the_t14_with_arch_capabilities_read_as_zero ... ok
test tests::the_t14s_facts_are_linuxs_reading_of_it ... ok
test tests::the_t14s_facts_give_its_lines_and_its_spec_ctrl ... ok
test tests::the_t14s_no_bits_each_rule_out_their_bug ... ok
test tests::the_tcg_models_signature_gives_its_lines ... ok
test tests::tsa_is_ruled_out_only_by_both_its_no_bits ... ok
test tests::zen1_by_btc_no_ssb_no_and_ibpb ... ok
test tests::zen1_forces_stibp_from_the_untrained_return_thunk ... ok
test tests::zen2_selects_by_smt ... ok
test tests::zen3_by_srso_no_and_an_enumerated_ibpb_brtype ... ok
test tests::zen3_native_reads_its_probe_and_its_tsa_microcode ... ok
test tests::zen4_reads_its_row_of_the_tsa_microcode_table ... ok
test tests::zhaoxin_without_spectre_v2_sets_up_no_ibpb ... ok
test tests::a_hygon_cpu_without_its_ls_cfg_probe_is_a_contradiction - should panic ... ok
test tests::a_native_zen3_without_its_probe_is_a_contradiction - should panic ... ok
test tests::an_amd_cpu_with_feat_ctl_is_a_contradiction - should panic ... ok

test result: ok. 63 passed; 0 failed; 0 ignored; 0 measured; 0 filtered out; finished in 0.08s

     Running unittests src/lib.rs (target/debug/deps/toyos_dhcp-96e5f33c7777e309)

running 0 tests

test result: ok. 0 passed; 0 failed; 0 ignored; 0 measured; 0 filtered out; finished in 0.00s

     Running tests/ack.rs (target/debug/deps/ack-4cce898aa4d9b21e)

running 8 tests
test s_dhcp_dh_011_an_ack_is_probed_first ... ok
test s_dhcp_dh_014_every_decline_waits_ten_seconds ... ok
test s_dhcp_dh_012_verified_configures ... ok
test s_dhcp_dh_013_a_conflict_declines ... ok
test s_dhcp_dh_015_rapid_commit ... ok
test s_dhcp_dh_016_an_ack_without_rapid_commit_while_selecting ... ok
test s_dhcp_dh_017_a_rapid_ack_answers_a_request_too ... ok
test s_dhcp_dh_018_the_lease_runs_from_the_first_request ... ok

test result: ok. 8 passed; 0 failed; 0 ignored; 0 measured; 0 filtered out; finished in 0.00s

     Running tests/lease.rs (target/debug/deps/lease-c2f2b8e11f561a0e)

running 19 tests
test s_dhcp_dh_020_renew_rebind_expire ... ok
test s_dhcp_dh_022_extended ... ok
test s_dhcp_dh_021_t2_alone_means_rebinding_at_t1 ... ok
test s_dhcp_dh_019_the_first_renew ... ok
test s_dhcp_dh_023_reconfigured ... ok
test s_dhcp_dh_024_an_ack_for_another_address ... ok
test s_dhcp_dh_025_an_ack_from_another_server ... ok
test s_dhcp_dh_026_rebinding_takes_any_server ... ok
test s_dhcp_dh_029_a_nak_while_requesting ... ok
test s_dhcp_dh_028_a_nak_from_another_server ... ok
test s_dhcp_dh_030_a_nak_loop_is_slowed ... ok
test s_dhcp_dh_027_a_nak_while_renewing ... ok
test s_dhcp_dh_031_a_late_timer_rebinds_once ... ok
test s_dhcp_dh_032_a_later_timer_expires ... ok
test s_dhcp_dh_034_an_infinite_lease ... ok
test s_dhcp_dh_033_timer_options ... ok
test s_dhcp_dh_035_a_ten_second_lease ... ok
test s_dhcp_dh_036_a_lease_that_expired_while_probed ... ok
test s_dhcp_dh_037_each_renewal_has_its_own_xid ... ok

test result: ok. 19 passed; 0 failed; 0 ignored; 0 measured; 0 filtered out; finished in 0.00s

     Running tests/link.rs (target/debug/deps/link-d1e94b6e9211ab16)

running 10 tests
test s_dhcp_dh_064_link_up_with_a_lease ... ok
test s_dhcp_dh_065_the_reboot_is_acknowledged ... ok
test s_dhcp_dh_067_an_unanswered_reboot_keeps_the_lease ... ok
test s_dhcp_dh_066_the_reboot_is_refused ... ok
test s_dhcp_dh_068_the_lease_expires_while_rebooting ... ok
test s_dhcp_dh_069_a_reboot_ack_for_another_address ... ok
test s_dhcp_dh_070_link_up_while_selecting ... ok
test s_dhcp_dh_071_link_up_while_probing ... ok
test s_dhcp_dh_076_the_link_went_down_while_probing ... ok
test s_dhcp_dh_072_an_address_lost_in_use ... ok

test result: ok. 10 passed; 0 failed; 0 ignored; 0 measured; 0 filtered out; finished in 0.00s

     Running tests/parse.rs (target/debug/deps/parse-5fd4bfd8f517a680)

running 26 tests
test s_dhcp_dh_040_the_hardware_type ... ok
test s_dhcp_dh_041_another_clients_reply ... ok
test s_dhcp_dh_039_not_a_reply ... ok
test s_dhcp_dh_042_another_transaction ... ok
test s_dhcp_dh_043_bootp_is_refused ... ok
test s_dhcp_dh_044_past_end_and_padding ... ok
test s_dhcp_dh_045_an_option_past_its_field ... ok
test s_dhcp_dh_046_no_end ... ok
test s_dhcp_dh_047_a_repeated_message_type ... ok
test s_dhcp_dh_048_option_lengths ... ok
test s_dhcp_dh_049_split_options_are_joined ... ok
test s_dhcp_dh_050_an_overloaded_file_field ... ok
test s_dhcp_dh_051_overload_misused ... ok
test s_dhcp_dh_038_truncated ... ok
test s_dhcp_dh_052_message_types ... ok
test s_dhcp_dh_054_the_server_identifier ... ok
test s_dhcp_dh_053_a_foreign_client_identifier ... ok
test s_dhcp_dh_055_yiaddr_must_be_a_host ... ok
test s_dhcp_dh_056_the_lease_time ... ok
test s_dhcp_dh_057_the_mask ... ok
test s_dhcp_dh_058_network_and_broadcast_yiaddr ... ok
test s_dhcp_dh_059_the_first_usable_router ... ok
test s_dhcp_dh_060_at_most_three_resolvers ... ok
test s_dhcp_dh_061_identity_while_requesting ... ok
test s_dhcp_dh_062_offers_nobody_asked_for ... ok
test s_dhcp_dh_063_a_refused_offer_then_another ... ok

test result: ok. 26 passed; 0 failed; 0 ignored; 0 measured; 0 filtered out; finished in 0.00s

     Running tests/props.rs (target/debug/deps/props-1893df30a05cd8ee)

running 2 tests
test s_dhcp_dh_074_prop_every_message_is_built_one_way ... ok
test s_dhcp_dh_073_prop_invariants ... ok

test result: ok. 2 passed; 0 failed; 0 ignored; 0 measured; 0 filtered out; finished in 0.02s

     Running tests/stack.rs (target/debug/deps/stack-bf2c67b47428cdd0)

running 2 tests
test s_dhcp_dh_075_the_acquisition_exception_ends_with_an_address ... ok
test s_dhcp_dh_007_either_framing_of_the_offer ... ok

test result: ok. 2 passed; 0 failed; 0 ignored; 0 measured; 0 filtered out; finished in 0.00s

     Running tests/tx.rs (target/debug/deps/tx-ba5f851a87b18ca7)

running 9 tests
test s_dhcp_dh_004_jitter_offsets ... ok
test s_dhcp_dh_003_the_discover_schedule ... ok
test s_dhcp_dh_001_the_first_discover ... ok
test s_dhcp_dh_005_secs_saturates ... ok
test s_dhcp_dh_008_the_request_repeats_the_discovers_secs ... ok
test s_dhcp_dh_002_the_host_name ... ok
test s_dhcp_dh_009_four_requests_then_start_over ... ok
test s_dhcp_dh_006_the_request ... ok
test s_dhcp_dh_010_a_slow_offer_still_counts ... ok

test result: ok. 9 passed; 0 failed; 0 ignored; 0 measured; 0 filtered out; finished in 0.00s

     Running unittests src/lib.rs (target/debug/deps/toyos_dma-9f3233916be4f964)

running 17 tests
test tests::a_refusal_names_its_numbers ... ok
test tests::a_natural_offset_from_a_natural_base_is_aligned ... ok
test tests::a_refused_register_names_its_numbers ... ok
test tests::an_access_of_no_width_is_refused ... ok
test tests::a_zero_length_access_lands_at_the_end_and_no_further ... ok
test tests::a_u32_at_size_minus_four_is_allowed ... ok
test tests::a_u32_at_size_minus_one_is_refused ... ok
test tests::an_access_that_straddles_two_registers_is_refused ... ok
test tests::an_empty_region_admits_only_an_empty_access ... ok
test tests::an_empty_window_admits_no_register ... ok
test tests::an_offset_inside_the_region_does_not_make_the_access_inside_it ... ok
test tests::an_offset_plus_length_that_wraps_is_refused ... ok
test tests::an_offset_that_wraps_its_own_width_is_refused ... ok
test tests::an_unaligned_volatile_access_is_refused ... ok
test tests::the_base_is_part_of_the_question ... ok
test tests::the_last_whole_register_is_inside_the_window ... ok
test tests::the_whole_region_is_inside_itself ... ok

test result: ok. 17 passed; 0 failed; 0 ignored; 0 measured; 0 filtered out; finished in 0.00s

     Running unittests src/lib.rs (target/debug/deps/toyos_dns-83145acdd147116b)

running 43 tests
test tests::a_lookup_with_no_server_does_not_start ... ok
test tests::a_chain_exactly_at_the_bound_is_followed ... ok
test tests::a_loop_of_aliases_ends_at_the_bound ... ok
test tests::a_lookup_whose_every_server_failed_says_how ... ok
test tests::a_real_reply_with_two_addresses_gives_both_in_order ... ok
test tests::a_late_answer_to_an_earlier_query_still_ends_the_lookup ... ok
test tests::a_server_failure_asks_the_next_server_at_once ... ok
test tests::a_truncated_reply_ends_the_lookup_by_name ... ok
test tests::a_server_failure_before_an_alias_is_not_the_aliases_failure ... ok
test tests::aliases_are_counted_across_the_names_a_lookup_asks ... ok
test tests::every_prefix_of_a_real_reply_is_dropped_or_reads_as_the_whole ... ok
test tests::every_pair_of_bytes_in_the_header_and_question_is_read_soundly ... ok
test tests::records_of_another_class_or_type_are_passed_over ... ok
test tests::rfc1034_3_6_2_a_chain_is_followed_in_any_order ... ok
test tests::rfc1034_3_6_2_a_real_chain_of_aliases_is_followed_to_its_address ... ok
test tests::rfc1034_5_3_3_a_chain_that_ends_without_an_address_is_asked_again_at_its_end ... ok
test tests::rfc1035_2_3_4_a_label_is_63_bytes_and_a_name_255 ... ok
test tests::rfc1035_2_3_4_a_name_built_past_255_bytes_by_pointers_is_refused ... ok
test tests::rfc1035_2_3_4_an_owner_of_255_bytes_is_read_and_one_of_256_is_refused ... ok
test tests::rfc1035_3_3_1_an_alias_record_is_one_name ... ok
test tests::rfc1035_3_4_1_an_address_record_is_four_bytes ... ok
test tests::rfc1035_4_1_1_a_query_is_one_header_and_one_question_for_a_in_in ... ok
test tests::rfc1035_4_1_1_a_query_or_another_opcode_is_no_reply ... ok
test tests::rfc1035_4_1_1_every_rcode_is_named ... ok
test tests::rfc1035_4_1_3_a_record_or_a_count_past_the_end_is_malformed ... ok
test tests::rfc1035_4_1_4_a_pointer_that_does_not_point_back_is_refused ... ok
test tests::rfc1035_4_1_4_a_pointer_to_a_prior_name_is_read ... ok
test tests::rfc1035_4_1_4_the_two_reserved_label_types_are_refused ... ok
test tests::rfc1035_4_2_1_every_server_is_asked_before_any_again_and_the_lookup_ends_after_its_rounds ... ok
test tests::rfc1035_5_1_a_name_off_the_wire_is_written_with_every_odd_byte_escaped ... ok
test tests::rfc1123_2_1_a_name_is_letters_digits_hyphens_and_nothing_else ... ok
test tests::rfc2181_10_1_two_aliases_for_one_name_are_malformed ... ok
test tests::rfc2181_5_4_1_an_address_for_a_name_not_asked_is_not_read ... ok
test tests::rfc2181_9_a_truncated_reply_is_refused_whatever_it_carries ... ok
test tests::rfc2308_2_2_a_name_with_no_address_is_an_empty_answer ... ok
test tests::rfc2308_nxdomain_and_nodata_end_the_lookup_apart ... ok
test tests::rfc4343_names_compare_without_regard_to_case ... ok
test tests::rfc5452_9_1_a_reply_is_read_only_for_its_id_and_its_question ... ok
test tests::rfc5452_9_1_only_the_asked_server_port_and_id_are_read ... ok
test tests::rfc6761_6_4_a_real_invalid_name_does_not_exist ... ok
test tests::random_bytes_are_never_an_answer_to_an_id_they_do_not_carry ... ok
test tests::every_byte_of_a_real_reply_set_to_every_value_is_read_soundly ... ok
test tests::random_answer_sections_behind_a_valid_question_are_read_soundly ... ok

test result: ok. 43 passed; 0 failed; 0 ignored; 0 measured; 0 filtered out; finished in 0.47s

     Running unittests src/lib.rs (target/debug/deps/toyos_elf-c787f580417ec3ee)

running 0 tests

test result: ok. 0 passed; 0 failed; 0 ignored; 0 measured; 0 filtered out; finished in 0.00s

     Running tests/crafted.rs (target/debug/deps/crafted-45b36839c8774ecd)

running 31 tests
test a_file_extent_that_overflows_is_refused ... ok
test a_file_with_no_load_segment_is_refused ... ok
test a_program_header_count_past_the_buffer_is_refused ... ok
test a_header_naming_a_vaddr_outside_the_image_is_refused_by_name ... ok
test a_header_one_byte_short_is_too_small ... ok
test a_program_header_offset_that_overflows_is_refused ... ok
test a_program_header_offset_inside_the_file_header_is_refused_by_name ... ok
test a_program_header_size_that_is_not_56_is_refused ... ok
test a_section_table_the_loader_cannot_index_is_dropped_not_refused ... ok
test a_segment_extent_that_overflows_is_refused ... ok
test a_vaddr_below_every_segment_has_no_file_offset ... ok
test a_zero_size_tls_segment_is_present_not_absent ... ok
test a_table_no_segment_holds_whole_is_absent ... ok
test an_empty_file_is_too_small ... ok
test an_entry_point_outside_the_image_is_refused ... ok
test an_extrapolated_file_offset_that_overflows_has_no_answer ... ok
test class_endianness_version_type_and_machine_are_each_refused_by_name ... ok
test filesz_above_memsz_is_refused_for_load_and_for_tls ... ok
test an_image_for_the_other_machine_is_refused_and_one_for_this_machine_is_not ... ok
test no_program_headers_is_refused ... ok
test only_a_tls_segment_with_bytes_is_occupied ... ok
test segment_flags_survive_the_parse ... ok
test segments_that_share_a_page_are_an_overlap ... ok
test the_file_bytes_behind_a_vaddr_are_the_containing_segments ... ok
test the_load_segment_count_is_bounded_and_the_bound_is_generous ... ok
test the_magic_is_checked ... ok
test the_program_header_table_is_where_its_segment_places_it ... ok
test the_stack_after_an_image_is_aligned_wherever_the_image_ends ... ok
test the_writable_window_spans_every_writable_segment ... ok
test tls_alignment_is_a_power_of_two_within_a_page_or_it_is_refused ... ok
test tls_bss_may_extend_past_the_image ... ok

test result: ok. 31 passed; 0 failed; 0 ignored; 0 measured; 0 filtered out; finished in 0.00s

     Running tests/fuzz.rs (target/debug/deps/fuzz-409f4b0cf88b88c1)

running 2 tests
test no_note_segment_panics_the_build_id_read ... ok
test every_derived_address_lies_inside_the_image_or_the_image_is_refused ... ok

test result: ok. 2 passed; 0 failed; 0 ignored; 0 measured; 0 filtered out; finished in 1.77s

     Running tests/note.rs (target/debug/deps/note-37b0e5e5d03e112d)

running 13 tests
test a_build_id_of_the_wrong_type_is_none ... ok
test a_descriptor_of_0_or_past_32_bytes_is_no_build_id ... ok
test a_build_id_under_another_name_is_none ... ok
test a_lone_build_id_is_read ... ok
test a_header_with_no_readable_table_lists_no_note ... ok
test an_eight_aligned_segment_pads_to_eight ... ok
test every_pt_note_is_listed_wherever_its_bytes_are ... ok
test no_build_id_note_names_none ... ok
test a_note_running_past_its_segment_names_none ... ok
test the_build_id_after_an_unpadded_name_is_found ... ok
test an_alignment_no_note_section_has_names_none ... ok
test the_constant_is_the_gabis ... ok
test the_first_of_two_build_ids_is_the_answer ... ok

test result: ok. 13 passed; 0 failed; 0 ignored; 0 measured; 0 filtered out; finished in 0.00s

     Running tests/real.rs (target/debug/deps/real-9d85a0f147a18e41)

running 2 tests
test a_linked_binary_parses_to_what_readelf_says ... ok
test an_lld_binarys_build_id_is_what_object_and_readelf_read ... ok

test result: ok. 2 passed; 0 failed; 0 ignored; 0 measured; 0 filtered out; finished in 0.00s

     Running tests/tables.rs (target/debug/deps/tables-8ffa5dfcd19764f5)

running 42 tests
test a_bucket_below_the_symbol_offset_is_the_symbol_offset ... ok
test a_chain_naming_a_symbol_the_table_does_not_hold_resolves_to_nothing ... ok
test a_chain_index_below_the_symbol_offset_ends_the_lookup ... ok
test a_chain_that_never_terminates_yields_no_symbol_count ... ok
test a_bucket_pointing_past_the_chain_array_yields_no_symbol_count ... ok
test a_consistent_table_finds_its_symbol_and_counts_it ... ok
test a_dynamic_table_with_no_null_terminator_stops_at_the_buffer ... ok
test a_hash_header_that_cannot_be_used_is_refused ... ok
test a_name_offset_past_the_string_table_is_empty ... ok
test a_name_that_is_not_utf8_matches_nothing ... ok
test a_read_table_inside_the_write_window_is_refused_by_name ... ok
test a_read_table_on_a_page_of_the_write_window_is_refused ... ok
test a_relocation_crossing_a_fill_page_is_refused_only_for_a_chunked_writer ... ok
test a_relocation_form_a_rela_loader_would_not_apply_is_refused ... ok
test a_symbol_index_at_the_edge_of_the_bytes_reads_nothing ... ok
test a_symbol_index_is_bounded_by_the_whole_entries_of_its_table ... ok
test a_symbol_index_past_the_table_is_refused_except_for_relative ... ok
test a_symbol_section_whose_link_names_nothing_is_no_symbol_section ... ok
test a_symbol_table_that_cannot_be_read_names_nothing ... ok
test a_symbol_with_no_size_owns_everything_above_it ... ok
test a_table_needs_both_of_its_tags_and_a_non_zero_size ... ok
test a_tag_is_absent_or_present_never_zero_meaning_absent ... ok
test a_trailing_partial_relocation_is_not_a_relocation ... ok
test a_truncated_section_table_names_the_sections_it_covers ... ok
test an_aarch64_tls_descriptor_is_refused_by_name ... ok
test an_address_resolves_to_the_function_that_contains_it ... ok
test an_alias_pair_resolves_to_the_one_that_carries_a_size ... ok
test an_empty_symbol_table_answers_every_question_with_nothing ... ok
test an_executable_s_reservation_is_had_only_through_its_refusals ... ok
test an_unterminated_name_is_the_rest_of_the_string_table ... ok
test counts_are_per_kind_over_every_table ... ok
test data_symbols_and_zero_valued_ones_name_no_frame ... ok
test dladdr_names_the_symbol_glibc_names ... ok
test each_machine_reads_its_own_relocation_numbers ... ok
test every_written_type_is_validated_and_no_other_is ... ok
test everything_after_dt_null_is_ignored ... ok
test lookups_skip_undefined_symbols_and_the_null_entry ... ok
test one_byte_past_a_sized_symbol_is_not_that_symbol ... ok
test rela_dyn_is_found_by_shape_and_only_by_shape ... ok
test relocation_types_map_to_the_width_the_writers_use ... ok
test the_symbol_count_is_the_hash_tables_or_the_gap ... ok
test validation_refuses_a_write_outside_the_window_by_name ... ok

test result: ok. 42 passed; 0 failed; 0 ignored; 0 measured; 0 filtered out; finished in 0.00s

     Running tests/tls.rs (target/debug/deps/tls-1616a9f56759c948)

running 11 tests
test a_module_lands_on_its_own_declared_alignment ... ok
test an_alignment_that_is_not_a_power_of_two_has_no_plan ... ok
test a_size_no_allocation_can_hold_has_no_plan ... ok
test a_tpoff_no_segment_or_word_holds_is_refused ... ok
test each_machine_has_its_own_variant ... ok
test modules_are_placed_in_order_with_the_first_at_zero ... ok
test the_dtv_is_never_overwritten_by_tls_data ... ok
test the_executables_extent_is_its_size_rounded_to_its_alignment ... ok
test tpoff_carries_the_addend ... ok
test variant_i_agrees_with_what_lld_linked ... ok
test variant_i_puts_the_first_module_where_its_linker_put_it ... ok

test result: ok. 11 passed; 0 failed; 0 ignored; 0 measured; 0 filtered out; finished in 0.00s

     Running unittests src/lib.rs (target/debug/deps/toyos_elide-5b6dd992b095d2f8)

running 12 tests
test tests::a_head_cut_inside_a_character_stops_before_it ... ok
test limit::tests::a_storm_is_said_to_its_burst_counted_after_and_reported_once ... ok
test tests::a_tail_wider_than_the_value_keeps_all_of_it ... ok
test limit::tests::a_quiet_site_is_never_limited ... ok
test tests::a_value_that_fits_is_untouched ... ok
test tests::both_ends_survive_and_the_count_is_exact ... ok
test tests::a_tail_cut_inside_a_character_drops_its_remainder ... ok
test tests::one_byte_past_what_is_kept_elides ... ok
test tests::no_length_and_no_width_produces_invalid_utf8 ... ok
test tests::nothing_renders_wider_than_widest ... ok
test limit::tests::racing_sites_count_exactly ... ok
test tests::the_chunking_a_value_arrives_in_does_not_change_it ... ok

test result: ok. 12 passed; 0 failed; 0 ignored; 0 measured; 0 filtered out; finished in 0.00s

     Running unittests src/lib.rs (target/debug/deps/toyos_fat32-379d61b846d35a80)

running 18 tests
test dir::tests::a_write_time_keeps_the_even_second ... ok
test name::tests::candidates_are_distinct_and_well_formed ... ok
test name::tests::basis_truncates_and_uppercases ... ok
test name::tests::anything_else_needs_one ... ok
test name::tests::checksum_rotates_and_is_not_constant ... ok
test name::tests::exact_multiple_of_thirteen_has_no_terminator ... ok
test name::tests::groups_pad_with_terminator_then_filler ... ok
test name::tests::lone_surrogates_decode_to_a_name_rather_than_failing ... ok
test name::tests::long_name_comparison_is_ascii_case_insensitive ... ok
test name::tests::plain_uppercase_names_need_no_long_entry ... ok
test name::tests::rejects_names_past_the_format_limit ... ok
test name::tests::rejects_what_fat_cannot_store ... ok
test time::tests::clamps_instead_of_wrapping ... ok
test name::tests::hash_tails_differ_between_long_names ... ok
test time::tests::seconds_round_down_to_two ... ok
test time::tests::zero_entry_has_a_time ... ok
test time::tests::every_representable_day_round_trips ... ok
test time::tests::every_bit_pattern_decodes ... ok

test result: ok. 18 passed; 0 failed; 0 ignored; 0 measured; 0 filtered out; finished in 0.00s

     Running tests/host_read.rs (target/debug/deps/host_read-d50a197e5d02f868)

running 10 tests
test a_four_kib_cluster_volume_reads_the_same ... ok
test lookup_ignores_case ... ok
test extents_cover_the_file_and_point_at_its_bytes ... ok
test every_file_reads_back_byte_for_byte ... ok
test lowercase_short_names_survive ... ok
test missing_paths_are_not_found_rather_than_anything_else ... ok
test the_volume_label_is_not_a_file ... ok
test walk_sees_exactly_what_the_host_wrote ... ok
test subdirectories_list_independently ... ok
test reads_land_correctly_at_every_offset_and_length ... ok

test result: ok. 10 passed; 0 failed; 0 ignored; 0 measured; 0 filtered out; finished in 0.01s

     Running tests/host_write.rs (target/debug/deps/host_write-91ed823b1e3d6768)

running 21 tests
test a_directory_grows_into_further_clusters ... ok
test a_chain_that_outran_its_entry_is_reconciled ... ok
test a_chain_no_entry_reaches_is_reconciled ... ok
test a_log_file_written_a_line_at_a_time ... ok
test appending_extends_the_chain ... ok
test colliding_short_names_stay_unique ... ok
test creating_an_existing_name_in_another_case_is_refused ... ok
test empty_directories_are_removable_and_full_ones_are_not ... ok
test every_fat_copy_stays_in_step ... ok
test deleted_clusters_come_back ... ok
test files_crossing_cluster_boundaries_are_intact ... ok
test our_own_reader_agrees_with_the_host_on_our_own_volume ... ok
test rename_moves_a_file_between_directories ... ok
test same_entry_is_case_insensitive_identity ... ok
test rename_repoints_a_moved_directorys_parent ... ok
test sparse_writes_zero_the_gap ... ok
test a_full_volume_refuses_cleanly ... ok
test the_host_accepts_a_volume_we_populated ... ok
test the_host_sees_the_timestamp_we_stamped ... ok
test truncation_releases_clusters_and_the_host_agrees ... ok
test four_kib_clusters_write_correctly ... ok

test result: ok. 21 passed; 0 failed; 0 ignored; 0 measured; 0 filtered out; finished in 1.55s

     Running tests/hostile.rs (target/debug/deps/hostile-61d6200bb27ab632)

running 33 tests
test a_bad_signature_is_not_a_volume ... ok
test a_crafted_entry_can_still_be_deleted ... ok
test a_crafted_zero_size_entry_cannot_write_outside_the_volume ... ok
test a_chain_link_outside_the_volume_is_refused ... ok
test a_cluster_that_links_to_itself_is_refused ... ok
test a_directory_entry_pointing_outside_the_volume_is_refused ... ok
test a_device_that_fails_mid_read_reports_it ... ok
test a_fat_too_small_for_its_clusters_is_refused ... ok
test a_directory_tree_cycle_terminates ... ok
test a_long_name_with_a_wrong_checksum_falls_back_to_the_short_one ... ok
test a_longer_cycle_is_bounded_rather_than_endless ... ok
test a_stale_handle_is_refused ... ok
test a_stale_handle_over_a_reused_empty_slot_is_refused ... ok
test a_refused_flush_is_io ... ok
test a_cyclic_directory_chain_terminates ... ok
test a_write_through_a_dead_handle_allocates_nothing ... ok
test a_volume_too_small_for_fat32_is_refused ... ok
test a_volume_larger_than_its_device_is_truncated ... ok
test every_illegal_bpb_field_is_refused ... ok
test impossible_names_are_refused_not_mangled ... ok
test lone_surrogates_in_a_long_name_produce_a_name ... ok
test nonsense_long_name_ordinals_do_not_break_the_scan ... ok
test a_directory_longer_than_the_entry_bound_is_refused ... ok
test an_empty_file_is_not_a_corrupt_directory ... ok
test removing_a_cyclic_chain_never_leaves_an_entry_naming_free_clusters ... ok
test the_caller_limit_is_the_named_directorys_and_not_the_volumes ... ok
test the_caller_limit_refuses_rather_than_truncates ... ok
test the_corpus_is_a_volume_we_can_read ... ok
test truncating_a_cyclic_chain_does_not_free_the_clusters_it_keeps ... ok
test writes_past_the_format_limit_are_refused ... ok
test random_damage_to_directory_entries_never_panics ... ok
test random_damage_to_the_metadata_never_panics ... ok
test every_boot_sector_byte_can_be_anything ... ok

test result: ok. 33 passed; 0 failed; 0 ignored; 0 measured; 0 filtered out; finished in 1.72s

     Running tests/refused_writes.rs (target/debug/deps/refused_writes-3f48cd6c2e54d49f)

running 20 tests
test a_remove_reports_a_corrupt_chain_under_the_name_it_erased ... ok
test a_remove_whose_free_the_device_fails_answers_ok_and_the_next_call_the_failure ... ok
test a_stop_that_refuses_every_retry_for_a_while_leaks_nothing ... ok
test an_unlanded_rollback_is_the_answer ... ok
test a_call_that_refused_nothing_keeps_the_free_count ... ok
test every_refused_read_of_a_truncation_is_retried_to_the_same_end ... ok
test every_refused_read_of_a_truncation_to_zero_is_retried_to_the_same_end ... ok
test every_refused_write_of_a_directory_growth_is_undone ... ok
test every_refused_write_of_a_long_name_create_is_undone ... ok
test every_refused_write_of_a_remove_dir_leaves_nothing_behind ... ok
test every_refused_write_of_a_first_allocation_is_undone ... ok
test every_refused_write_of_a_nested_create_dir_is_undone ... ok
test every_refused_write_of_a_rename_is_undone ... ok
test a_stop_at_any_write_leaves_only_the_named_windows ... ok
test every_refused_write_of_a_remove_leaves_nothing_behind ... ok
test every_refused_write_of_a_truncation_is_carried_through ... ok
test every_refused_write_of_a_truncation_to_zero_is_carried_through ... ok
test every_refused_write_of_an_append_and_its_sync_converges ... ok
test the_deepest_repair_reaches_its_bound_and_no_further ... ok
test every_refused_write_of_an_append_is_undone ... ok

test result: ok. 20 passed; 0 failed; 0 ignored; 0 measured; 0 filtered out; finished in 8.07s

     Running tests/replace_rename.rs (target/debug/deps/replace_rename-6e022080dab3d8c1)

running 2 tests
test source_move_failure_restores_destination_before_any_free ... ok
test a_failed_rollback_names_where_the_destination_went ... ok

test result: ok. 2 passed; 0 failed; 0 ignored; 0 measured; 0 filtered out; finished in 0.00s

     Running unittests src/lib.rs (target/debug/deps/toyos_fat32_check-fb3fe890a736640b)

running 0 tests

test result: ok. 0 passed; 0 failed; 0 ignored; 0 measured; 0 filtered out; finished in 0.00s

     Running tests/teeth.rs (target/debug/deps/teeth-9bcd30b8f8586e9b)

running 66 tests
test a_chain_link_that_is_not_a_cluster ... ok
test a_boot_sector_that_does_not_jump ... ok
test a_cluster_past_the_formats_ceiling ... ok
test a_boot_sector_without_its_signature ... ok
test a_cluster_that_is_not_a_power_of_two_sectors ... ok
test a_chain_link_into_the_bad_cluster_mark ... ok
test a_chain_that_links_back_into_itself ... ok
test a_directory_entry_carrying_a_size ... ok
test a_directory_entry_naming_no_cluster ... ok
test a_dot_dot_naming_the_root_cluster_instead_of_zero ... ok
test a_dot_entry_naming_someone_elses_cluster ... ok
test a_dot_entry_in_the_root_directory ... ok
test a_fat_copy_left_behind_by_a_write ... ok
test a_fat32_volume_claiming_a_fixed_root_directory ... ok
test a_fat_of_no_sectors ... ok
test a_fat32_volume_sizing_its_fat_in_the_sixteen_bit_field ... ok
test a_fat_too_small_for_the_clusters_it_must_describe ... ok
test a_fat32_volume_counting_sectors_in_the_sixteen_bit_field ... ok
test a_fat_one_that_is_not_an_end_of_chain_mark ... ok
test a_fat_zero_that_does_not_carry_the_media_byte ... ok
test a_file_holding_more_clusters_than_its_size_needs ... ok
test a_free_count_the_writer_left_unknown ... ok
test a_file_system_version_this_specification_does_not_define ... ok
test a_free_count_that_is_not_the_free_count ... ok
test a_file_whose_size_needs_more_clusters_than_it_holds ... ok
test a_long_name_entry_naming_a_cluster ... ok
test a_long_name_entry_ahead_of_the_dot_entries ... ok
test a_long_name_entry_with_a_type_the_format_reserves ... ok
test a_long_name_run_of_more_entries_than_a_long_name_has ... ok
test a_long_name_run_no_short_entry_follows ... ok
test a_long_name_run_whose_checksum_is_not_its_short_names ... ok
test a_long_name_run_that_does_not_begin_with_the_last_entry_flag ... ok
test a_long_name_run_that_does_not_reach_ordinal_one ... ok
test a_media_byte_the_format_does_not_define ... ok
test a_long_name_run_whose_ordinals_do_not_count_down ... ok
test a_report_that_stops_enumerating_says_it_stopped ... ok
test a_next_free_hint_that_is_not_a_cluster ... ok
test a_root_cluster_that_is_not_a_cluster ... ok
test a_sector_size_the_format_does_not_define ... ok
test a_reserved_entry_byte_carrying_something_nothing_defines ... ok
test a_second_volume_label_in_the_root ... ok
test a_subdirectory_that_does_not_begin_with_dot ... ok
test a_volume_flagged_as_not_cleanly_unmounted ... ok
test a_volume_label_outside_the_root_directory ... ok
test a_volume_flagged_as_having_met_a_disk_error ... ok
test a_tree_deeper_than_the_walk_follows ... ok
test a_volume_of_no_sectors ... ok
test a_volume_that_is_all_metadata ... ok
test a_volume_shorter_than_its_boot_sector_says ... ok
test an_active_fat_the_volume_does_not_have ... ok
test a_volume_with_too_few_clusters_to_be_fat32 ... ok
test an_fsinfo_without_its_lead_signature ... ok
test an_fsinfo_sector_outside_the_reserved_region ... ok
test an_entry_naming_a_cluster_outside_the_volume ... ok
test an_unfinished_fixture_is_not_clean ... ok
test an_fsinfo_without_its_struct_signature ... ok
test an_fsinfo_without_its_trail_signature ... ok
test fewer_bytes_than_a_boot_sector ... ok
test an_orphaned_ring_of_clusters ... ok
test no_reserved_sectors_at_all ... ok
test no_fat_at_all ... ok
test clusters_allocated_and_reachable_from_nothing ... ok
test the_lowercase_name_bits_are_not_a_complaint ... ok
test the_fixture_is_clean ... ok
test two_files_holding_one_cluster ... ok
test two_entries_in_one_directory_with_the_same_short_name ... ok

test result: ok. 66 passed; 0 failed; 0 ignored; 0 measured; 0 filtered out; finished in 0.02s

     Running unittests src/lib.rs (target/debug/deps/toyos_gicv3-fd10fe3ddf3f31ab)

running 0 tests

test result: ok. 0 passed; 0 failed; 0 ignored; 0 measured; 0 filtered out; finished in 0.00s

     Running tests/gicv3.rs (target/debug/deps/gicv3-1a5b896a4a6799db)

running 9 tests
test affinity_drops_mpidr_flags_between_aff2_and_aff3 ... ok
test sgi_names_aff0_by_range_and_bit ... ok
test sgi_to_every_other_cpu_is_irm_and_the_intid_alone ... ok
test sgi_to_cpu_zero_is_bit_zero_of_range_zero ... ok
test unpacking_puts_each_field_back_and_no_flag ... ok
test walk_steps_over_virtual_lpi_frames ... ok
test walk_stops_at_the_last ... ok
test walk_steps_two_frames_without_them ... ok
test walk_stops_at_the_region_end ... ok

test result: ok. 9 passed; 0 failed; 0 ignored; 0 measured; 0 filtered out; finished in 0.00s

     Running unittests src/lib.rs (target/debug/deps/toyos_gpt-92194845772cc761)

running 7 tests
test crc32::tests::catalogue_check_value ... ok
test crc32::tests::not_castagnoli ... ok
test guid::tests::esp_type_guid_round_trips ... ok
test guid::tests::toyos_root_text_is_the_type_guid ... ok
test crc32::tests::streaming_matches_one_shot ... ok
test guid::tests::zero_is_zero ... ok
test tests::the_block_sizes_parsed_are_the_declared_range ... ok

test result: ok. 7 passed; 0 failed; 0 ignored; 0 measured; 0 filtered out; finished in 0.00s

     Running tests/mutate.rs (target/debug/deps/mutate-568ae23ef4beabd5)

running 1 test
test a_resealed_table_with_any_value_bent_never_panics_and_hands_back_only_partitions ... ok

test result: ok. 1 passed; 0 failed; 0 ignored; 0 measured; 0 filtered out; finished in 1.53s

     Running tests/oracle.rs (target/debug/deps/oracle-53ed6c4ab41a9fcd)

running 3 tests
test both_readers_spell_the_types_alike ... ok
test on_tables_uefi_lays_out_both_readers_agree_entry_for_entry ... ok
test on_bent_tables_every_disagreement_is_a_named_difference ... ok

test result: ok. 3 passed; 0 failed; 0 ignored; 0 measured; 0 filtered out; finished in 0.34s

     Running tests/parse.rs (target/debug/deps/parse-36dedb52826b5d69)

running 43 tests
test a_backwards_partition_is_refused ... ok
test a_backup_retry_leaves_no_slot_of_the_primary ... ok
test a_damaged_primary_falls_back_to_a_good_backup ... ok
test a_billion_entries_is_refused_not_read ... ok
test a_device_with_no_room_for_a_table ... ok
test a_four_kibibyte_block_device_parses ... ok
test a_list_leaves_no_slot_it_did_not_fill ... ok
test a_partition_outside_the_disk_is_refused ... ok
test a_list_is_every_used_entry_in_order ... ok
test a_partition_over_the_table_is_refused ... ok
test a_tiny_entry_array_cannot_buy_the_backup_header ... ok
test a_type_scan_lists_every_entry_of_that_type ... ok
test a_read_that_does_not_happen_is_an_error ... ok
test a_type_scan_over_a_damaged_array_is_refused ... ok
test a_type_scan_says_how_many_it_could_not_hand_back ... ok
test a_zero_guid_matches_nothing ... ok
test a_valid_primary_that_lacks_the_guid_is_not_retried_against_the_backup ... ok
test a_usable_range_reaching_the_backup_gpt_is_refused ... ok
test an_array_lba_near_the_top_of_the_range_does_not_wrap ... ok
test absent_guid_is_not_found_and_says_how_many_there_were ... ok
test both_copies_damaged_is_refused_by_name ... ok
test an_honest_table_on_a_floored_device_view_parses ... ok
test an_overlapping_neighbour_is_refused ... ok
test block_sizes_outside_the_supported_range ... ok
test finds_the_partition_by_unique_guid ... ok
test each_guid_finds_its_own_entry ... ok
test entry_size_must_be_a_power_of_two_multiple_of_128_that_fits_a_block ... ok
test header_must_claim_lba_one ... ok
test header_reserved_word ... ok
test header_revision ... ok
test header_signature ... ok
test hybrid_mbr_is_refused ... ok
test one_flipped_bit_in_the_entry_array ... ok
test header_size_bounds ... ok
test one_flipped_bit_in_the_header ... ok
test the_array_ends_where_the_header_says ... ok
test the_array_may_not_sit_on_the_header_or_past_the_usable_range ... ok
test no_protective_mbr ... ok
test two_entries_claiming_the_target_guid_are_refused ... ok
test the_array_ceiling_is_where_it_says_it_is ... ok
test zero_entries_is_refused ... ok
test usable_range_must_be_a_range_inside_the_device ... ok
test no_byte_of_the_table_can_panic_the_parser ... ok

test result: ok. 43 passed; 0 failed; 0 ignored; 0 measured; 0 filtered out; finished in 1.62s

     Running unittests src/lib.rs (target/debug/deps/toyos_hda-e53112a0882cb2ee)

running 88 tests
test caps::tests::a_widget_type_keeps_the_nibble_it_was_decoded_from ... ok
test caps::tests::eight_channel_display_audio_decodes_its_channel_count ... ok
test caps::tests::an_unsoldered_pin_still_calls_itself_a_speaker ... ok
test caps::tests::both_laptop_output_pins_can_power_an_external_amplifier ... ok
test caps::tests::qemu_s_converter_offers_it_too ... ok
test caps::tests::the_converter_amp_has_gain_and_cannot_mute ... ok
test caps::tests::the_internal_speaker_is_fixed_and_the_jack_is_a_jack ... ok
test caps::tests::the_laptop_s_converter_offers_what_this_pipeline_plays ... ok
test caps::tests::the_laptop_s_speaker_dac_decodes_as_a_stereo_converter ... ok
test caps::tests::the_laptop_s_speaker_pin_has_a_connection_list_and_an_output_amp ... ok
test caps::tests::the_laptop_s_vendor_widget_is_the_one_with_processing_coefficients ... ok
test caps::tests::the_pin_amp_can_mute_and_has_no_gain ... ok
test config::tests::a_hop_shared_by_two_pins_is_powered_once ... ok
test config::tests::a_converter_that_does_not_offer_the_rate_is_a_refusal_and_not_a_substitution ... ok
test config::tests::nothing_in_the_sequence_ever_sets_the_mute_bit ... ok
test config::tests::every_widget_on_the_path_that_has_a_power_state_is_told_d0 ... ok
test config::tests::both_machines_offer_the_one_rate_this_driver_asks_for ... ok
test config::tests::qemus_path_writes_its_amplifier_on_the_converter_and_none_on_the_pin ... ok
test config::tests::the_converter_learns_the_format_and_the_tag_last ... ok
test config::tests::the_laptop_s_speaker_is_told_to_power_its_external_amplifier ... ok
test config::tests::the_jack_is_told_to_drive_headphones_and_the_speaker_is_not ... ok
test config::tests::the_two_halves_of_the_laptop_s_volume_control_are_written_where_they_exist ... ok
test fixture::tests::the_converters_keep_their_rates ... ok
test fixture::tests::every_pin_in_the_fixture_has_a_configuration_default ... ok
test graph::tests::a_function_type_keeps_the_byte_it_was_decoded_from ... ok
test graph::tests::a_list_shorter_than_it_declared_is_refused ... ok
test graph::tests::a_long_form_entry_carries_sixteen_bits ... ok
test graph::tests::a_long_form_node_past_the_node_space_is_refused ... ok
test fixture::tests::the_speaker_pin_round_trips_through_the_log_format ... ok
test graph::tests::a_range_entry_expands_from_the_entry_before_it ... ok
test graph::tests::a_range_longer_than_the_bound_is_refused_rather_than_truncated ... ok
test graph::tests::a_range_that_runs_backwards_is_not_a_range ... ok
test fixture::tests::the_laptop_fixture_carries_both_codecs_and_every_widget ... ok
test graph::tests::a_six_entry_mixer_list_spans_two_responses ... ok
test graph::tests::the_laptop_s_headphone_pin_names_two_converters ... ok
test graph::tests::the_laptop_s_speaker_pin_names_one ... ok
test path::tests::a_connection_naming_a_node_outside_the_group_is_refused_by_name ... ok
test graph::tests::a_range_with_nothing_before_it_is_refused ... ok
test path::tests::a_cycle_is_a_refusal_and_not_a_hang ... ok
test path::tests::a_selector_on_the_way_is_told_which_input_to_take ... ok
test path::tests::a_speaker_outranks_a_line_out_whatever_order_the_nodes_are_in ... ok
test path::tests::a_speaker_pin_with_no_converter_behind_it_is_refused ... ok
test path::tests::an_unwired_speaker_pin_does_not_win_by_coming_first ... ok
test path::tests::qemu_has_no_speaker_and_binds_its_line_out ... ok
test path::tests::only_one_of_the_laptop_s_five_speaker_labelled_pins_is_a_candidate ... ok
test path::tests::display_audio_alone_is_a_refusal_naming_it ... ok
test path::tests::the_display_codec_does_not_win_when_it_comes_first ... ok
test probe::tests::a_group_that_is_not_audio_is_kept_and_not_walked ... ok
test probe::tests::a_subordinate_range_running_off_the_node_space_is_refused_by_name ... ok
test probe::tests::a_widget_count_past_the_bound_costs_the_widgets_past_it_and_nothing_else ... ok
test path::tests::the_laptop_picks_its_internal_speaker_and_the_jack_that_shares_a_converter ... ok
test path::tests::the_pin_amp_the_laptop_offers_is_the_one_that_can_mute ... ok
test probe::tests::walking_qemus_two_codecs_binds_the_line_out ... ok
test stream::tests::a_buffer_that_would_wrap_the_address_space_is_refused ... ok
test probe::tests::a_codec_statests_named_and_the_link_does_not_carry_is_named_not_skipped ... ok
test probe::tests::the_walked_laptop_binds_the_same_speaker_the_parsed_one_does ... ok
test stream::tests::a_built_format_decodes_back_to_the_rate_it_was_asked_for ... ok
test stream::tests::a_divided_rate_uses_the_divisor_field ... ok
test stream::tests::a_driver_that_slept_a_whole_lap_is_told_the_mask_cannot_place_the_engine ... ok
test stream::tests::a_last_index_outside_the_ring_is_refused ... ok
test stream::tests::a_mask_names_the_period_the_engine_returns_to_first ... ok
test stream::tests::a_multiplied_rate_uses_the_multiplier_field ... ok
test stream::tests::a_mask_that_is_not_one_run_is_refused_rather_than_placed ... ok
test probe::tests::walking_the_laptop_reaches_the_graph_its_own_log_describes ... ok
test stream::tests::a_period_count_past_the_mask_is_refused_rather_than_masked_short ... ok
test stream::tests::a_position_inside_the_period_still_being_played_marks_nothing_new ... ok
test stream::tests::a_position_past_the_buffer_is_not_an_index ... ok
test stream::tests::a_rate_the_field_cannot_express_is_refused_and_not_rounded ... ok
test stream::tests::a_ring_with_nothing_to_wrap_to_is_refused ... ok
test stream::tests::a_run_that_wraps_does_not_start_at_its_lowest_bit ... ok
test stream::tests::an_unrepresentable_width_or_channel_count_is_refused ... ok
test stream::tests::completion_marks_every_period_between_two_positions ... ok
test stream::tests::completion_wraps_the_ring ... ok
test stream::tests::every_rate_linux_tabulates_encodes_to_the_number_linux_tabulates ... ok
test stream::tests::the_pipeline_s_own_shape_builds_a_ring ... ok
test stream::tests::forty_eight_kilohertz_is_the_other_base ... ok
test stream::tests::widths_and_channel_counts_land_in_their_own_fields ... ok
test stream::tests::the_rate_this_pipeline_plays_encodes_as_the_forty_four_one_base ... ok
test verb::tests::a_range_running_past_the_node_space_is_refused ... ok
test verb::tests::an_address_and_a_node_print_the_way_a_dump_names_them ... ok
test verb::tests::all_ones_is_not_a_response ... ok
test verb::tests::long_verb_puts_its_payload_under_a_four_bit_verb ... ok
test verb::tests::short_verb_is_the_probe_s_encoding ... ok
test verb::tests::present_reports_every_codec_and_not_the_first ... ok
test verb::tests::statests_bit_15_is_not_an_address ... ok
test stream::tests::every_position_completed_can_report_reads_back_as_the_run_it_walked ... ok
test verb::tests::the_laptop_s_widget_range_decodes_to_its_own_nodes ... ok
test verb::tests::zero_subordinates_is_no_range_at_all ... ok

test result: ok. 88 passed; 0 failed; 0 ignored; 0 measured; 0 filtered out; finished in 0.00s

     Running unittests src/lib.rs (target/debug/deps/toyos_i219-9d6ec09280f78ed4)

running 85 tests
test tests::a_buffer_given_back_out_of_turn_does_not_carry_the_tail_over_an_older_one ... ok
test tests::a_flag_the_part_already_let_go_is_not_written_again ... ok
test tests::a_flag_that_never_comes_does_not_stop_the_reset ... ok
test tests::a_claim_that_stops_answering_is_handed_up_and_not_read_as_quiet ... ok
test tests::a_frame_goes_out_whole ... ok
test tests::a_frame_arrives_whole ... ok
test tests::a_flag_another_agent_holds_is_neither_asked_over_nor_cleared ... ok
test tests::a_full_transmit_ring_drops_rather_than_waits ... ok
test tests::a_frame_longer_than_a_transmit_buffer_is_refused_and_not_truncated ... ok
test tests::a_lease_report_reads_back_as_it_was_written ... ok
test tests::a_grant_that_never_comes_is_refused_by_name_and_the_request_withdrawn ... ok
test tests::a_link_drop_does_not_lose_the_ring ... ok
test tests::a_lying_length_is_refused_and_the_frames_behind_it_still_arrive ... ok
test tests::a_grant_that_comes_late_inside_the_bound_is_taken ... ok
test tests::a_master_that_never_goes_quiet_does_not_stop_the_bring_up ... ok
test tests::a_part_is_told_which_vector_each_cause_uses ... ok
test tests::a_part_that_does_not_take_ivar_is_refused ... ok
test tests::a_part_that_does_not_take_rctl_is_refused ... ok
test tests::a_ladder_stopped_on_smbus_leaves_the_mac_off_it ... ok
test tests::a_multicast_group_sets_the_one_table_bit_its_address_hashes_to ... ok
test tests::a_part_with_no_station_address_is_refused ... ok
test tests::a_partner_on_an_unconfigured_phy_raises_no_link ... ok
test tests::a_phy_in_reach_is_asked_once_and_left_powered ... ok
test tests::a_phy_left_in_loopback_or_configured_by_hand_raises_no_link ... ok
test tests::a_mac_that_keeps_its_phy_down_is_a_phy_no_cycle_reaches ... ok
test tests::a_part_that_grants_over_the_engines_standing_bit_is_brought_up ... ok
test tests::a_phy_left_in_low_power_link_up_links_at_a_gigabit ... ok
test tests::a_part_that_takes_none_of_the_datasheets_latitudes_is_brought_up_the_same_way ... ok
test tests::a_phy_reset_restores_the_defaults_and_not_the_state_the_claim_inherited ... ok
test tests::a_phy_that_is_not_the_one_this_map_describes_is_refused_by_its_identifier ... ok
test tests::a_phy_left_out_of_reach_is_climbed_to_before_the_reset ... ok
test tests::a_refused_descriptor_does_not_carry_the_tail_over_a_frame_still_held ... ok
test tests::a_register_nothing_decodes_is_refused_and_never_written ... ok
test tests::a_platform_that_asks_for_low_power_link_up_in_d0a_gets_it ... ok
test tests::a_release_over_a_window_of_ones_writes_nothing ... ok
test tests::a_reset_that_never_finishes_is_refused ... ok
test tests::a_seeded_workload_loses_nothing_and_invents_nothing ... ok
test tests::a_spurious_interrupt_costs_a_pass_and_nothing_else ... ok
test tests::a_window_or_grant_too_small_is_refused ... ok
test tests::a_window_that_reads_ones_is_refused ... ok
test tests::a_phy_no_rung_reaches_is_refused_after_the_reset ... ok
test tests::a_phy_reset_the_firmware_blocks_is_never_issued ... ok
test tests::a_request_registered_while_the_engine_holds_it_is_still_granted ... ok
test tests::bring_up_programs_what_the_initialization_sections_name ... ok
test tests::causes_are_acknowledged_by_writing_them_back ... ok
test tests::each_agent_standing_beside_the_flag_has_its_own_exit_code ... ok
test tests::an_mdi_read_the_part_could_not_complete_is_refused_by_name ... ok
test tests::every_lease_verdict_has_one_exit_code_that_reads_back ... ok
test tests::every_probe_outcome_has_one_exit_code_that_reads_back ... ok
test tests::every_reading_of_the_other_two_ownership_bits_names_who_stands_beside_the_flag ... ok
test tests::frames_come_up_in_order_under_batched_and_reordered_write_back ... ok
test tests::an_interconnect_in_transition_is_waited_out_and_never_written_over ... ok
test tests::every_ask_carries_the_parts_own_word_and_keeps_the_pace ... ok
test tests::host_wake_up_left_armed_is_cleared_behind_the_reset ... ok
test tests::one_pass_hands_up_at_most_its_budget ... ok
test tests::null_descriptor_padding_is_not_a_frame ... ok
test tests::ones_inside_the_grant_wait_do_not_leave_the_request_standing ... ok
test tests::ones_through_the_whole_release_bound_write_nothing ... ok
test tests::ones_on_the_way_out_do_not_leave_the_flag_standing ... ok
test tests::quiesce_stops_what_a_previous_holder_left_running ... ok
test tests::refusals::a_descriptor_with_nothing_in_it_is_refused ... ok
test tests::refusals::a_frame_the_hardware_reported_an_error_on_is_refused ... ok
test tests::refusals::a_descriptor_without_end_of_packet_is_refused ... ok
test tests::refusals::more_bytes_than_the_buffer_holds_is_refused ... ok
test tests::the_82574s_own_phy_register_map_is_refused_by_name ... ok
test tests::the_driver_and_the_macs_statistics_count_the_same_frames ... ok
test tests::the_head_register_does_run_ahead_of_memory ... ok
test tests::an_mdi_transaction_that_never_reports_ready_is_refused_by_name ... ok
test tests::the_link_going_away_and_coming_back_is_seen ... ok
test tests::the_oem_bits_carry_the_platforms_d0a_policy_and_nothing_else ... ok
test tests::the_oem_bits_restart_follows_the_control_restart_where_a_phy_reset_is_allowed ... ok
test tests::no_two_accesses_to_the_arbitration_are_nearer_than_the_pace ... ok
test tests::the_advertised_abilities_are_what_the_link_resolves_to ... ok
test tests::the_pchs_mac_gets_its_three_registers_and_the_82574_none ... ok
test tests::the_phy_is_brought_up_and_the_mac_sees_the_link_it_raises ... ok
test tests::the_ownership_claim_leaves_the_rest_of_the_register_standing ... ok
test tests::the_receiver_reporting_on_itself_is_counted ... ok
test tests::the_refusal_names_the_last_reading_before_the_deadline ... ok
test tests::the_interface_is_given_back_on_every_path_that_took_it ... ok
test tests::the_phy_is_found_at_whichever_address_answers_its_identifier ... ok
test tests::what_one_power_reading_decides ... ok
test tests::what_the_wake_and_the_full_reset_write ... ok
test tests::transmit_descriptors_are_reclaimed_under_batched_write_back ... ok
test tests::the_power_step_is_what_lets_an_mdi_cycle_run_at_all ... ok
test tests::the_word_to_the_firmware_goes_with_the_driver ... ok

test result: ok. 85 passed; 0 failed; 0 ignored; 0 measured; 0 filtered out; finished in 0.21s

     Running unittests src/lib.rs (target/debug/deps/toyos_inspect-6d83d5c06a69e632)

running 25 tests
test dev::tests::a_path_two_records_render_to_is_refused_by_name ... ok
test dev::tests::the_header_is_read_at_the_kernels_offsets ... ok
test dev::tests::every_record_renders_to_paths_the_grammar_accepts ... ok
test dev::tests::a_star_never_lines_up_the_parts_of_an_address ... ok
test invocation::tests::a_command_line_is_one_optional_selector_and_one_optional_flag ... ok
test kernel::tests::a_cpu_two_records_name_is_refused_by_its_path ... ok
test kernel::tests::a_stale_cpu_says_so_and_an_unread_one_says_only_that ... ok
test kernel::tests::an_absent_counter_has_no_path ... ok
test kernel::tests::every_counter_a_record_carries_is_a_path_the_grammar_accepts ... ok
test path::tests::a_path_is_refused_by_name ... ok
test render::tests::a_line_is_path_equals_value ... ok
test render::tests::json_is_one_flat_object_with_typed_values ... ok
test selector::tests::a_malformed_selector_is_refused_by_name ... ok
test selector::tests::a_pathological_selector_is_answered_in_polynomial_time ... ok
test selector::tests::a_selector_reaches_only_the_owners_it_can_name ... ok
test tests::every_owner_root_is_one_valid_segment_and_distinct ... ok
test selector::tests::a_star_is_one_or_more_whole_segments ... ok
test wire::tests::a_malformed_answer_is_refused_by_name ... ok
test wire::tests::a_snapshot_round_trips ... ok
test wire::tests::an_answer_for_another_owner_is_refused ... ok
test wire::tests::an_owner_that_answers_past_one_frame_is_told_so ... ok
test wire::tests::every_truncation_is_refused ... ok
test wire::tests::an_owner_cannot_answer_one_path_twice - should panic ... ok
test wire::tests::an_owner_cannot_put_a_path_outside_the_grammar - should panic ... ok
test wire::tests::an_owner_cannot_put_a_second_line_in_a_value - should panic ... ok

test result: ok. 25 passed; 0 failed; 0 ignored; 0 measured; 0 filtered out; finished in 0.09s

     Running unittests src/lib.rs (target/debug/deps/toyos_keymap-ba631cf9f5cd1d4b)

running 0 tests

test result: ok. 0 passed; 0 failed; 0 ignored; 0 measured; 0 filtered out; finished in 0.00s

     Running tests/compose.rs (target/debug/deps/compose-5a3a6e5d04f446d9)

running 17 tests
test composition ... ok
test altgr_layer ... ok
test dead_keys_emit_nothing_when_pressed ... ok
test dead_then_space_and_doubled ... ok
test dedicated_umlauts ... ok
test german_is_unchanged_by_the_dead_key_work ... ok
test fallthrough ... ok
test dead_then_other_dead ... ok
test iso_key ... ok
test modifiers_do_not_break_composition ... ok
test only_swiss_german_has_dead_keys ... ok
test qwertz ... ok
test reset_drops_pending ... ok
test swiss_german_mac_is_untouched ... ok
test unknown_layout_is_named_as_unknown ... ok
test us_is_the_default_and_still_types_ascii ... ok
test worst_case_fallthrough_fits_max_emit ... ok

test result: ok. 17 passed; 0 failed; 0 ignored; 0 measured; 0 filtered out; finished in 0.00s

     Running tests/detect.rs (target/debug/deps/detect-ce61bc0c6a529c8d)

running 9 tests
test candidates_narrow ... ok
test inconsistent_first_press_is_unrecognized ... ok
test every_layout_is_reachable ... ok
test legends_are_renderable ... ok
test inconsistent_second_press_is_unrecognized ... ok
test question_table_is_well_formed ... ok
test us_takes_one_press ... ok
test the_qwertz_three_take_two ... ok
test never_confident_without_evidence ... ok

test result: ok. 9 passed; 0 failed; 0 ignored; 0 measured; 0 filtered out; finished in 0.00s

     Running tests/tables.rs (target/debug/deps/tables-a92d4db02887450d)

running 1 test
test golden ... ok

test result: ok. 1 passed; 0 failed; 0 ignored; 0 measured; 0 filtered out; finished in 0.00s

     Running tests/translate.rs (target/debug/deps/translate-4ec531c5bb9f122c)

running 10 tests
test an_escape_sequence_does_not_depend_on_the_layout ... ok
test an_unknown_name_leaves_the_layout_alone ... ok
test a_control_code_is_the_key_position_not_the_letter ... ok
test arrows_and_page_keys_send_escape_sequences ... ok
test an_undefined_key_does_not_consume_a_pending_diacritic ... ok
test ctrl_makes_control_codes_of_the_letter_row ... ok
test the_default_layout_is_us ... ok
test changing_layout_drops_a_pending_diacritic ... ok
test the_swiss_german_gates_own_sequence ... ok
test two_translators_do_not_share_a_pending_diacritic ... ok

test result: ok. 10 passed; 0 failed; 0 ignored; 0 measured; 0 filtered out; finished in 0.00s

     Running unittests src/lib.rs (target/debug/deps/toyos_libc_copies-6ca951bbf4cea339)

running 34 tests
test descriptor_requests::each_descriptor_keeps_its_own_close_on_exec_mark ... ok
test descriptor_requests::fcntl_reads_an_int_argument_from_the_lower_half_of_its_register ... ok
test dladdr_symbols::an_image_holds_its_load_segment_and_starts_at_its_page ... ok
test errno_codes::every_code_libc_answers_with_is_errno_h_s ... ok
test dladdr_symbols::either_count_reaches_the_symbol_at_its_address ... ok
test exact_hex::tests::the_formats_corners_and_ties_round_to_their_bits ... ok
test fparts_differential::logb_is_the_host_libraries_and_a_zero_its_pole ... ok
test link_requests::readlink_refuses_an_empty_buffer_and_one_no_ssize_t_counts ... ok
test fparts_differential::modf_is_the_host_libraries ... ok
test descriptor_requests::f_dupfd_meets_its_floor_holding_one_duplicate_at_most ... ok
test listing_reader::a_name_fits_d_name_with_its_nul_or_is_refused ... ok
test listing_reader::an_answer_is_asked_again_until_it_fits ... ok
test memory_refusals::madvise_takes_linuxs_hints_and_refuses_its_discard ... ok
test memory_refusals::mmap_refuses_what_the_kernel_cannot_map_and_nothing_else ... ok
test memory_refusals::posix_madvise_takes_its_five_and_only_them ... ok
test poll_requests::each_descriptor_named_once_has_its_own_watch ... ok
test poll_requests::a_descriptor_named_twice_is_watched_once_for_both_interests ... ok
test signal_masks::each_how_changes_the_mask_as_posix_says ... ok
test signal_masks::sigaddset_adds_its_signal_alone ... ok
test signal_masks::the_full_set_holds_every_signal ... ok
test prototypes::every_prototype_is_a_definition_and_every_definition_is_declared ... ok
test strtonum_differential::random_integers_read_as_the_host_s ... ok
test strtonum_differential::the_grammar_s_corners_read_as_judged ... ok
test tests::a_disjoint_copy_agrees_either_way ... ok
test tests::every_copy_agrees_with_copy_within ... ok
test tests::every_fill_agrees_with_fill ... ok
test tests::the_square_roots_are_the_correctly_rounded_ones ... ok
test text_differential::every_signal_signal_h_numbers_has_glibcs_text ... ok
test text_differential::strnlen_is_the_host_libraries ... ok
test utf8_differential::a_refusal_starts_the_next_character_afresh ... ok
test strtonum_differential::random_decimal_numbers_round_as_the_host_s ... ok
test utf8_differential::every_sequence_to_four_bytes_agrees_with_from_utf8 ... ok
test exact_hex::tests::it_rounds_as_the_machine_does ... ok
test strtonum_differential::random_hexadecimal_numbers_round_as_ieee_754_rounds_them ... ok

test result: ok. 34 passed; 0 failed; 0 ignored; 0 measured; 0 filtered out; finished in 1.59s

     Running unittests src/lib.rs (target/debug/deps/toyos_logstream-c9e55af7b091abeb)

running 20 tests
test tests::a_continuation_wears_its_kernel_records_severity_across_a_programs_line ... ok
test tests::a_head_names_severity_thread_and_process_and_reads_back ... ok
test tests::a_control_byte_is_written_and_never_passed ... ok
test tests::a_kernel_record_and_its_continuation_are_no_programs ... ok
test tests::a_line_past_the_bound_is_let_go_in_pieces_and_nothing_is_lost ... ok
test tests::a_program_line_reads_back_as_it_was_written ... ok
test tests::a_reader_is_never_left_inside_a_line_even_by_an_eviction ... ok
test tests::a_records_time_is_read_inside_its_bracket_and_nowhere_else ... ok
test tests::a_registration_round_trips_and_a_malformed_one_is_refused ... ok
test tests::a_reader_at_any_offset_gets_the_bytes_after_it_in_order ... ok
test tests::a_program_lines_time_is_read_inside_its_head_and_nowhere_else ... ok
test tests::a_tag_is_one_word_of_the_names_charset_and_no_other_sayers ... ok
test tests::a_screen_shows_the_consoles_line_from_either_form ... ok
test tests::every_sayers_head_reads_back_and_nothing_else_does ... ok
test tests::lines_are_whole_however_the_writes_split_them ... ok
test tests::the_carriers_line_names_the_carrier ... ok
test tests::no_text_makes_a_line_another_writers ... ok
test tests::the_colour_is_the_heads_and_the_text_never_acts ... ok
test tests::what_is_let_go_is_whole_lines_and_is_counted ... ok
test tests::the_kernels_first_record_is_found_after_whatever_came_before ... ok

test result: ok. 20 passed; 0 failed; 0 ignored; 0 measured; 0 filtered out; finished in 0.00s

     Running unittests src/lib.rs (target/debug/deps/toyos_manifest-450ec998143aef4f)

running 24 tests
test launch::tests::a_caller_starts_what_its_row_lists_and_swap_and_update_only_in_a_login_session ... ok
test launch::tests::an_authority_reads_back_as_written ... ok
test launch::tests::a_sessions_launches_spend_its_one_share ... ok
test launch::tests::what_encode_cannot_have_written_is_refused ... ok
test package::tests::a_launch_path_names_one_package_or_none ... ok
test package::tests::a_field_that_is_not_one_is_refused_by_name ... ok
test package::tests::a_manifest_cannot_name_a_binary_outside_its_own_directory ... ok
test package::tests::a_path_the_normalizer_would_change_is_not_canonical_and_classifies_as_nothing ... ok
test package::tests::what_a_shell_resolves_is_what_the_launcher_accepts ... ok
test package::tests::what_the_installer_writes_is_what_the_supervisor_reads ... ok
test tests::a_device_class_name_is_the_abi_s ... ok
test tests::a_name_that_would_not_survive_the_round_trip_is_refused ... ok
test tests::a_package_row_is_connectors_and_nothing_else ... ok
test package::tests::a_listing_shows_only_what_the_supervisor_would_start_and_never_more_than_the_bound ... ok
test tests::a_role_is_one_of_the_three_and_its_directories_are_fixed ... ok
test tests::a_row_that_serves_a_port_and_is_no_service_is_refused ... ok
test tests::a_service_s_home_is_its_state_and_every_other_row_s_the_session_s ... ok
test tests::a_syscap_set_always_carries_transfer_and_never_an_invented_right ... ok
test tests::logread_carries_both_halves_of_reading_a_stream_that_never_blocks ... ok
test tests::records_attach_to_the_program_above_them ... ok
test tests::the_process_roster_is_its_own_name_and_its_own_bit ... ok
test tests::the_same_manifest_renders_to_the_same_bytes ... ok
test tests::what_the_build_writes_is_what_the_supervisor_reads ... ok
test launch::tests::nothing_listed_is_nothing_started_and_apps_names_no_row ... ok

test result: ok. 24 passed; 0 failed; 0 ignored; 0 measured; 0 filtered out; finished in 0.00s

     Running unittests src/lib.rs (target/debug/deps/toyos_microcode-b23fd12ea45119e7)

running 16 tests
test tests::a_damaged_extended_table_is_refused ... ok
test tests::a_file_cut_short_is_refused ... ok
test tests::a_header_or_loader_version_other_than_1_is_refused ... ok
test tests::a_revision_is_signed ... ok
test tests::a_size_zero_off_its_granule_or_inside_out_is_refused ... ok
test tests::a_flipped_bit_anywhere_in_header_or_data_is_refused ... ok
test tests::a_t14_below_it_loads_its_data_which_follows_the_header ... ok
test tests::an_empty_file_is_refused ... ok
test tests::a_malformed_update_after_a_good_one_refuses_the_file ... ok
test tests::an_extended_signature_names_a_cpu_the_header_does_not ... ok
test tests::an_extended_signature_in_intels_file_names_its_cpu ... ok
test tests::another_platform_or_stepping_is_not_named ... ok
test tests::any_multiple_of_1024_is_a_total_size ... ok
test tests::the_msrs_are_read_where_the_sdm_puts_them ... ok
test tests::the_t14_runs_intels_newest_update_for_its_cpu ... ok
test tests::the_newest_update_naming_the_cpu_is_chosen_wherever_it_sits ... ok

test result: ok. 16 passed; 0 failed; 0 ignored; 0 measured; 0 filtered out; finished in 0.00s

     Running unittests src/lib.rs (target/debug/deps/toyos_net_ip-5e37ad753a217287)

running 0 tests

test result: ok. 0 passed; 0 failed; 0 ignored; 0 measured; 0 filtered out; finished in 0.00s

     Running tests/acd.rs (target/debug/deps/acd-5e105962ccfa1dea)

running 18 tests
test s_ip_acd_001_the_ruled_schedule ... ok
test s_ip_acd_002_a_tentative_address_is_no_source ... ok
test s_ip_acd_003_an_answer_to_our_probe ... ok
test s_ip_acd_004_an_announcement_of_our_candidate ... ok
test s_ip_acd_005_a_simultaneous_prober ... ok
test s_ip_acd_006_our_own_probe_reflected ... ok
test s_ip_acd_007_the_conflict_window_ends_with_announce_wait ... ok
test s_ip_acd_008_ten_conflicts_rate_limit_new_candidates ... ok
test s_ip_acd_009_ten_quiet_minutes_lift_the_limit ... ok
test s_ip_acd_010_one_defence ... ok
test s_ip_acd_011_a_second_conflict_inside_the_interval_loses ... ok
test s_ip_acd_012_a_second_conflict_after_the_interval_is_defended ... ok
test s_ip_acd_014_a_renewal_is_not_probed ... ok
test s_ip_acd_015_link_down_abandons_probing ... ok
test s_ip_acd_017_detection_starts_at_the_first_announcement ... ok
test s_ip_acd_013_an_announcing_address_answers_probes ... ok
test s_ip_acd_016_link_up_announces_without_probing ... ok
test s_ip_acd_018_a_full_control_queue_holds_probes_and_announcements ... ok

test result: ok. 18 passed; 0 failed; 0 ignored; 0 measured; 0 filtered out; finished in 0.00s

     Running tests/addr.rs (target/debug/deps/addr-b0d0f21362bbbe6c)

running 31 tests
test s_ip_addr_001_an_added_address_becomes_a_connected_route ... ok
test s_ip_addr_002_prefix_lengths_0_and_33 ... ok
test s_ip_addr_003_not_unicast ... ok
test s_ip_addr_004_network_and_broadcast_forms ... ok
test s_ip_addr_005_one_address_one_interface ... ok
test s_ip_addr_006_eight_addresses ... ok
test s_ip_addr_008_slash_31_and_32 ... ok
test s_ip_addr_007_what_is_for_us ... ok
test s_ip_addr_009_the_strong_model ... ok
test s_ip_addr_010_limited_broadcast_needs_no_address ... ok
test s_ip_addr_011_a_tentative_address_is_not_ours_yet ... ok
test s_ip_addr_012_no_classful_broadcast ... ok
test s_ip_addr_013_announcing_is_usable ... ok
test s_ip_rte_001_a_connected_destination ... ok
test s_ip_rte_002_the_default_gateway ... ok
test s_ip_rte_004_longest_prefix ... ok
test s_ip_addr_014_removal_withdraws_route_and_gateway ... ok
test s_ip_rte_005_gateways_are_on_link_unicast_hosts ... ok
test s_ip_rte_003_no_gateway ... ok
test s_ip_rte_006_invalid_and_local_destinations ... ok
test s_ip_rte_008_multicast_ttl_is_the_callers ... ok
test s_ip_rte_007_limited_broadcast_needs_one_interface ... ok
test s_ip_rte_009_subnet_broadcast_needs_no_arp ... ok
test s_ip_rte_010_the_source_of_the_next_hops_prefix ... ok
test s_ip_rte_011_a_bound_source_picks_its_interface ... ok
test s_ip_rte_012_only_the_acquiring_source_is_unspecified ... ok
test s_ip_rte_016_no_forwarding ... ok
test s_ip_rte_015_what_moves_the_generation ... ok
test s_ip_rte_013_a_failed_gateway_is_passed_over ... ok
test s_ip_rte_014_with_no_good_gateway ... ok
test s_ip_rte_017_lookups_send_nothing ... ok

test result: ok. 31 passed; 0 failed; 0 ignored; 0 measured; 0 filtered out; finished in 0.00s

     Running tests/clk.rs (target/debug/deps/clk-2d6aa654abe4a9a6)

running 10 tests
test s_ip_clk_001_a_send_arms_the_retransmission ... ok
test s_ip_clk_002_nothing_fires_before_its_deadline ... ok
test s_ip_clk_003_firing_more_often_changes_nothing ... ok
test s_ip_clk_004_a_jump_fires_a_reachable_entry_once ... ok
test s_ip_clk_005_a_jump_owes_one_request ... ok
test s_ip_clk_008_announce_wait_counts_from_the_hand_off ... ok
test s_ip_clk_007_a_regressed_clock_is_the_latest ... ok
test s_ip_clk_010_a_deadline_saturates ... ok
test s_ip_clk_009_a_jump_refills_a_bucket_to_its_cap ... ok
test s_ip_clk_006_prop_one_secret_one_run ... ok

test result: ok. 10 passed; 0 failed; 0 ignored; 0 measured; 0 filtered out; finished in 0.01s

     Running tests/icmp.rs (target/debug/deps/icmp-e8b169b5e410fade)

running 53 tests
test s_icmp_023_a_redirect_is_refused ... ok
test s_icmp_024_a_timestamp_request_is_refused ... ok
test s_icmp_032_b_answers_a ... ok
test s_icmp_034_no_answer_to_a_group ... ok
test s_icmp_026_a_timestamp_reply_is_unsupported ... ok
test s_icmp_035_record_route_is_not_returned ... ok
test s_icmp_036_a_quote_from_someone_else ... ok
test s_icmp_033_all_the_data_comes_back ... ok
test s_icmp_037_a_quote_of_a_later_fragment ... ok
test s_icmp_038_each_error_goes_to_its_transport ... ok
test s_icmp_040_576_bytes_at_most ... ok
test s_icmp_039_the_generated_port_unreachable ... ok
test s_icmp_041_the_quote_is_as_received ... ok
test s_icmp_043_no_error_about_a_broadcast ... ok
test s_icmp_044_no_error_about_a_link_broadcast ... ok
test s_icmp_045_no_error_about_a_fragment ... ok
test s_icmp_046_no_error_to_a_source_that_is_no_host ... ok
test s_ip_echo_002_dscp_copied_ecn_cleared ... ok
test s_ip_echo_001_the_mirror_of_the_request ... ok
test s_ip_echo_003_an_off_link_requester_is_answered_through_the_gateway ... ok
test s_icmp_042_an_error_for_no_socket_is_not_answered ... ok
test s_ip_echo_004_the_reply_carries_no_options ... ok
test s_ip_echo_006_an_echo_reply_is_counted ... ok
test s_ip_echo_005_sixteen_replies_wait ... ok
test s_ip_echo_007_a_tentative_address_does_not_answer ... ok
test s_ip_echo_008_echo_is_not_rate_limited ... ok
test s_ip_icd_001_a_port_unreachable_for_udp ... ok
test s_ip_icd_002_fragmentation_needed_for_tcp ... ok
test s_ip_icd_003_an_error_to_a_broadcast ... ok
test s_ip_icd_004_a_quote_from_a_tentative_address ... ok
test s_ip_icd_005_a_quote_of_icmp ... ok
test s_ip_icd_006_quotes_of_igmp_and_others ... ok
test s_ip_icd_007_time_exceeded ... ok
test s_ip_icd_008_parameter_problem ... ok
test s_ip_icd_009_an_unassigned_code ... ok
test s_ip_icd_010_a_redirect_moves_no_route ... ok
test s_ip_icd_012_a_resolution_failure_is_local ... ok
test s_ip_icg_001_protocol_unreachable ... ok
test s_ip_icd_011_prop_the_shared_classification ... ok
test s_ip_icg_004_refusals_are_silent ... ok
test s_ip_icg_003_suppression_takes_no_token ... ok
test s_ip_icg_002_port_unreachable ... ok
test s_ip_icg_006_an_unknown_protocol_to_a_broadcast ... ok
test s_ip_icg_007_short_datagrams_are_quoted_whole ... ok
test s_ip_icg_008_a_malformed_router_alert_is_dropped_silently ... ok
test s_ip_rl_002_one_token_per_100_ms ... ok
test s_ip_rl_001_ten_then_limited ... ok
test s_ip_rl_003_another_destination_has_its_own_bucket ... ok
test s_ip_rl_006_prop_colliding_destinations_share_a_bucket ... ok
test s_ip_icg_005_prop_only_echo_replies_and_unreachables ... ok
test s_ip_rl_007_suppressed_requests_spend_nothing ... ok
test s_ip_rl_004_the_global_burst_is_drawn ... ok
test s_ip_rl_005_the_global_bucket_refills_at_100_a_second ... ok

test result: ok. 53 passed; 0 failed; 0 ignored; 0 measured; 0 filtered out; finished in 0.00s

     Running tests/igmp.rs (target/debug/deps/igmp-a077bd666a39dcfe)

running 35 tests
test s_igmp_024_ttl_2_is_accepted ... ok
test s_igmp_029_joining_all_hosts_sends_nothing ... ok
test s_igmp_025_a_general_query_to_our_address ... ok
test s_igmp_023_no_router_alert_is_refused ... ok
test s_ip_igm_001_a_join_is_reported_twice ... ok
test s_ip_frg_001_a_fragment_is_refused_and_logged ... ok
test s_ip_igm_003_a_leave_is_reported_twice ... ok
test s_ip_igm_002_joins_before_and_after_the_first_address ... ok
test s_ip_igm_005_membership_is_counted ... ok
test s_ip_igm_004_a_leave_replaces_the_join ... ok
test s_ip_igm_006_all_hosts_is_never_reported ... ok
test s_ip_igm_007_a_general_query_is_answered_later ... ok
test s_ip_igm_008_a_sooner_general_response_suffices ... ok
test s_ip_igm_009_a_group_query ... ok
test s_ip_igm_011_a_group_and_source_query ... ok
test s_ip_igm_010_a_query_for_a_group_not_joined ... ok
test s_ip_igm_012_too_many_sources_make_a_group_response ... ok
test s_ip_igm_013_queries_need_router_alert ... ok
test s_ip_igm_014_general_query_destinations ... ok
test s_ip_igm_015_a_group_query_to_another_group ... ok
test s_ip_igm_016_the_robustness_is_learned ... ok
test s_ip_igm_017_a_v2_querier ... ok
test s_ip_igm_019_another_hosts_report_suppresses_ours ... ok
test s_ip_igm_018_a_join_in_v2_mode ... ok
test s_ip_igm_020_a_v1_query_is_refused ... ok
test s_ip_igm_021_v2_mode_ends ... ok
test s_ip_igm_023_the_last_reporter_leaves ... ok
test s_ip_igm_024_other_hosts_reports_are_ignored_in_v3 ... ok
test s_ip_igm_022_a_v2_group_query_in_v3_mode ... ok
test s_ip_igm_025_thirty_two_groups ... ok
test s_ip_igm_026_link_flap ... ok
test s_ip_igm_027_one_report_for_every_group ... ok
test s_ip_igm_028_the_join_byte_for_byte ... ok
test s_ip_mod_001_one_line_per_rule_per_10_s ... ok
test s_ip_mod_002_ordinary_refusals_are_not_logged ... ok

test result: ok. 35 passed; 0 failed; 0 ignored; 0 measured; 0 filtered out; finished in 0.00s

     Running tests/io.rs (target/debug/deps/io-e858bf5cb8989449)

running 52 tests
test s_eth_010_type_0600_is_unknown ... ok
test s_eth_012_lldp ... ok
test s_eth_011_ipv6 ... ok
test s_eth_019_9100_is_not_a_tag ... ok
test s_eth_014_a_priority_tag_is_untagged ... ok
test s_eth_022_another_hosts_mac ... ok
test s_eth_023_group_macs_follow_membership ... ok
test s_eth_024_vlans_are_refused ... ok
test s_eth_025_our_own_source ... ok
test s_eth_032_broadcast_destinations_go_to_the_broadcast_mac ... ok
test s_ip_002_minimal_datagram_is_an_unknown_protocol ... ok
test s_eth_033_a_unicast_destination_is_never_link_broadcast ... ok
test s_ip_021_first_fragment ... ok
test s_ip_020_df_and_mf_is_a_fragment ... ok
test s_ip_023_largest_offset ... ok
test s_ip_022_last_fragment ... ok
test s_ip_025_ttl_zero_is_delivered ... ok
test s_ip_026_ttl_one_is_delivered ... ok
test s_ip_029_other_protocols ... ok
test s_ip_035_the_mtu_bounds_a_send ... ok
test s_ip_in_001_frame_before_destination ... ok
test s_ip_in_002_unicast_in_a_group_frame ... ok
test s_ip_in_003_a_group_destination_in_our_frame ... ok
test s_ip_in_004_martian_destinations ... ok
test s_ip_in_005_invalid_sources ... ok
test s_ip_in_006_destination_before_source ... ok
test s_ip_in_008_fragments_before_options ... ok
test s_ip_in_007_our_own_source_on_any_interface ... ok
test s_ip_in_009_what_a_transport_is_handed ... ok
test s_ip_out_002_ttl ... ok
test s_ip_out_003_tos ... ok
test s_ip_out_004_the_mtu ... ok
test s_ip_out_005_link_destinations ... ok
test s_ip_out_006_the_control_queue_is_bounded ... ok
test s_ipo_015_stream_id_is_delivered ... ok
test s_ipo_016_security_option_is_delivered ... ok
test s_ip_out_008_released_datagrams_wait_at_the_head_of_their_queue ... ok
test s_ip_out_001_prop_every_datagram_is_atomic ... ok
test s_ipp_001_loose_source_route ... ok
test s_ipp_002_strict_source_route ... ok
test s_ipp_003_record_route_is_ignored ... ok
test s_ipp_005_broadcast_forms ... ok
test s_ipp_004_our_address_and_another ... ok
test s_ipp_007_invalid_sources ... ok
test s_ipp_008_unspecified_only_for_igmp ... ok
test s_ipp_009_our_own_source ... ok
test s_ipp_010_loopback_destination ... ok
test s_ipp_006_joined_groups ... ok
test s_ipp_012_an_unknown_protocol_to_us ... ok
test s_ipp_011_unicast_in_a_broadcast_frame ... ok
test s_ipp_013_an_unknown_protocol_to_all ... ok
test s_udp_022_the_mtu_refuses_1473_bytes ... ok

test result: ok. 52 passed; 0 failed; 0 ignored; 0 measured; 0 filtered out; finished in 0.00s

     Running tests/nbr.rs (target/debug/deps/nbr-d1f358643e741d69)

running 21 tests
test s_arp_016_the_sender_mac_is_what_is_learned ... ok
test s_arp_018_invalid_sender_addresses ... ok
test s_ip_nbr_001_our_own_mac_as_sender ... ok
test s_arp_017_a_group_sender_mac ... ok
test s_ip_nbr_002_prefix_edges_are_no_senders ... ok
test s_ip_nbr_003_a_request_for_us ... ok
test s_ip_nbr_004_a_request_for_another_host ... ok
test s_ip_nbr_007_an_unknown_router_moving ... ok
test s_ip_nbr_006_an_unsolicited_reply ... ok
test s_ip_nbr_009_locktime ... ok
test s_ip_nbr_005_a_known_host_asking_for_another ... ok
test s_ip_nbr_008_a_known_router_moving ... ok
test s_ip_nbr_010_a_second_answer_is_locked_out ... ok
test s_ip_nbr_011_an_unsolicited_same_mac_extends_nothing ... ok
test s_ip_nbr_012_an_off_link_sender_is_answered_not_cached ... ok
test s_ip_nbr_013_a_probe_is_answered_and_not_cached ... ok
test s_ip_nbr_014_a_reply_for_another_target_asserts ... ok
test s_ip_nbr_015_a_broadcast_reply_is_still_solicited ... ok
test s_ip_nbr_016_the_strong_model_for_arp ... ok
test s_ip_nbr_017_a_tentative_address_is_not_answered ... ok
test s_ip_nbr_018_fifty_mac_changes_one_line ... ok

test result: ok. 21 passed; 0 failed; 0 ignored; 0 measured; 0 filtered out; finished in 0.00s

     Running tests/nud.rs (target/debug/deps/nud-1225946647f781ff)

running 34 tests
test s_ip_nud_001_resolution_releases_the_datagram ... ok
test s_ip_nud_004_overflow_drops_the_oldest ... ok
test s_ip_nud_002_three_requests_then_failed ... ok
test s_ip_nud_003_release_keeps_arrival_order ... ok
test s_ip_nud_007_positive_advice_moves_the_confirmation ... ok
test s_ip_nud_006_reachable_goes_stale_silently ... ok
test s_ip_nud_005_the_interface_holds_at_most_64 ... ok
test s_ip_nud_008_delay_probe_unreachable ... ok
test s_ip_nud_009_advice_ends_delay ... ok
test s_ip_nud_010_a_reply_confirms_probe ... ok
test s_ip_nud_012_unreachable_is_quiet_without_traffic ... ok
test s_ip_nud_013_a_moved_router_answers ... ok
test s_ip_nud_015_an_assertion_revives_failed ... ok
test s_ip_nud_014_failed_is_held_down ... ok
test s_ip_nud_016_requests_are_spaced ... ok
test s_ip_nud_019_positive_advice_needs_a_mac ... ok
test s_ip_nud_020_advice_lands_on_the_gateway ... ok
test s_ip_nud_018_negative_advice_leaves_probe_incomplete_and_failed ... ok
test s_ip_nud_011_unreachable_backs_off_while_traffic_flows ... ok
test s_ip_nud_017_negative_advice_probes ... ok
test s_ip_nud_021_stale_is_deleted_when_idle ... ok
test s_ip_nud_024_requests_speak_from_the_prompting_source ... ok
test s_ip_nud_023_link_down_drops_the_table ... ok
test s_ip_nud_025_a_flow_waits_outside ... ok
test s_ip_nud_026_a_flow_moves_stale_to_delay ... ok
test s_ip_nud_027_prop_reachable_time_is_drawn_every_two_hours ... ok
test s_ip_nud_030_an_entry_whose_lifetime_runs_stays_as_it_drains ... ok
test s_ip_nud_030_released_datagrams_keep_their_entry ... ok
test s_ip_nud_031_a_request_queued_after_the_lifetime_is_not_idle ... ok
test s_ip_nud_031_a_request_queued_at_the_backoff_deadline_is_not_idle ... ok
test s_ip_nud_031_a_request_queued_before_the_lifetime_is_not_idle ... ok
test s_ip_nud_022_a_full_table_evicts_in_order ... ok
test s_ip_nud_029_released_datagrams_are_evicted_last ... ok
test s_ip_nud_022_a_send_a_full_table_refused_is_told_of_room ... ok

test result: ok. 34 passed; 0 failed; 0 ignored; 0 measured; 0 filtered out; finished in 0.01s

     Running unittests src/lib.rs (target/debug/deps/toyos_net_shard-16b7553c9b05e73b)

running 2 tests
test tests::the_head_freed_in_its_turn_ends_the_turn ... ok
test tests::a_connection_freed_in_the_round_leaves_it ... ok

test result: ok. 2 passed; 0 failed; 0 ignored; 0 measured; 0 filtered out; finished in 0.00s

     Running tests/drr.rs (target/debug/deps/drr-27a28e8a9c107330)

running 6 tests
test s_shard_drr_001_a_turn_spans_opportunities_on_one_quantum ... ok
test a_sender_leaves_the_round_with_its_last_datagram ... ok
test s_shard_drr_001_a_negative_deficit_is_repaid ... ok
test a_connection_that_takes_a_freed_slot_takes_one_turn ... ok
test s_shard_drr_003_ip_and_owed_resets_go_first_and_the_round_resumes ... ok
test s_shard_drr_002_a_bulk_flow_starves_no_other_beyond_its_quantum ... ok

test result: ok. 6 passed; 0 failed; 0 ignored; 0 measured; 0 filtered out; finished in 0.00s

     Running tests/egress.rs (target/debug/deps/egress-4dfe0909af66a446)

running 19 tests
test s_hs_034_shard_a_child_whose_peer_never_answers_gives_up ... ok
test s_hs_035_shard_a_directed_broadcast_is_not_a_unicast_remote ... ok
test s_ip_nud_009_shard_an_acknowledgment_ends_delay ... ok
test s_ip_nud_020_shard_a_stalled_connect_reverifies_the_gateway ... ok
test s_ip_nud_024_shard_a_segments_request_prefers_its_source ... ok
test s_ip_nud_026_shard_a_segment_to_a_stale_neighbour_moves_it_to_delay ... ok
test s_ip_out_007_an_arp_request_goes_before_a_ready_segment ... ok
test s_pl_012_shard_a_connect_waits_for_its_next_hop_and_then_leaves ... ok
test s_pl_013_shard_a_connect_with_no_route_fails_at_once ... ok
test s_pl_013_shard_a_connect_to_no_one_fails_at_once_as_host_unreachable ... ok
test s_pl_014_shard_an_established_flow_records_host_unreachable ... ok
test s_pl_014_shard_an_established_flow_with_no_route_records_host_unreachable ... ok
test s_pl_014_shard_a_failed_flow_is_asked_once_while_another_sends ... ok
test s_pl_015_shard_a_reset_for_no_socket_waits_for_its_next_hop ... ok
test s_pl_015_shard_a_reset_to_a_peer_that_never_answers_is_dropped ... ok
test s_pl_015_shard_a_reset_with_no_route_is_dropped ... ok
test s_pl_015_shard_a_time_wait_ack_waits_for_its_next_hop ... ok
test s_pl_015_shard_an_owed_reset_waits_for_its_next_hop ... ok
test s_ip_nud_022_shard_a_flow_refused_by_a_full_table_asks_again_once_an_entry_may_go ... ok

test result: ok. 19 passed; 0 failed; 0 ignored; 0 measured; 0 filtered out; finished in 0.01s

     Running tests/icmp.rs (target/debug/deps/icmp-7ca7d50a0e798462)

running 4 tests
test s_ic_008_shard_time_exceeded_is_soft ... ok
test s_ic_009_shard_parameter_problem_is_soft ... ok
test s_ic_012_shard_fragmentation_needed_without_an_mtu_is_ignored ... ok
test s_ic_001_shard_port_unreachable_refuses_a_connect ... ok

test result: ok. 4 passed; 0 failed; 0 ignored; 0 measured; 0 filtered out; finished in 0.00s

     Running tests/log.rs (target/debug/deps/log-7e704e1cafcc9962)

running 3 tests
test s_ip_mod_001_shard_one_line_per_rule_per_10_s ... ok
test s_udp_us_020_shard_sending_to_this_host_is_logged ... ok
test s_mod_005_shard_one_line_per_rule_per_10_s ... ok

test result: ok. 3 passed; 0 failed; 0 ignored; 0 measured; 0 filtered out; finished in 0.00s

     Running tests/net.rs (target/debug/deps/net-ab9a172792fd838b)

running 5 tests
test s_net_003_reordering_below_the_threshold ... ok
test s_net_001_sack_repairs_every_50th ... ok
test s_net_006_a_dark_link ... ok
test s_net_004_duplicates_are_reported_by_dsack ... ok
test s_pl_011_many_up ... ok

test result: ok. 5 passed; 0 failed; 0 ignored; 0 measured; 0 filtered out; finished in 11.49s

     Running tests/udp.rs (target/debug/deps/udp-ca35ea47de5f67b9)

running 3 tests
test s_ip_icd_012_shard_a_resolution_failure_reaches_the_connected_socket ... ok
test s_udp_us_035_shard_no_socket_is_a_port_unreachable ... ok
test s_udp_us_046_shard_a_port_unreachable_refuses_the_connected_socket_once ... ok

test result: ok. 3 passed; 0 failed; 0 ignored; 0 measured; 0 filtered out; finished in 0.00s

     Running unittests src/lib.rs (target/debug/deps/toyos_net_tcp-9d67b83da6b7b167)

running 27 tests
test cc::tests::s_cc_007_slow_start_stops_at_ssthresh ... ok
test cc::tests::s_cc_010_congestion_events ... ok
test cc::tests::s_cc_008_the_epoch_after_a_timeout ... ok
test cc::tests::s_cc_011_reno_friendly_region ... ok
test cc::tests::s_cc_013_application_limited_time_is_skipped ... ok
test cc::tests::s_cc_009_cubic_values ... ok
test cc::tests::s_cc_014_flight_not_cwnd_at_a_timeout ... ok
test cc::tests::s_cc_015_prop_avoidance_growth_is_bounded ... ok
test props::s_op_025_prop_timestamps_on_every_segment ... ok
test props::s_prop_001_snd_una_at_or_before_snd_nxt ... ok
test props::s_mod_004_prop_urgent_is_never_sent ... ok
test props::s_prop_001_snd_una_at_or_before_snd_nxt_whatever_the_next_hop_answers ... ok
test props::s_prop_002_delivered_data_is_a_prefix ... ok
test props::s_prop_004_the_right_edge_never_retreats ... ok
test props::s_prop_005_the_scoreboard_stays_above_snd_una ... ok
test props::s_prop_003_end_of_stream_after_every_byte ... ok
test props::s_prop_006_totality_against_an_adversary ... ok
test props::s_prop_008_nothing_happens_before_a_deadline ... ok
test rtt::tests::s_rt_001_first_sample ... ok
test rtt::tests::s_rt_002_later_sample ... ok
test rtt::tests::s_rt_003_the_200_ms_floor ... ok
test rtt::tests::s_rt_004_the_60_s_ceiling ... ok
test rtt::tests::s_rt_012_appendix_g_weights ... ok
test tx::tests::s_lr_015_the_scoreboard_keeps_the_lowest_64 ... ok
test props::s_prop_007_pipe_is_bounded ... ok
test props::s_rt_017_prop_no_retransmission_before_an_rto ... ok
test props::s_rx_026_prop_sacked_bytes_are_delivered ... ok

test result: ok. 27 passed; 0 failed; 0 ignored; 0 measured; 0 filtered out; finished in 3.48s

     Running tests/acceptability.rs (target/debug/deps/acceptability-0eeb4c11a95ace80)

running 27 tests
test s_ac_001_in_order_text_is_acknowledged_late ... ok
test s_ac_002_at_the_right_edge ... ok
test s_ac_006_empty_segment_beyond_the_window ... ok
test s_ac_007_front_trim ... ok
test s_ac_008_back_trim ... ok
test s_ac_003_zero_window_probe ... ok
test s_ac_005_zero_window_rst ... ok
test s_ac_009_exact_rst ... ok
test s_ac_004_zero_window_pure_ack ... ok
test s_ac_010_inexact_rst_is_challenged ... ok
test s_ac_011_rst_outside_the_window ... ok
test s_ac_013_syn_is_challenged ... ok
test s_ac_012_challenge_acks_are_limited ... ok
test s_ac_014_syn_beyond_the_window ... ok
test s_ac_015_retransmitted_synack ... ok
test s_ac_017_rfc5961_lower_bound ... ok
test s_ac_016_ack_of_unsent_data ... ok
test s_ac_019_text_without_ack ... ok
test s_ac_021_a_window_may_shrink ... ok
test s_ac_020_old_segments_do_not_update_the_window ... ok
test s_ac_022_max_snd_wnd ... ok
test s_ac_023_one_ack_per_receive_pass ... ok
test s_ac_024_text_after_the_peer_fin ... ok
test s_ac_026_rst_with_fin ... ok
test s_ac_025_ack_half_the_space_away ... ok
test s_ac_018_data_with_the_old_ack_is_no_duplicate ... ok
test s_ac_027_rst_payload_is_ignored ... ok

test result: ok. 27 passed; 0 failed; 0 ignored; 0 measured; 0 filtered out; finished in 0.00s

     Running tests/close.rs (target/debug/deps/close-a96cc1c02da4a174)

running 32 tests
test s_cl_004_fin_acknowledging_ours ... ok
test s_cl_002_passive_close ... ok
test s_cl_001_active_close ... ok
test s_cl_003_simultaneous_close ... ok
test s_cl_006_the_fin_is_retransmitted ... ok
test s_cl_005_the_fin_rides_on_data ... ok
test s_cl_007_half_close ... ok
test s_cl_008_sending_in_close_wait ... ok
test s_cl_009_a_retransmitted_fin_in_close_wait ... ok
test s_cl_010_a_retransmitted_fin_restarts_time_wait ... ok
test s_cl_011_an_orphan_in_fin_wait_2 ... ok
test s_cl_012_the_orphan_bound ... ok
test s_cl_015_data_for_an_orphan ... ok
test s_cl_013_an_orphan_behind_a_shut_window ... ok
test s_cl_018_reopening_from_time_wait_by_timestamp ... ok
test s_cl_017_time_wait_is_60_s ... ok
test s_cl_016_close_with_unread_data ... ok
test s_cl_019_reopening_by_sequence_number ... ok
test s_cl_020_rst_in_time_wait_is_ignored ... ok
test s_cl_022_syn_in_time_wait_without_a_listener ... ok
test s_cl_014_a_user_keeps_a_shut_window_open ... ok
test s_cl_021_a_failed_reopening_returns_to_time_wait ... ok
test s_cl_026_no_time_wait_after_a_reset ... ok
test s_cl_025_abort_without_rst ... ok
test s_cl_024_abort ... ok
test s_cl_027_the_reset_stub ... ok
test s_cl_029_shutdown_read ... ok
test s_cl_030_last_ack_waits_for_the_fin ... ok
test s_cl_031_rst_in_close_wait ... ok
test s_cl_028_close_in_syn_sent ... ok
test s_cl_032_rst_in_last_ack_and_closing ... ok
test s_cl_023_time_wait_is_bounded ... ok

test result: ok. 32 passed; 0 failed; 0 ignored; 0 measured; 0 filtered out; finished in 0.27s

     Running tests/congestion.rs (target/debug/deps/congestion-efaafaef71ea2fe2)

running 7 tests
test s_cc_004_one_segment_after_two_syn_retransmissions ... ok
test s_cc_001_ten_segments ... ok
test s_cc_003_ten_segments_of_536 ... ok
test s_cc_002_ten_segments_with_timestamps ... ok
test s_cc_006_no_growth_when_not_cwnd_limited ... ok
test s_cc_005_slow_start ... ok
test s_cc_012_restart_after_idle ... ok

test result: ok. 7 passed; 0 failed; 0 ignored; 0 measured; 0 filtered out; finished in 0.00s

     Running tests/egress.rs (target/debug/deps/egress-11854f80d76f070b)

running 25 tests
test s_ka_003_probes_that_cannot_leave_still_give_up ... ok
test s_hs_034_a_child_whose_synack_cannot_leave_gives_up ... ok
test s_ka_002_a_segment_cancels_a_probe_still_owed ... ok
test a_freed_connection_leaves_no_turn_behind ... ok
test s_pl_001_the_timer_starts_at_hand_off ... ok
test s_pl_003_unsent_is_not_in_flight ... ok
test s_pl_005_at_most_three_duplicate_acks_are_held ... ok
test s_pl_002_no_expiry_for_a_retransmission_that_never_left ... ok
test s_pl_004_owed_acks_collapse ... ok
test s_pl_007_credit_bounds_an_opportunity ... ok
test s_pl_006_a_segment_carries_the_state_of_its_moment ... ok
test s_pl_009_a_handshake_gives_up_without_credit ... ok
test s_pl_008_resets_go_first ... ok
test s_pl_009_give_up_without_credit ... ok
test s_pl_010_give_up_before_retransmission ... ok
test s_pl_012_a_connection_freed_while_waiting_leaves_no_turn_behind ... ok
test s_pl_012_a_window_update_offers_nothing_until_it_leaves ... ok
test s_pl_012_a_flow_builds_nothing_while_its_next_hop_is_pending ... ok
test s_pl_012_an_ack_owed_in_syn_received_waits_for_its_next_hop ... ok
test s_pl_012_an_owed_ack_waits_for_its_next_hop ... ok
test s_pl_013_a_local_host_unreachable_fails_a_connect_at_once ... ok
test s_pl_014_an_owed_ack_outlasts_an_unreachable_next_hop ... ok
test s_pl_015_what_is_owed_outside_a_connection_waits_for_its_next_hop ... ok
test s_pl_014_a_synchronized_connection_records_host_unreachable_soft ... ok
test s_pl_015_resets_waiting_for_their_next_hop_stay_bounded ... ok

test result: ok. 25 passed; 0 failed; 0 ignored; 0 measured; 0 filtered out; finished in 0.00s

     Running tests/handshake.rs (target/debug/deps/handshake-bf37f36dc7f1c4c3)

running 42 tests
test s_hs_001_active_open_bare_peer ... ok
test s_hs_002_active_open_full_peer ... ok
test s_hs_004_passive_open_full_peer ... ok
test s_hs_003_passive_open_bare_peer ... ok
test s_hs_006_simultaneous_open_synack_lost ... ok
test s_hs_008_synsent_ack_past_snd_nxt ... ok
test s_hs_007_synsent_ack_at_iss ... ok
test s_hs_009_synsent_refused ... ok
test s_hs_010_synsent_rst_without_ack ... ok
test s_hs_012_synsent_ack_without_syn ... ok
test s_hs_011_synsent_rst_with_a_bad_ack ... ok
test s_hs_005_simultaneous_open ... ok
test s_hs_013_synsent_bad_ack_without_syn ... ok
test s_hs_014_synsent_fin ... ok
test s_hs_016_one_syn_retransmission ... ok
test s_hs_018_syn_payload_is_discarded ... ok
test s_hs_017_two_syn_retransmissions ... ok
test s_hs_015_syn_give_up ... ok
test s_hs_019_synack_payload_is_discarded ... ok
test s_hs_020_listen_rst ... ok
test s_hs_022_listen_synack ... ok
test s_hs_021_listen_ack ... ok
test s_hs_023_listen_without_syn ... ok
test s_hs_024_duplicate_syn_in_syn_received ... ok
test s_hs_025_new_syn_in_syn_received ... ok
test s_hs_026_child_bad_ack ... ok
test s_hs_027_child_rst ... ok
test s_hs_029_child_fin ... ok
test s_hs_030_fin_waits_for_established ... ok
test s_hs_028_active_syn_received_rst ... ok
test s_hs_031_child_text_without_ack ... ok
test s_hs_032_child_inexact_rst ... ok
test s_hs_033_child_completes_with_data ... ok
test s_hs_035_connect_needs_a_unicast_remote ... ok
test s_hs_034_synack_give_up ... ok
test s_hs_038_data_queued_in_syn_sent ... ok
test s_hs_039_active_syn_received_bad_ack ... ok
test s_hs_040_synack_retransmitted ... ok
test s_hs_037_the_initial_window_is_ten_smss ... ok
test s_hs_042_no_socket_reset_limit ... ok
test s_hs_041_no_socket ... ok
test s_hs_043_calls_in_the_wrong_state ... ok

test result: ok. 42 passed; 0 failed; 0 ignored; 0 measured; 0 filtered out; finished in 0.00s

     Running tests/icmp.rs (target/debug/deps/icmp-ffa6c6ab59385f3a)

running 21 tests
test s_ic_004_administratively_prohibited ... ok
test s_ic_001_port_unreachable_refuses_a_connect ... ok
test s_ic_002_a_stale_quote ... ok
test s_ic_003_host_unreachable_is_soft ... ok
test s_ic_005_soft_in_a_synchronized_state ... ok
test s_ic_006_port_unreachable_is_soft_when_synchronized ... ok
test s_ic_007_quotes_outside_the_flight ... ok
test s_ic_008_time_exceeded_is_soft ... ok
test s_ic_010_an_unassigned_code_is_soft ... ok
test s_ic_009_parameter_problem_is_soft ... ok
test s_ic_011_path_mtu_lowered ... ok
test s_ic_013_an_mtu_that_is_no_smaller ... ok
test s_ic_012_no_next_hop_mtu ... ok
test s_ic_014_the_mtu_floor ... ok
test s_ic_015_an_mtu_not_below_the_refused_datagram ... ok
test s_ic_017_time_wait_is_stale ... ok
test s_ic_018_a_listener_is_never_addressed ... ok
test s_ic_016_one_retransmission_per_lowering ... ok
test s_ic_019_a_pending_child_is_deleted ... ok
test s_ic_021_path_mtu_with_timestamps ... ok
test s_ic_020_progress_clears_a_soft_error ... ok

test result: ok. 21 passed; 0 failed; 0 ignored; 0 measured; 0 filtered out; finished in 0.00s

     Running tests/isn.rs (target/debug/deps/isn-7af6640592a66bf2)

running 9 tests
test s_isn_001_siphash_reference_vectors ... ok
test s_isn_004_every_field_of_the_tuple_counts ... ok
test s_isn_003_the_4us_clock ... ok
test s_isn_005_the_key_counts ... ok
test s_isn_006_clock_wrap ... ok
test s_isn_008_timestamp_offset ... ok
test s_isn_009_incarnations_share_the_offset ... ok
test s_isn_002_isn_at_clock_zero ... ok
test s_isn_007_prop_unpredictable ... ok

test result: ok. 9 passed; 0 failed; 0 ignored; 0 measured; 0 filtered out; finished in 0.00s

     Running tests/listen.rs (target/debug/deps/listen-bd46b961dd5f4399)

running 11 tests
test s_ls_001_one_listener_per_endpoint ... ok
test s_ls_002_connections_do_not_hold_the_port ... ok
test s_ls_005_first_in_first_out ... ok
test s_ls_003_the_pending_bound ... ok
test s_ls_007_a_reset_child_is_never_returned ... ok
test s_ls_006_a_closed_child_is_accepted ... ok
test s_ls_008_closing_a_listener_resets_its_children ... ok
test s_ls_009_the_specific_address_first ... ok
test s_ls_011_a_bound_port_without_a_listener ... ok
test s_ls_010_children_inherit_options ... ok
test s_ls_004_the_ready_bound ... ok

test result: ok. 11 passed; 0 failed; 0 ignored; 0 measured; 0 filtered out; finished in 0.00s

     Running tests/modern.rs (target/debug/deps/modern-fc1821e4aebcc48f)

running 14 tests
test s_div_001_rst_never_below_snd_una ... ok
test s_div_002_rst_below_the_offered_edge_behind_snd_una ... ok
test s_div_002_rst_at_a_shrunk_edge ... ok
test s_mod_001_syn_with_fin ... ok
test s_div_003_rst_at_snd_nxt_inside_the_window ... ok
test s_mod_002_syn_with_rst ... ok
test s_mod_003_urgent_data_inline ... ok
test s_div_001_rst_at_the_right_edge ... ok
test s_mod_007_fast_open ... ok
test s_mod_006_tcp_md5 ... ok
test s_mod_008_challenges_are_logged_once ... ok
test s_mod_009_out_of_range_acks_are_logged_per_10_s ... ok
test s_mod_005_a_bulk_peer_leaves_room_for_refusals ... ok
test s_mod_005_one_line_per_rule_per_10_s ... ok

test result: ok. 14 passed; 0 failed; 0 ignored; 0 measured; 0 filtered out; finished in 0.00s

     Running tests/net.rs (target/debug/deps/net-5b70f873ebd489f1)

running 13 tests
test s_net_005_lost_acks ... ok
test s_ls_012_a_syn_flood ... ok
test s_net_002_newreno_when_one_side_has_no_sack ... ok
test s_net_007_sequence_numbers_wrap ... ok
test s_net_011_the_fin_overtakes_the_last_data ... ok
test s_net_012_a_slow_reader ... ok
test s_net_008_timestamps_wrap ... ok
test s_net_010_a_lost_retransmission ... ok
test s_net_014_an_abort_is_a_reset ... ok
test s_net_009_the_last_segment_of_each_burst ... ok
test s_net_016_a_peer_without_options ... ok
test s_net_015_nagle_and_the_delayed_ack ... ok
test s_net_013_a_hundred_connections ... ok

test result: ok. 13 passed; 0 failed; 0 ignored; 0 measured; 0 filtered out; finished in 0.73s

     Running tests/options.rs (target/debug/deps/options-ea224e2c281f6e4f)

running 30 tests
test s_op_001_the_active_syn ... ok
test s_op_004_mss_zero_is_raised ... ok
test s_op_002_synack_to_a_bare_syn ... ok
test s_op_003_synack_to_a_full_syn ... ok
test s_op_007_the_interface_bounds_the_mss ... ok
test s_op_006_no_mss_option ... ok
test s_op_005_mss_100_is_raised ... ok
test s_op_011_unscaled_when_the_peer_offers_none ... ok
test s_op_010_shift_above_14_is_clamped ... ok
test s_op_008_timestamps_take_twelve_bytes ... ok
test s_op_009_window_scaling ... ok
test s_op_012_window_scale_outside_a_syn_is_ignored ... ok
test s_op_013_a_synack_window_is_never_scaled ... ok
test s_op_015_timestamps_unnegotiated ... ok
test s_op_016_timestamps_on_an_unnegotiated_connection ... ok
test s_op_017_ts_recent_needs_seq_at_or_before_last_ack_sent ... ok
test s_op_018_delayed_ack_echoes_the_earliest ... ok
test s_op_019_ts_across_a_hole ... ok
test s_op_014_sack_unnegotiated ... ok
test s_op_021_missing_timestamps_are_dropped ... ok
test s_op_023_ts_recent_expires_after_24_days ... ok
test s_op_020_paws ... ok
test s_op_024_rst_for_no_socket_echoes_the_timestamp ... ok
test s_op_026_mss_outside_a_syn_is_ignored ... ok
test s_op_022_no_paws_on_an_rst ... ok
test s_op_027_ecn_is_not_negotiated ... ok
test s_op_028_sack_blocks_in_a_syn_are_ignored ... ok
test s_op_029_the_last_mss_wins ... ok
test s_op_031_the_shift_fits_the_buffer ... ok
test s_op_032_tsecr_without_ack_is_ignored ... ok

test result: ok. 30 passed; 0 failed; 0 ignored; 0 measured; 0 filtered out; finished in 0.00s

     Running tests/port.rs (target/debug/deps/port-8bd072530b0a3bcc)

running 8 tests
test s_port_001_algorithm_4 ... ok
test s_port_002_another_destination_another_counter ... ok
test s_port_004_time_wait_holds_its_4_tuple ... ok
test s_port_003_a_listening_port_is_skipped ... ok
test s_port_007_never_a_self_connection ... ok
test s_port_006_algorithm_2_for_a_listener ... ok
test s_port_005_exhaustion ... ok
test s_port_008_prop_ports ... ok

test result: ok. 8 passed; 0 failed; 0 ignored; 0 measured; 0 filtered out; finished in 0.02s

     Running tests/receive.rs (target/debug/deps/receive-e32780703e867201)

running 26 tests
test s_rx_001_every_second_segment ... ok
test s_rx_003_out_of_order_is_acknowledged_at_once ... ok
test s_rx_004_duplicate_acks_are_not_coalesced ... ok
test s_rx_002_the_delayed_ack_is_40_ms ... ok
test s_rx_005_a_filled_hole_is_acknowledged_at_once ... ok
test s_rx_006_a_later_range_remains ... ok
test s_rx_007_stored_bytes_win ... ok
test s_rx_009_a_fin_beyond_a_hole ... ok
test s_rx_011_unread_bytes_close_the_window ... ok
test s_rx_010_nothing_after_a_remembered_fin ... ok
test s_rx_008_at_most_32_ranges ... ok
test s_rx_012_receiver_silly_window_avoidance ... ok
test s_rx_014_the_edge_holds_while_a_hole_is_open ... ok
test s_rx_013_a_window_update_when_the_window_was_small ... ok
test s_rx_016_the_ack_rides_on_data ... ok
test s_rx_015_the_offered_edge_is_honoured_under_scaling ... ok
test s_rx_018_the_triggering_range_first ... ok
test s_rx_017_sack_blocks ... ok
test s_rx_019_three_blocks_with_timestamps ... ok
test s_rx_020_dsack_below_rcv_nxt ... ok
test s_rx_021_dsack_inside_a_range ... ok
test s_rx_022_no_sack_unnegotiated ... ok
test s_rx_023_a_reset_is_never_end_of_stream ... ok
test s_rx_024_data_then_end ... ok
test s_rx_025_push_is_not_a_boundary ... ok
test s_rx_027_half_close_keeps_receiving ... ok

test result: ok. 26 passed; 0 failed; 0 ignored; 0 measured; 0 filtered out; finished in 0.00s

     Running tests/recovery.rs (target/debug/deps/recovery-2d2e7466f25a0f52)

running 22 tests
test s_lr_001_newreno_one_loss ... ok
test s_lr_003_newreno_partial_ack ... ok
test s_lr_002_limited_transmit_and_inflation ... ok
test s_lr_004_full_ack_after_limited_transmit ... ok
test s_lr_006_no_fast_retransmit_after_a_timeout ... ok
test s_lr_007_inflation_is_capped ... ok
test s_lr_005_what_is_not_a_duplicate ... ok
test s_lr_009_is_lost_on_the_first_ack ... ok
test s_lr_008_sack_recovery ... ok
test s_lr_010_a_second_hole ... ok
test s_lr_014_invalid_blocks_and_dsack ... ok
test s_lr_012_rescue_retransmission ... ok
test s_lr_011_new_data_during_sack_recovery ... ok
test s_lr_013_the_recovery_point ... ok
test s_lr_017_a_second_timeout ... ok
test s_lr_016_timeout ... ok
test s_lr_018_no_sack_recovery_before_the_timeout_point ... ok
test s_lr_019_sacks_after_a_timeout_skip_held_ranges ... ok
test s_lr_020_sacked_bytes_stay_queued ... ok
test s_lr_021_pure_duplicates_without_blocks ... ok
test s_lr_022_limited_transmit_by_pipe ... ok
test s_lr_023_a_lost_fast_retransmission ... ok

test result: ok. 22 passed; 0 failed; 0 ignored; 0 measured; 0 filtered out; finished in 0.00s

     Running tests/rtt.rs (target/debug/deps/rtt-2961607eb6af4b5e)

running 11 tests
test s_rt_005_the_minimum_is_200_ms ... ok
test s_rt_006_three_seconds_after_a_lost_syn ... ok
test s_rt_008_one_segment_timed ... ok
test s_rt_007_karn ... ok
test s_rt_010_a_retransmission_echoed ... ok
test s_rt_009_timestamp_samples ... ok
test s_rt_011_an_echo_from_the_future ... ok
test s_rt_014_three_expiries_forget_the_estimate ... ok
test s_rt_013_backoff_doubles ... ok
test s_rt_016_no_timer_when_all_is_acknowledged ... ok
test s_rt_015_the_timer_restarts_on_new_acks ... ok

test result: ok. 11 passed; 0 failed; 0 ignored; 0 measured; 0 filtered out; finished in 0.00s

     Running tests/send.rs (target/debug/deps/send-d98d347c41bd4e60)

running 21 tests
test s_tx_001_one_segment_with_push ... ok
test s_tx_004_full_segments_then_wait ... ok
test s_tx_003_nodelay ... ok
test s_tx_002_nagle ... ok
test s_tx_005_push_only_where_the_queue_empties ... ok
test s_tx_006_silly_window_override ... ok
test s_tx_007_an_opened_window_cancels_the_override ... ok
test s_tx_008_half_the_largest_window ... ok
test s_tx_009_a_shrunk_window ... ok
test s_tx_010_the_initial_window_bounds_a_burst ... ok
test s_tx_011_the_send_buffer_is_bounded ... ok
test s_tx_012_no_send_after_shutdown ... ok
test s_tx_013_persist_backs_off ... ok
test s_tx_015_the_probe_byte_taken ... ok
test s_tx_014_an_opened_window_ends_persist ... ok
test s_tx_018_the_fin_as_probe ... ok
test s_tx_017_an_unanswered_persist_gives_up ... ok
test s_tx_019_a_shut_window_stops_the_retransmission_timer ... ok
test s_tx_020_cwnd_does_not_arm_the_override ... ok
test s_tx_021_close_pushes ... ok
test s_tx_016_an_answered_persist_lives ... ok

test result: ok. 21 passed; 0 failed; 0 ignored; 0 measured; 0 filtered out; finished in 0.00s

     Running tests/seq.rs (target/debug/deps/seq-f1b6a3fe9daf55ea)

running 8 tests
test s_seq_001_offsets ... ok
test s_seq_004_ack_range_check ... ok
test s_seq_003_half_the_space_is_unordered ... ok
test s_seq_002_ordering_across_the_wrap ... ok
test s_seq_006_acceptability_across_the_wrap ... ok
test s_seq_007_timestamps_compare_modularly ... ok
test s_seq_008_sending_across_the_wrap ... ok
test s_seq_005_segment_length ... ok

test result: ok. 8 passed; 0 failed; 0 ignored; 0 measured; 0 filtered out; finished in 0.00s

     Running tests/timers.rs (target/debug/deps/timers-133df2558bfcdc9b)

running 15 tests
test s_gu_001_three_expiries_raise_advice ... ok
test s_gu_004_user_timeout ... ok
test s_gu_003_progress_restarts_the_give_up_clock ... ok
test s_gu_002_give_up ... ok
test s_gu_005_user_timeout_ends_an_answered_persist ... ok
test s_gu_006_progress_confirms_the_next_hop ... ok
test s_ka_001_off_by_default ... ok
test s_gu_006_b_advice_is_kept_per_address ... ok
test s_ka_002_a_probe_after_two_hours ... ok
test s_gu_006_a_confirmation_after_a_reverify_is_kept ... ok
test s_ka_004_no_keepalive_with_data_outstanding ... ok
test s_ka_005_the_peer_keepalive_is_answered ... ok
test s_ka_003_nine_unanswered_probes ... ok
test s_ka_006_the_idle_time_is_settable ... ok
test s_ka_007_close_wait_and_fin_wait_2 ... ok

test result: ok. 15 passed; 0 failed; 0 ignored; 0 measured; 0 filtered out; finished in 0.00s

     Running unittests src/lib.rs (target/debug/deps/toyos_net_testnet-d8d15c429c401ced)

running 0 tests

test result: ok. 0 passed; 0 failed; 0 ignored; 0 measured; 0 filtered out; finished in 0.00s

     Running tests/testnet.rs (target/debug/deps/testnet-ac286a188de94e06)

running 2 tests
test a_published_reader_decodes_the_capture_as_the_wire_carried_it ... ok
test a_run_repeats_exactly ... ok

test result: ok. 2 passed; 0 failed; 0 ignored; 0 measured; 0 filtered out; finished in 0.00s

     Running unittests src/lib.rs (target/debug/deps/toyos_net_udp-aaa035acec7a6aa4)

running 0 tests

test result: ok. 0 passed; 0 failed; 0 ignored; 0 measured; 0 filtered out; finished in 0.00s

     Running tests/bind.rs (target/debug/deps/bind-573e9a9fe84e1c4b)

running 12 tests
test s_udp_us_003_only_an_assigned_address_binds ... ok
test s_udp_us_001_one_socket_per_port ... ok
test s_udp_us_004_any_needs_no_address ... ok
test s_udp_us_002_whatever_the_address ... ok
test s_udp_us_005_algorithm_1 ... ok
test s_udp_us_006_the_candidates_wrap ... ok
test s_udp_us_007_the_draw_is_reduced ... ok
test closing_leaves_no_turn_behind ... ok
test s_udp_us_010_no_privileged_ports ... ok
test s_udp_us_009_a_numbered_bind_is_skipped ... ok
test s_udp_us_011_close_frees_the_port_at_once ... ok
test s_udp_us_008_exhaustion_spends_one_draw ... ok

test result: ok. 12 passed; 0 failed; 0 ignored; 0 measured; 0 filtered out; finished in 0.01s

     Running tests/recv.rs (target/debug/deps/recv-537539e767ffa124)

running 29 tests
test s_udp_us_031_a_specific_socket_hears_no_broadcast ... ok
test s_udp_017_a_closed_port_is_answered ... ok
test s_udp_us_030_a_bound_any_socket_receives ... ok
test s_udp_018_the_limited_broadcast_reaches_port_68 ... ok
test s_udp_us_032_bound_any_hears_both_broadcasts ... ok
test s_udp_us_034_no_socket_for_a_group_is_no_error ... ok
test s_udp_us_033_mdns_arrives_with_its_group ... ok
test s_udp_us_035_no_socket_is_a_port_unreachable ... ok
test s_udp_us_036_an_empty_datagram ... ok
test s_udp_us_037_source_port_zero ... ok
test s_udp_us_038_no_checksum_is_delivered ... ok
test s_udp_us_039_a_bad_checksum_is_malformed ... ok
test s_udp_us_040_a_full_queue_drops_and_says_nothing ... ok
test s_udp_us_041_arrival_order ... ok
test s_udp_us_043_a_group_not_joined_never_reaches_udp ... ok
test s_udp_us_046_refused_once ... ok
test s_udp_us_045_what_a_datagram_carries ... ok
test s_udp_us_042_a_short_buffer_truncates ... ok
test s_udp_us_044_the_acquisition_exception ... ok
test s_udp_us_047_an_unconnected_socket_hears_no_error ... ok
test s_udp_us_048_an_error_for_no_socket ... ok
test s_udp_us_049_hard_and_soft ... ok
test s_udp_us_051_a_send_takes_the_error ... ok
test s_udp_us_050_the_latest_error_wins ... ok
test s_udp_us_054_close_discards_what_was_received ... ok
test s_udp_us_052_the_whole_4_tuple_must_match ... ok
test s_udp_us_053_accepted_datagrams_outlive_close ... ok
test s_udp_us_056_prop_ip_options_never_surface ... ok
test s_udp_us_055_prop_the_demultiplexer ... ok

test result: ok. 29 passed; 0 failed; 0 ignored; 0 measured; 0 filtered out; finished in 0.02s

     Running tests/send.rs (target/debug/deps/send-85081af9725f38bf)

running 18 tests
test s_udp_us_012_connect_fixes_the_local_address ... ok
test s_udp_us_015_a_connected_socket_hears_its_peer_alone ... ok
test s_udp_us_014_connect_needs_a_source ... ok
test s_udp_us_013_what_connect_refuses ... ok
test s_udp_us_017_a_connected_socket_sends_to_its_peer ... ok
test s_udp_us_019_a_bound_socket_sends ... ok
test s_udp_us_016_connect_purges_strangers ... ok
test s_udp_us_018_reconnect ... ok
test s_udp_us_020_what_send_refuses ... ok
test s_udp_us_021_broadcast_needs_permission ... ok
test s_udp_us_022_multicast_ttl ... ok
test s_udp_us_025_a_full_queue_refuses ... ok
test s_udp_us_023_payload_sizes ... ok
test s_udp_us_024_the_source_address_must_be_ours ... ok
test s_udp_us_028_only_the_acquisition_socket_sends_from_nowhere ... ok
test s_udp_us_027_a_failed_next_hop_is_reported_once ... ok
test s_udp_us_026_no_head_of_line_blocking ... ok
test s_udp_us_029_the_discover_byte_for_byte ... ok

test result: ok. 18 passed; 0 failed; 0 ignored; 0 measured; 0 filtered out; finished in 0.00s

     Running unittests src/lib.rs (target/debug/deps/toyos_net_wire-18f45b5eef91662f)

running 0 tests

test result: ok. 0 passed; 0 failed; 0 ignored; 0 measured; 0 filtered out; finished in 0.00s

     Running tests/checksum.rs (target/debug/deps/checksum-0211d82135b42cb7)

running 15 tests
test s_ck_003_zeros ... ok
test s_ck_001_rfc1071_worked_example ... ok
test s_ck_002_empty_input ... ok
test s_ck_004_odd_length_pads_with_zero ... ok
test s_ck_006_carry_of_a_carry ... ok
test s_ck_005_streaming_is_split_independent ... ok
test s_ck_009_verification_by_summing ... ok
test s_ck_010_negative_zero_verifies ... ok
test s_ck_008_long_pattern_even_and_odd ... ok
test s_ck_017_pseudo_header ... ok
test s_ck_018_tcp_length_is_the_transport_length ... ok
test s_ck_007_many_words_of_ones ... ok
test s_ck_019_udp_zero_is_sent_as_ffff ... ok
test s_ck_021_every_header_bit_flip_is_caught ... ok
test native_order_sum_matches_the_oracle_at_every_length_and_split ... ok

test result: ok. 15 passed; 0 failed; 0 ignored; 0 measured; 0 filtered out; finished in 0.00s

     Running tests/icmp.rs (target/debug/deps/icmp-b65f75a3ee612122)

running 35 tests
test an_error_with_options_still_fits_576_bytes ... ok
test s_icmp_002_echo_reply ... ok
test quote_total_length_below_its_header_is_refused ... ok
test s_icmp_001_echo_request ... ok
test s_icmp_003_seven_bytes ... ok
test s_icmp_004_echo_without_data ... ok
test s_icmp_006_data_changed ... ok
test s_icmp_007_odd_data_length ... ok
test s_icmp_008_echo_code_1 ... ok
test s_icmp_005_checksum_changed ... ok
test s_icmp_009_port_unreachable ... ok
test s_icmp_010_fragmentation_needed ... ok
test s_icmp_011_fragmentation_needed_without_mtu ... ok
test s_icmp_012_rfc4884_length_byte ... ok
test s_icmp_013_unreachable_codes ... ok
test s_icmp_015_quote_short_of_8_payload_bytes ... ok
test s_icmp_016_quote_with_options ... ok
test s_icmp_017_quote_with_options_short ... ok
test s_icmp_018_quote_not_ipv4 ... ok
test s_icmp_019_quoted_checksum_not_verified ... ok
test s_icmp_020_rfc4884_padding_beyond_the_quoted_length ... ok
test s_icmp_021_time_exceeded ... ok
test s_icmp_022_parameter_problem ... ok
test s_icmp_023_redirect ... ok
test s_icmp_024_timestamp_request_refused_by_type ... ok
test s_icmp_026_timestamp_reply_refused_by_type ... ok
test s_icmp_014_quote_of_19_bytes ... ok
test s_icmp_027_source_quench ... ok
test s_icmp_025_timestamp_fields_are_never_read ... ok
test s_icmp_028_deprecated_types ... ok
test s_icmp_029_router_discovery ... ok
test s_icmp_030_unknown_types ... ok
test s_icmp_031_checksum_before_type ... ok
test s_icmp_047_echo_reply_to_odd_data ... ok
test s_icmp_048_unreachable_zeroes_unused_bytes ... ok

test result: ok. 35 passed; 0 failed; 0 ignored; 0 measured; 0 filtered out; finished in 0.00s

     Running tests/igmp.rs (target/debug/deps/igmp-760fd339fa1ea8ee)

running 29 tests
test igmp3_is_include_lists_its_sources ... ok
test igmp3_join_frame ... ok
test igmp3_records_layout ... ok
test igmp3_leave_current_and_unspecified_source ... ok
test s_igmp_001_v2_report ... ok
test s_igmp_002_v2_general_query ... ok
test s_igmp_003_v1_query ... ok
test s_igmp_006_v2_codes_are_linear ... ok
test s_igmp_004_v3_general_query ... ok
test s_igmp_007_v3_largest_code ... ok
test s_igmp_005_v3_exponential_code ... ok
test s_igmp_008_group_and_source_query ... ok
test s_igmp_009_sources_overrun ... ok
test s_igmp_010_bytes_after_sources_ignored ... ok
test s_igmp_011_query_of_9_to_11_bytes ... ok
test s_igmp_012_seven_bytes ... ok
test s_igmp_013_checksum_changed ... ok
test s_igmp_014_trailing_bytes_ignored ... ok
test s_igmp_015_checksum_covers_trailing_bytes ... ok
test s_igmp_016_query_group_unicast ... ok
test s_igmp_017_report_group_not_multicast ... ok
test s_igmp_018_leave ... ok
test s_igmp_019_v1_report_max_response_ignored ... ok
test s_igmp_020_v3_report_unsupported ... ok
test s_igmp_021_unknown_types ... ok
test s_igmp_022_checksum_before_type ... ok
test s_igmp_026_emit_join_frame ... ok
test s_igmp_027_emit_leave ... ok
test s_igmp_030_emitted_max_response_is_zero ... ok

test result: ok. 29 passed; 0 failed; 0 ignored; 0 measured; 0 filtered out; finished in 0.00s

     Running tests/ipv4.rs (target/debug/deps/ipv4-bfad82a036cf7fca)

running 54 tests
test s_ip_001_udp_datagram_fields ... ok
test s_ip_004_version_6 ... ok
test s_ip_003_nineteen_bytes ... ok
test s_ip_002_minimal_datagram ... ok
test s_ip_005_version_5 ... ok
test s_ip_006_header_length_below_5 ... ok
test s_ip_007_header_overrun ... ok
test s_ip_008_total_below_header ... ok
test s_ip_009_total_zero ... ok
test s_ip_010_total_inside_options ... ok
test s_ip_011_total_overrun ... ok
test s_ip_012_truncated_fragment_is_truncated ... ok
test s_ip_013_link_padding_is_not_payload ... ok
test s_ip_014_padded_igmp_body ... ok
test s_ip_015_checksum_off_by_one ... ok
test s_ip_016_checksum_zero_is_checked ... ok
test s_ip_017_options_are_covered ... ok
test s_ip_018_payload_is_not_covered ... ok
test s_ip_019_reserved_flag_is_kept ... ok
test s_ip_020_df_and_mf ... ok
test s_ip_021_first_fragment ... ok
test s_ip_022_last_fragment ... ok
test s_ip_023_largest_offset ... ok
test s_ip_024_dscp_and_ecn ... ok
test s_ip_027_identification_of_atomic_datagram ... ok
test s_ip_028_largest_datagram ... ok
test s_ip_029_protocol_numbers ... ok
test s_ip_030_emit_udp_datagram ... ok
test s_ip_031_emit_router_alert ... ok
test s_ip_032_option_padding ... ok
test s_ip_033_forty_option_bytes ... ok
test s_ip_036_ttl_zero ... ok
test s_ip_037_invalid_sources ... ok
test s_ip_038_emit_over_junk ... ok
test s_ip_034_largest_total_length ... ok
test s_ip_039_atomic_form ... ok
test s_ip_040_emit_dscp_and_ecn ... ok
test s_ipo_001_nops_and_eol_are_not_options ... ok
test s_ipo_002_record_route ... ok
test s_ipo_003_router_alert ... ok
test s_ipo_004_router_alert_length ... ok
test s_ipo_005_option_length_one ... ok
test s_ipo_006_option_length_zero_terminates ... ok
test s_ipo_007_option_overrun ... ok
test s_ipo_008_kind_in_last_byte ... ok
test s_ipo_009_bytes_after_eol_ignored ... ok
test s_ipo_010_router_alert_without_eol ... ok
test s_ipo_011_unknown_kind_is_opaque ... ok
test s_ipo_012_option_filling_the_area ... ok
test s_ipo_013_option_past_a_full_area ... ok
test s_ipo_014_repeated_options_in_order ... ok
test s_ipo_015_stream_id_exposed ... ok
test s_ipo_016_security_option_exposed ... ok
test source_routes_cannot_be_built ... ok

test result: ok. 54 passed; 0 failed; 0 ignored; 0 measured; 0 filtered out; finished in 0.00s

     Running tests/link.rs (target/debug/deps/link-c4d2d0ca39b9307d)

running 43 tests
test s_arp_001_request ... ok
test s_arp_002_reply ... ok
test s_arp_003_probe ... ok
test s_arp_004_announcement ... ok
test s_arp_006_seven_bytes ... ok
test s_arp_007_ieee802_hardware ... ok
test s_arp_008_hardware_zero ... ok
test s_arp_005_twenty_seven_bytes ... ok
test s_arp_009_protocol_ipv6 ... ok
test s_arp_010_hardware_length_7 ... ok
test s_arp_011_protocol_length_16 ... ok
test s_arp_012_types_before_lengths ... ok
test s_arp_013_other_operations ... ok
test s_arp_014_padding_ignored ... ok
test s_arp_015_request_target_mac_exposed ... ok
test s_arp_019_emit_request ... ok
test s_arp_020_emit_reply ... ok
test s_arp_021_emit_probe_and_announcement ... ok
test s_eth_001_arp_request_frame ... ok
test s_arp_022_interface_mac_is_individual ... ok
test s_eth_002_udp_frame_without_padding ... ok
test s_eth_003_thirteen_bytes_truncated ... ok
test s_eth_004_header_alone_has_an_empty_body ... ok
test s_eth_005_short_frame_accepted ... ok
test s_eth_006_length_1500_is_a_length_frame ... ok
test s_eth_007_length_0_is_a_length_frame ... ok
test s_eth_008_type_1501_is_undefined ... ok
test s_eth_009_type_1535_is_undefined ... ok
test s_eth_010_type_0600_is_another_ethertype ... ok
test s_eth_013_customer_tag ... ok
test s_eth_014_priority_tag ... ok
test s_eth_015_service_then_customer_tag ... ok
test s_eth_016_three_tags ... ok
test s_eth_017_truncated_tag ... ok
test s_eth_018_inner_length_field ... ok
test s_eth_019_9100_is_not_a_tag ... ok
test s_eth_020_group_source ... ok
test s_eth_021_destination_classes ... ok
test s_eth_026_emit_arp_request ... ok
test s_eth_027_emit_over_junk ... ok
test s_eth_028_minimum_body_padding ... ok
test s_eth_029_maximum_body ... ok
test s_eth_031_multicast_mac_mapping ... ok

test result: ok. 43 passed; 0 failed; 0 ignored; 0 measured; 0 filtered out; finished in 0.00s

     Running tests/roundtrip.rs (target/debug/deps/roundtrip-94f8da7968bd3ced)

running 9 tests
test s_rt_002_canonical_vectors_rebuild ... ok
test s_rt_001_every_vector_reemits_raw ... ok
test s_rt_006_truncation_sweep ... ok
test s_rt_007_single_bit_flips ... ok
test s_rt_008_position_independence ... ok
test s_rt_009_zero_copy ... ok
test s_rt_003_build_then_parse ... ok
test s_rt_004_canonical_idempotence ... ok
test s_rt_005_totality_structured_fuzz ... ok

test result: ok. 9 passed; 0 failed; 0 ignored; 0 measured; 0 filtered out; finished in 1.38s

     Running tests/transport.rs (target/debug/deps/transport-a11d8cfcd0ed487a)

running 89 tests
test s_tcp_001_syn ... ok
test s_tcp_002_syn_ack ... ok
test s_tcp_005_three_sack_blocks ... ok
test s_tcp_004_sack ... ok
test s_tcp_003_data ... ok
test s_tcp_006_rst ... ok
test s_tcp_007_fin ... ok
test s_tcp_009_nineteen_bytes ... ok
test s_tcp_010_data_offset_below_5 ... ok
test s_tcp_008_odd_length_verifies ... ok
test s_tcp_013_checksum_changed ... ok
test s_tcp_012_data_offset_15_on_59_bytes ... ok
test s_tcp_011_data_offset_past_the_bytes ... ok
test s_tcp_014_checksum_zero_is_checked ... ok
test s_tcp_016_port_zero ... ok
test s_tcp_017_reserved_bits_kept ... ok
test s_tcp_015_wrong_source_address ... ok
test s_tcp_018_acknowledgment_without_ack ... ok
test s_tcp_020_any_flag_combination ... ok
test s_tcp_021_ece_and_cwr ... ok
test s_tcp_022_syn_with_data ... ok
test s_tcp_019_urgent_pointer_only_with_urg ... ok
test s_tcp_024_window_is_unsigned ... ok
test s_tcp_026_checksum_before_options ... ok
test s_tcp_023_largest_segment ... ok
test s_tcp_025_data_offset_before_checksum ... ok
test s_topt_001_no_options ... ok
test s_topt_005_bytes_after_eol_ignored ... ok
test s_topt_002_timestamps_alone ... ok
test s_topt_003_mss_at_odd_offset ... ok
test s_topt_004_eol_first ... ok
test s_topt_006_mss_length ... ok
test s_topt_007_window_scale_length ... ok
test s_topt_008_sack_permitted_length ... ok
test s_topt_009_timestamps_length ... ok
test s_topt_010_sack_lengths ... ok
test s_topt_011_sack_without_blocks ... ok
test s_topt_012_md5_skipped ... ok
test s_topt_013_unknown_kinds_skipped ... ok
test s_topt_014_length_zero ... ok
test s_topt_015_length_one ... ok
test s_topt_016_timestamps_past_the_area ... ok
test s_topt_017_kind_in_last_byte ... ok
test s_topt_018_repeats ... ok
test s_topt_019_window_scale_above_14 ... ok
test s_topt_020_mss_zero ... ok
test s_topt_021_syn_options_outside_a_syn ... ok
test s_topt_022_sack_in_a_syn ... ok
test s_topt_023_timestamps_in_a_syn ... ok
test s_topt_024_forty_nops ... ok
test s_topt_025_syn_without_timestamps ... ok
test s_tser_001_emit_syn ... ok
test s_tser_002_emit_syn_ack ... ok
test s_tser_003_emit_syn_without_timestamps ... ok
test s_tser_004_emit_syn_layouts ... ok
test s_tser_005_emit_data ... ok
test s_tser_006_emit_sack ... ok
test s_tser_007_sack_block_limits ... ok
test s_tser_009_window_shift_limit ... ok
test s_tser_010_emit_rst ... ok
test s_tser_011_emit_rst_with_timestamps ... ok
test s_tser_012_emitted_reserved_and_urgent_are_zero ... ok
test s_tser_013_emit_odd_segment ... ok
test s_tser_014_emit_over_junk ... ok
test s_udp_001_dns_query ... ok
test s_udp_002_ffff_verifies ... ok
test s_udp_003_seven_bytes ... ok
test s_tser_015_too_long ... ok
test s_udp_005_length_overrun ... ok
test s_udp_006_surplus_after_length_ignored ... ok
test s_udp_007_checksum_covers_only_the_length ... ok
test s_udp_008_no_checksum ... ok
test s_udp_010_wrong_checksum ... ok
test s_udp_009_no_checksum_catches_nothing ... ok
test s_udp_004_length_below_header ... ok
test s_udp_011_pseudo_header_catches_misdelivery ... ok
test s_udp_012_destination_port_zero ... ok
test s_udp_013_source_port_zero ... ok
test s_udp_015_length_checked_before_checksum ... ok
test s_udp_014_largest_datagram ... ok
test s_udp_020_emit_computed_zero_as_ffff ... ok
test s_udp_019_emit_dns_query ... ok
test s_udp_021_always_checksummed ... ok
test s_udp_024_emit_hi ... ok
test s_udp_022_too_long ... ok
test s_udp_023_zero_port_cannot_be_built ... ok
test tcp_pseudo_header_names_protocol_6 ... ok
test udp_pseudo_header_names_protocol_17 ... ok
test s_udp_016_the_one_undetectable_bit_flip ... ok

test result: ok. 89 passed; 0 failed; 0 ignored; 0 measured; 0 filtered out; finished in 0.00s

     Running unittests src/lib.rs (target/debug/deps/toyos_osrelease-830254773bb141ec)

running 8 tests
test tests::a_missing_or_doubled_field_is_refused_by_its_name ... ok
test tests::a_dirty_x86_build_reads_so ... ok
test tests::a_file_that_is_not_text_is_refused ... ok
test tests::every_file_the_build_writes_is_os_release ... ok
test tests::uname_names_a_dirty_tree ... ok
test tests::a_value_the_build_does_not_write_is_refused_by_its_field ... ok
test tests::a_file_the_build_did_not_write_is_refused ... ok
test tests::what_the_build_writes_is_what_a_reader_reads ... ok

test result: ok. 8 passed; 0 failed; 0 ignored; 0 measured; 0 filtered out; finished in 0.00s

     Running unittests src/lib.rs (target/debug/deps/toyos_pci-edc9cc91e0f42817)

running 75 tests
test af::tests::a_function_resets_only_with_both_bits ... ok
test aperture::tests::nothing_is_inside_a_machine_that_named_no_window ... ok
test af::tests::pending_is_bit_zero_of_status ... ok
test bar::tests::a_32_bit_memory_bar_is_its_own_whole_address ... ok
test bar::tests::a_placement_moves_the_address_and_keeps_the_devices_own_bits ... ok
test bar::tests::a_sizing_mask_decodes_to_the_spec_size ... ok
test bar::tests::a_64_bit_memory_bar_takes_the_register_after_it ... ok
test aperture::tests::the_window_an_extent_is_inside_is_the_one_named ... ok
test bar::tests::a_sizing_mask_that_describes_no_size_is_refused ... ok
test bar::tests::a_wide_bar_has_no_address_until_the_high_half_arrives ... ok
test bar::tests::a_wide_claim_in_the_last_slot_is_refused_by_name ... ok
test bar::tests::an_address_a_bar_cannot_hold_is_refused_by_name ... ok
test bar::tests::an_io_bar_whose_bit_2_is_set_is_not_a_64_bit_memory_bar ... ok
test bar::tests::an_unassigned_bar_is_refused_rather_than_mapped_at_zero ... ok
test bar::tests::every_io_bar_is_refused_whatever_the_bits_above_it_say ... ok
test bar::tests::an_io_bar_whose_bit_2_is_clear_is_not_a_32_bit_memory_bar ... ok
test bar::tests::prefetchable_is_read_and_is_not_part_of_the_address ... ok
test bar::tests::the_reserved_type_encodings_are_refused_by_name ... ok
test bar::tests::the_shapes_real_controllers_publish_still_decode ... ok
test bridge::tests::a_64_bit_prefetchable_window_is_its_upper_dwords_too ... ok
test bridge::tests::a_disabled_window_is_no_window ... ok
test bridge::tests::the_limit_names_the_last_megabyte_and_not_the_first_free_one ... ok
test bridge::tests::the_type_field_is_not_part_of_the_address ... ok
test caps::tests::a_forward_chain_is_followed_to_its_end ... ok
test caps::tests::a_pointer_below_the_standard_header_is_refused ... ok
test caps::tests::a_pointer_that_is_not_dword_aligned_is_refused ... ok
test caps::tests::a_pointer_to_a_visited_link_ends_the_walk ... ok
test caps::tests::the_terminator_ends_the_walk ... ok
test caps::tests::the_walk_is_bounded_by_the_distinct_offsets_it_can_hold ... ok
test express::tests::initiating_a_reset_preserves_the_rest_of_device_control ... ok
test express::tests::only_a_version_two_structure_holds_device_control_2 ... ok
test express::tests::only_bit_twenty_eight_says_a_function_resets ... ok
test express::tests::restoring_device_control_never_starts_a_reset ... ok
test msi::tests::a_function_without_per_vector_masking_offers_no_mask_register ... ok
test msi::tests::a_narrow_function_has_no_upper_address_register ... ok
test msi::tests::disabling_clears_the_enable_bit_and_nothing_else ... ok
test msi::tests::enabling_keeps_what_the_function_said_about_itself ... ok
test msi::tests::multiple_message_capable_is_an_exponent ... ok
test msi::tests::the_layout_moves_with_the_address_width ... ok
test msix::tests::a_reserved_indicator_is_refused_rather_than_indexed ... ok
test msix::tests::a_table_past_the_address_space_is_refused_rather_than_wrapped ... ok
test msi::tests::the_capable_field_is_not_the_enable_field ... ok
test msix::tests::an_unassigned_bar_is_refused_rather_than_written_at_its_offset ... ok
test msix::tests::an_entry_is_four_dwords_in_the_order_the_spec_gives_them ... ok
test msix::tests::bir_and_offset_share_one_register ... ok
test msix::tests::disabling_masks_as_well_and_keeps_the_size ... ok
test msix::tests::enabling_clears_the_function_wide_mask_and_keeps_the_size ... ok
test msix::tests::table_size_is_encoded_one_less_than_it_is ... ok
test msix::tests::the_control_bits_are_not_part_of_the_size ... ok
test msix::tests::the_indicator_is_not_added_to_the_offset ... ok
test placement::tests::a_released_address_is_offered_again ... ok
test placement::tests::a_reserved_address_is_never_offered_twice ... ok
test placement::tests::a_run_is_free_and_in_one_list_once ... ok
test placement::tests::a_run_is_offered_aligned_to_the_span_and_not_at_its_start ... ok
test placement::tests::a_run_that_straddles_a_windows_edge_offers_the_part_inside_it ... ok
test placement::tests::a_span_that_runs_past_a_window_is_not_inside_it ... ok
test placement::tests::an_extent_inside_another_opens_no_run ... ok
test placement::tests::edk2_offers_a_64_bit_bar_the_window_it_declared ... ok
test placement::tests::edk2s_32_bit_runs_are_the_ones_its_boot_printed ... ok
test placement::tests::edk2s_64_bit_runs_are_the_ones_its_boot_printed ... ok
test placement::tests::every_address_the_t14_offers_is_inside_the_window_its_firmware_named ... ok
test placement::tests::largest_run_first_still_offers_no_address_outside_a_window ... ok
test placement::tests::nothing_is_offered_where_firmware_named_no_window ... ok
test placement::tests::nothing_is_offered_where_nothing_fits ... ok
test placement::tests::taken_is_read_in_any_order_and_overlapping ... ok
test pm::tests::a_transition_changes_the_state_bits_and_clears_no_event ... ok
test pm::tests::no_soft_reset_is_bit_three_and_nothing_else ... ok
test probe::tests::a_function_the_table_knows_nothing_about_is_read_at_its_base ... ok
test probe::tests::a_transitional_virtio_id_is_not_a_modern_one ... ok
test probe::tests::neither_answer_of_an_unanswered_read_is_a_reference ... ok
test slot::tests::a_function_goes_back_to_its_own_residue_ahead_of_a_free_slot ... ok
test slot::tests::a_held_function_is_owned ... ok
test slot::tests::a_release_keeps_the_slot_only_for_a_residue ... ok
test slot::tests::a_second_function_takes_a_free_slot_and_never_anothers_residue ... ok
test slot::tests::other_functions_residues_are_no_free_slot ... ok

test result: ok. 75 passed; 0 failed; 0 ignored; 0 measured; 0 filtered out; finished in 0.00s

     Running unittests src/lib.rs (target/debug/deps/toyos_ps2-1fbe6c69fda45b9a)

running 0 tests

test result: ok. 0 passed; 0 failed; 0 ignored; 0 measured; 0 filtered out; finished in 0.00s

     Running tests/decode.rs (target/debug/deps/decode-e36195484f69585e)

running 20 tests
test a_device_reset_is_reported_and_aa_is_still_a_legal_head_byte ... ok
test a_sequence_is_pending_until_the_byte_that_ends_it ... ok
test a_stale_partial_is_abandoned_rather_than_completed ... ok
test a_stream_truncated_at_any_offset_resyncs_within_two_packets ... ok
test an_implausible_byte_at_a_boundary_costs_exactly_itself ... ok
test buttons_are_already_in_hid_order ... ok
test a_healthy_stream_discards_nothing_and_leaves_no_byte_unaccounted ... ok
test deltas_are_nine_bit_and_dy_is_inverted ... ok
test left_shift_break_is_not_read_as_a_reset ... ok
test every_usage_the_rest_of_the_tree_names_is_reachable ... ok
test make_and_break_and_the_e0_prefix ... ok
test overflow_drops_the_motion_and_keeps_the_buttons ... ok
test overrun_codes_report_lost_and_clear_the_prefix_state ... ok
test page_up_and_down_decode_to_their_hid_usages ... ok
test pause_consumes_exactly_six_bytes_and_emits_nothing ... ok
test printscreen_emits_one_usage_and_no_phantom_shift ... ok
test tables_hold_only_real_usages_and_no_duplicates ... ok
test the_iso_key_is_the_one_the_layouts_carry ... ok
test unmapped_scancodes_emit_nothing ... ok
test no_legal_head_byte_is_ever_discarded ... ok

test result: ok. 20 passed; 0 failed; 0 ignored; 0 measured; 0 filtered out; finished in 0.00s

     Running tests/fuzz.rs (target/debug/deps/fuzz-73a40f200338b123)

running 4 tests
test a_lost_scancode_byte_never_wedges_the_prefix_state ... ok
test a_lost_byte_costs_exactly_the_packet_it_landed_in ... ok
test arbitrary_bytes_never_kill_the_key_decoder ... ok
test arbitrary_bytes_never_kill_the_mouse_decoder ... ok

test result: ok. 4 passed; 0 failed; 0 ignored; 0 measured; 0 filtered out; finished in 0.08s

     Running unittests src/lib.rs (target/debug/deps/toyos_quiesce-180e4d3e0635695b)

running 8 tests
test tests::a_line_that_is_not_a_record_is_refused_rather_than_half_read ... ok
test tests::a_sweep_with_nothing_left_running_ends_the_wait_however_long_it_took ... ok
test tests::an_empty_machine_is_already_stopped ... ok
test tests::every_record_reads_back_as_itself_off_a_line_of_log ... ok
test tests::every_other_thread_stops_the_log_writer_included ... ok
test tests::the_budget_ends_the_wait_and_the_boundary_is_inclusive ... ok
test tests::the_record_names_the_shortfall_only_when_there_is_one ... ok
test tests::the_caller_is_never_stopped_and_its_siblings_always_are ... ok

test result: ok. 8 passed; 0 failed; 0 ignored; 0 measured; 0 filtered out; finished in 0.00s

     Running unittests src/lib.rs (target/debug/deps/toyos_rootimage-90d111cf8d43d737)

running 0 tests

test result: ok. 0 passed; 0 failed; 0 ignored; 0 measured; 0 filtered out; finished in 0.00s

     Running tests/chunk.rs (target/debug/deps/chunk-e464801899c9c22e)

running 12 tests
test a_chunk_larger_than_the_extent_is_one_request_of_the_extent ... ok
test a_failing_last_partial_chunk_names_its_own_length ... ok
test a_granularity_dividing_the_bound_leaves_it_alone ... ok
test a_granularity_past_the_bound_is_not_taken ... ok
test a_failing_chunk_is_named_by_its_first_lba_and_nothing_after_it_is_asked ... ok
test an_odd_granularity_rounds_the_bound_down_to_a_common_multiple ... ok
test four_kib_blocks_advance_the_lba_by_their_own_size ... ok
test no_granularity_is_the_bound ... ok
test the_last_chunk_is_whatever_is_left ... ok
test an_exact_multiple_is_whole_chunks ... ok
test a_bound_off_the_alignment_is_refused - should panic ... ok
test a_chunk_off_the_block_is_refused - should panic ... ok

test result: ok. 12 passed; 0 failed; 0 ignored; 0 measured; 0 filtered out; finished in 0.08s

     Running tests/handoff.rs (target/debug/deps/handoff-526e939f8b1d5fc7)

running 9 tests
test a_length_that_is_not_whole_blocks_is_refused ... ok
test an_extent_inside_a_descriptor_of_another_type_is_refused ... ok
test an_extent_ending_one_page_past_the_descriptor_is_refused ... ok
test an_extent_inside_one_descriptor_is_held ... ok
test a_start_that_is_not_block_aligned_is_refused ... ok
test an_extent_starting_one_page_before_the_descriptor_is_refused ... ok
test an_extent_straddling_two_adjacent_descriptors_of_the_type_is_refused ... ok
test an_extent_whose_end_overflows_is_refused ... ok
test the_whole_descriptor_is_held ... ok

test result: ok. 9 passed; 0 failed; 0 ignored; 0 measured; 0 filtered out; finished in 0.00s

     Running unittests src/lib.rs (target/debug/deps/toyos_swap-b927bd23abb137bc)

running 7 tests
test tests::a_request_round_trips_and_a_path_it_did_not_stage_is_refused ... ok
test tests::an_installed_binary_is_named_by_its_service_under_its_digest ... ok
test tests::the_digest_is_sha256 ... ok
test tests::every_word_is_spelled_once ... ok
test tests::the_outcome_is_the_last_final_word ... ok
test tests::verify_refuses_other_bytes_and_names_both_digests ... ok
test tests::the_supervisors_lines_are_heard_in_every_form_the_log_renders_them ... ok

test result: ok. 7 passed; 0 failed; 0 ignored; 0 measured; 0 filtered out; finished in 0.00s

     Running unittests src/lib.rs (target/debug/deps/toyos_symbols-286e3e60bc0b6ebe)

running 6 tests
test tests::file_range_refuses_an_extent_past_the_end ... ok
test tests::file_range_answers_an_extent_wholly_inside ... ok
test tests::a_short_name_is_untouched ... ok
test tests::a_name_past_head_plus_tail_is_elided ... ok
test tests::locate_refuses_bytes_too_short_for_a_file_header ... ok
test tests::file_range_refuses_an_extent_the_addition_overflows ... ok

test result: ok. 6 passed; 0 failed; 0 ignored; 0 measured; 0 filtered out; finished in 0.00s

     Running tests/frame.rs (target/debug/deps/frame-c9102e82da834ea7)

running 12 tests
test a_build_id_is_one_to_32_bytes ... ok
test a_line_that_is_no_frame_is_none ... ok
test a_frame_cut_at_any_byte_is_not_that_frame ... ok
test a_name_holding_the_grammars_bytes_reads_back_whole ... ok
test an_id_that_is_not_lowercase_hex_bytes_is_refused ... ok
test a_frame_reads_back_as_written ... ok
test an_escape_no_encoder_writes_is_refused ... ok
test an_offset_is_in_the_files_addresses ... ok
test an_elided_name_keeps_offset_and_id_and_is_refused ... ok
test every_byte_below_space_reads_back ... ok
test the_kernels_exact_line ... ok
test no_line_panics_the_reader ... ok

test result: ok. 12 passed; 0 failed; 0 ignored; 0 measured; 0 filtered out; finished in 0.49s

     Running tests/name.rs (target/debug/deps/name-9db2e67c4d9fd61c)

running 7 tests
test a_real_binarys_offset_names_its_function ... ok
test a_file_that_cannot_name_says_why ... ok
test a_name_no_build_id_vouches_for_is_marked_unchecked ... ok
test another_build_is_refused_by_name ... ok
test the_build_the_record_names_is_the_one_named ... ok
test every_function_names_what_object_reads ... ok
test no_corrupted_file_panics_the_namer ... ok

test result: ok. 7 passed; 0 failed; 0 ignored; 0 measured; 0 filtered out; finished in 0.38s

     Running tests/real.rs (target/debug/deps/real-3d3269babff19548)

running 3 tests
test a_file_header_locate_cannot_read_answers_none ... ok
test locate_finds_the_same_tables_readelf_reports ... ok
test a_real_binarys_own_functions_resolve_to_their_own_names ... ok

test result: ok. 3 passed; 0 failed; 0 ignored; 0 measured; 0 filtered out; finished in 0.00s

     Running unittests src/lib.rs (target/debug/deps/toyos_tco-873ac7bc0bb49a99)

running 2 tests
test tests::a_bound_is_read_a_malformed_one_is_not_silence ... ok
test tests::the_lockup_bound_follows_the_deadline_the_boot_named ... ok

test result: ok. 2 passed; 0 failed; 0 ignored; 0 measured; 0 filtered out; finished in 0.00s

     Running tests/decode.rs (target/debug/deps/decode-c533a0358f4e329c)

running 11 tests
test an_absent_device_reading_all_ones_names_no_port ... ok
test a_bound_becomes_the_timer_whose_expiries_do_not_outrun_it ... ok
test a_base_the_block_cannot_live_at_is_refused_by_name ... ok
test no_two_rows_name_one_device ... ok
test a_machine_no_row_names_is_refused_rather_than_guessed ... ok
test the_declared_control_words_run_and_halt_the_timer ... ok
test the_last_register_has_to_end_inside_the_port_space ... ok
test the_loaders_bound_is_exact_under_ten_seconds_and_reaches_the_hardware ... ok
test the_q35_row_reaches_the_port_qemu_puts_the_block_at ... ok
test the_register_offsets_are_ich9_tco_hs ... ok
test the_tiger_lake_row_takes_its_base_from_the_smbus_function ... ok

test result: ok. 11 passed; 0 failed; 0 ignored; 0 measured; 0 filtered out; finished in 0.00s

     Running unittests src/lib.rs (target/debug/deps/toyos_tmpdir-3d1bde0ec5ccc61b)

running 1 test
test tests::a_held_global_lock_times_out_naming_its_holder ... ok

test result: ok. 1 passed; 0 failed; 0 ignored; 0 measured; 0 filtered out; finished in 0.16s

     Running tests/reclaim.rs (target/debug/deps/reclaim-9c17c2ec302b85e7)

running 8 tests
toyos-tmpdir: could not remove a gone process's scratch /tmp/toyos-tmp-31423-0/ci-host-0/toyos-tmp-2346-0/stuck-1/toyos-tmp-2352-0/reap-toyos-tmp-999999-0: Permission denied (os error 13); left for a human at /tmp/toyos-tmp-31423-0/ci-host-0/toyos-tmp-2346-0/stuck-1/stuck-reap-toyos-tmp-999999-0
test a_directory_the_sweep_cannot_remove_is_reported_and_the_next_process_still_works ... ok
test a_killed_process_is_reclaimed_and_a_live_one_is_never_touched ... ok
test holder ... ok
test a_root_without_an_owner_goes_and_nothing_else_is_touched ... ok
test an_adopted_root_goes_with_its_adopter ... ok
test a_directory_goes_on_a_return_and_on_a_panic ... ok
test making_a_root_waits_for_global ... ok
test removing_a_root_waits_for_global ... ok

test result: ok. 8 passed; 0 failed; 0 ignored; 0 measured; 0 filtered out; finished in 1.06s

     Running unittests src/lib.rs (target/debug/deps/toyos_trace-820eb7b37f7bcd0a)

running 5 tests
test tests::a_kind_the_abi_does_not_name_is_refused_by_its_number ... ok
test tests::a_task_event_with_no_task_is_refused ... ok
test tests::every_kind_decodes_with_what_its_data_says ... ok
test tests::thread_zero_is_a_thread_and_no_thread_is_said ... ok
test tests::a_wake_names_its_task_and_prints_when_on_which_cpu ... ok

test result: ok. 5 passed; 0 failed; 0 ignored; 0 measured; 0 filtered out; finished in 0.00s

     Running unittests src/lib.rs (target/debug/deps/toyos_transport-14d220b2e3288ff1)

running 10 tests
test arena::tests::a_run_a_peer_names_is_inside_the_arena ... ok
test inflight::tests::a_tag_is_answered_once_and_its_slot_takes_a_new_one ... ok
test inflight::tests::an_end_answers_every_tag_once_and_a_late_completion_nothing ... ok
test arena::tests::an_arena_is_whole_slots_after_the_header ... ok
test inflight::tests::a_slot_refilled_past_sixteen_bits_refuses_its_first_tag ... ok
test queue::tests::a_head_stepped_past_each_push_is_refused_at_the_depth ... ok
test queue::tests::a_peer_cursor_out_of_reach_is_a_violation ... ok
test queue::tests::a_tail_stepped_past_each_pop_is_refused_at_the_depth ... ok
test queue::tests::an_entry_is_nobodys_before_it_is_published ... ok
test queue::tests::the_ring_wraps_and_counts_its_space ... ok

test result: ok. 10 passed; 0 failed; 0 ignored; 0 measured; 0 filtered out; finished in 0.00s

     Running tests/loom.rs (target/debug/deps/loom-155743d185526409)

running 3 tests
test a_published_entry_is_read_whole ... ok
test a_hostile_producer_yields_entries_or_a_violation ... ok
test a_hostile_consumer_yields_room_or_a_violation ... ok

test result: ok. 3 passed; 0 failed; 0 ignored; 0 measured; 0 filtered out; finished in 0.07s

     Running unittests src/lib.rs (target/debug/deps/toyos_tsc-b79435ff1ba15f44)

running 0 tests

test result: ok. 0 passed; 0 failed; 0 ignored; 0 measured; 0 filtered out; finished in 0.00s

     Running unittests src/lib.rs (target/debug/deps/toyos_untrusted-5f0fc7755fa16fde)

running 11 tests
test tests::a_refusal_says_which_number_and_which_bound ... ok
test tests::a_length_may_equal_its_bound_where_an_index_may_not ... ok
test tests::a_value_whose_low_bits_are_in_range_is_still_out_of_range ... ok
test tests::an_index_is_below_the_table_it_indexes ... ok
test tests::an_empty_table_indexes_nothing ... ok
test tests::asking_whether_it_is_a_known_value_is_not_an_exit ... ok
test tests::decoding_keeps_the_provenance ... ok
test tests::every_width_widens_rather_than_wrapping ... ok
test tests::exactly_refuses_by_naming_both_numbers ... ok
test tests::it_is_the_integer_it_wraps ... ok
test tests::two_untrusted_values_compare_with_each_other ... ok

test result: ok. 11 passed; 0 failed; 0 ignored; 0 measured; 0 filtered out; finished in 0.00s

     Running unittests src/lib.rs (target/debug/deps/toyos_update-ec32fea59c952a2b)

running 23 tests
test floor::tests::a_floor_is_named_for_its_key_and_scope ... ok
test floor::tests::a_loader_deletes_the_stale_floors_of_its_scope_and_never_the_owners ... ok
test floor::tests::a_runtime_variable_that_stays_is_refused ... ok
test floor::tests::only_not_found_is_no_variable ... ok
test floor::tests::only_the_loaders_own_variable_is_a_floor_and_nothing_else_is_none ... ok
test image::tests::a_bent_header_is_refused_by_name ... ok
test image::tests::a_header_reads_back_as_it_was_written ... ok
test image::tests::an_image_splits_into_exactly_its_sections ... ok
test policy::tests::a_boot_tries_the_marked_slot_first_and_the_other_only_if_there_is_one ... ok
test policy::tests::an_update_must_be_newer_than_what_runs ... ok
test policy::tests::every_word_is_one_parameter_token ... ok
test policy::tests::the_floor_admits_its_own_version_and_above_and_only_rises ... ok
test record::tests::a_hang_kills_only_an_unproven_image ... ok
test record::tests::a_record_reads_back_and_anothers_is_refused ... ok
test record::tests::how_a_boot_ended_is_what_it_is_recorded_as ... ok
test record::tests::the_first_write_credits_no_image ... ok
test sig::tests::the_message_is_sshsigs_signed_data ... ok
test slots::tests::a_grant_claims_only_an_idle_slot_on_the_running_disk ... ok
test slots::tests::a_table_reads_back_and_a_bent_one_is_refused ... ok
test slots::tests::the_checksum_is_crc32 ... ok
test slots::tests::moving_the_mark_is_atomic_against_a_torn_copy ... ok
test slots::tests::the_idle_slot_is_the_one_whose_root_the_kernel_does_not_hold ... ok
test sig::tests::rfc_8032_vectors_verify_and_a_flipped_bit_does_not ... ok

test result: ok. 23 passed; 0 failed; 0 ignored; 0 measured; 0 filtered out; finished in 0.00s

     Running tests/sshsig_oracle.rs (target/debug/deps/sshsig_oracle-565e2879df8c2780)

running 1 test
test a_header_ssh_keygen_signed_verifies_and_a_bent_one_does_not ... ok

test result: ok. 1 passed; 0 failed; 0 ignored; 0 measured; 0 filtered out; finished in 0.00s

     Running unittests src/lib.rs (target/debug/deps/toyos_userbound-f224fc8e137df09f)

running 39 tests
test fault::tests::a_ring_is_only_ever_what_cs_said ... ok
test place::tests::a_hole_between_regions_takes_exactly_span_and_guard ... ok
test place::tests::a_length_near_the_top_of_u64_is_refused_and_not_summed ... ok
test place::tests::a_full_window_is_a_refusal_for_a_span_that_could_fit ... ok
test place::tests::a_region_at_or_above_the_ceiling_bounds_nothing ... ok
test place::tests::a_span_from_a_wider_window_is_refused_by_a_narrower_one ... ok
test place::tests::a_span_is_whole_pages ... ok
test place::tests::a_zero_length_is_refused ... ok
test place::tests::nothing_is_placed_below_the_floor ... ok
test place::tests::placement_is_top_down_with_the_guard_above ... ok
test place::tests::the_largest_span_is_the_window_less_one_guard ... ok
test port::tests::a_fresh_bitmap_refuses_every_port_and_ends_in_ones ... ok
test port::tests::a_held_row_opens_its_ports_and_no_other ... ok
test port::tests::a_refused_access_names_the_first_port_it_may_not_touch ... ok
test port::tests::a_switch_to_a_process_holding_nothing_closes_the_row ... ok
test port::tests::the_last_port_of_the_bitmap_opens_without_touching_the_end_byte ... ok
test segment::tests::a_range_is_looked_up_once_per_leaf ... ok
test segment::tests::a_read_across_shuffled_frames_gets_the_bytes_at_their_addresses ... ok
test segment::tests::a_read_only_page_between_writable_ones_refuses_a_write_only ... ok
test segment::tests::a_run_that_cannot_be_pinned_refuses_the_window_and_leaves_nothing_pinned ... ok
test place::tests::a_window_not_2_mib_aligned_is_a_kernel_bug - should panic ... ok
test place::tests::a_window_past_the_user_half_is_a_kernel_bug - should panic ... ok
test place::tests::a_window_without_room_for_its_guard_is_a_kernel_bug - should panic ... ok
test segment::tests::an_empty_or_kernel_window_is_refused_before_the_walk ... ok
test segment::tests::frames_in_order_are_one_segment ... ok
test segment::tests::an_absent_page_anywhere_refuses_the_window ... ok
test segment::tests::every_run_is_pinned_until_the_window_is_dropped ... ok
test segment::tests::frames_in_reverse_are_one_segment_per_leaf ... ok
test span::tests::a_kernel_address_is_not_a_user_address ... ok
test span::tests::a_range_ending_past_the_bound_is_refused_and_a_wrapping_one_too ... ok
test span::tests::a_vaddr_min_above_the_base_cannot_rebase ... ok
test span::tests::a_zero_sized_object_is_nothing_to_dereference ... ok
test span::tests::an_image_at_vaddr_zero_rebases_to_the_base_itself ... ok
test span::tests::an_image_that_rebases_past_the_user_half_is_refused ... ok
test span::tests::an_object_is_refused_for_its_alignment_before_anything_else ... ok
test span::tests::an_object_may_not_end_past_the_bound ... ok
test span::tests::no_type_may_cross_a_2_mib_boundary ... ok
test segment::tests::the_segments_are_the_maximal_runs_and_cover_the_window_exactly ... ok
test segment::tests::a_write_across_shuffled_frames_lands_where_a_ring_3_load_reads_it ... ok

test result: ok. 39 passed; 0 failed; 0 ignored; 0 measured; 0 filtered out; finished in 1.89s

     Running unittests src/lib.rs (target/debug/deps/toyos_wallclock-b47e434838c204e6)

running 5 tests
test tests::an_impossible_instant_is_refused_and_a_leap_day_is_not ... ok
test tests::every_stem_this_renders_is_one_it_reads_back ... ok
test tests::only_logkeepers_own_names_are_logkeepers ... ok
test tests::the_calendar_round_trips_through_the_dates_that_break_one ... ok
test tests::every_time_of_day_this_renders_is_one_it_reads_back ... ok

test result: ok. 5 passed; 0 failed; 0 ignored; 0 measured; 0 filtered out; finished in 0.00s

     Running unittests src/lib.rs (target/debug/deps/toyos_xhci-2799e5c2afba02d7)

running 150 tests
test bot::tests::a_break_says_where_it_left_the_device_and_which_event_ended_it ... ok
test bot::tests::a_byte_no_phase_publishes_reads_as_closed ... ok
test bot::tests::a_command_or_status_block_that_moved_short_breaks ... ok
test bot::tests::a_command_with_no_data_is_its_command_block_and_its_status ... ok
test bot::tests::a_csw_is_believed_only_when_it_is_valid_and_meaningful ... ok
test bot::tests::a_cbw_is_laid_out_as_the_class_defines_it ... ok
test bot::tests::a_data_phase_runs_on_the_pipe_its_command_names ... ok
test bot::tests::a_data_phase_whose_pipe_will_not_restart_breaks_as_a_stall ... ok
test bot::tests::a_leg_that_fails_breaks_the_round_trip_where_it_failed ... ok
test bot::tests::a_stalled_data_phase_is_restarted_and_its_status_read ... ok
test bot::tests::a_stalled_status_is_asked_for_again_once ... ok
test bot::tests::a_status_stalled_after_a_data_stall_is_still_asked_for_again ... ok
test bot::tests::every_phase_but_the_closed_one_is_a_device_holding_a_command ... ok
test bot::tests::every_phase_survives_the_byte_it_is_published_as ... ok
test bot::tests::no_two_phases_are_named_the_same_thing ... ok
test bot::tests::a_stalled_data_phase_delivers_what_both_the_controller_and_the_device_say_arrived ... ok
test bot::tests::what_is_delivered_is_what_both_the_controller_and_the_device_say_arrived ... ok
test call::tests::a_call_that_enters_the_ladder_a_rung_up_finds_that_rung_whole ... ok
test call::tests::a_command_sent_again_after_a_hold_leaves_the_last_rung_its_bound ... ok
test call::tests::a_command_sent_again_is_clipped_to_where_the_next_rung_begins ... ok
test call::tests::a_read_whose_wait_spent_the_operation_goes_out_again_after_the_port_reset_took ... ok
test call::tests::a_rung_entered_early_gets_its_own_bound_and_not_the_calls ... ok
test call::tests::a_rung_is_never_starved_by_what_was_spent_before_it ... ok
test call::tests::a_second_break_in_the_same_call_does_not_extend_it ... ok
test call::tests::a_silent_controller_is_sent_no_command_in_any_rung_and_its_port_is_still_reset ... ok
test call::tests::a_wait_is_cut_only_when_its_window_ended_it ... ok
test call::tests::a_call_whose_transport_has_not_broken_is_clipped_and_refused_nothing ... ok
test call::tests::nothing_but_the_command_sent_again_outlives_the_operations_budget ... ok
test configure::tests::a_bind_adds_and_drops_nothing ... ok
test configure::tests::a_binds_slot_context_names_the_speed_and_the_port ... ok
test configure::tests::a_recovery_drops_and_adds_both_endpoints ... ok
test configure::tests::a_recoverys_slot_context_is_context_entries_and_zeroes ... ok
test configure::tests::an_endpoint_context_carries_the_descriptors_own_numbers ... ok
test configure::tests::context_entries_is_the_higher_index_of_the_pair ... ok
test configure::tests::nothing_but_the_pair_is_ever_dropped ... ok
test configure::tests::the_recovery_describes_the_endpoints_exactly_as_the_bind_did ... ok
test enumerate::tests::a_boot_keyboard_is_addressed_described_configured_and_bound ... ok
test enumerate::tests::a_configuration_with_nothing_to_bind_is_refused_where_it_is_read ... ok
test enumerate::tests::a_device_that_answered_set_protocol_recovers_nothing ... ok
test enumerate::tests::a_device_that_states_another_packet_size_has_its_ep0_evaluated ... ok
test enumerate::tests::a_stalled_set_protocol_recovers_ep0_before_the_endpoints_are_configured ... ok
test enumerate::tests::a_stated_packet_size_a_device_of_that_speed_cannot_have_is_refused ... ok
test enumerate::tests::every_route_configures_its_endpoints_last ... ok
test enumerate::tests::every_speed_has_one_control_packet_size_or_none ... ok
test enumerate::tests::only_an_interface_with_a_boot_protocol_is_asked_for_one ... ok
test flush::tests::a_device_with_no_cache_owes_nothing_and_keeps_the_count ... ok
test flush::tests::a_loss_is_counted_once_and_never_uncounted ... ok
test flush::tests::a_write_is_owed_until_a_flush_that_succeeded_and_not_after ... ok
test identity::tests::a_device_that_differs_in_any_field_is_a_new_disk ... ok
test identity::tests::a_device_with_no_readable_serial_is_never_adopted ... ok
test identity::tests::a_disk_is_waited_for_only_after_a_reset_of_ours_and_only_inside_the_window ... ok
test identity::tests::a_language_is_read_only_from_a_string_descriptor_that_carries_one ... ok
test identity::tests::a_serial_prints_as_the_characters_it_carries_and_nothing_else ... ok
test identity::tests::the_same_device_is_the_same_disk ... ok
test identity::tests::a_string_descriptor_is_read_only_whole_and_well_formed ... ok
test job::tests::a_cancelled_operation_leaves_the_slot_free ... ok
test job::tests::a_completion_for_another_trb_is_not_this_one ... ok
test job::tests::a_data_stage_does_not_end_a_transfer_that_still_owes_its_status ... ok
test job::tests::a_failing_stage_ends_the_transfer_whatever_is_still_owed ... ok
test job::tests::a_failing_status_stage_is_the_answer ... ok
test job::tests::a_late_completion_from_an_abandoned_transfer_answers_nobody ... ok
test job::tests::a_stage_is_answered_by_its_own_trb_and_in_its_own_order ... ok
test job::tests::a_transfer_matches_on_its_trb_and_on_both_halves_of_its_endpoint ... ok
test job::tests::a_transfer_that_answers_one_stage_and_stops_is_silent ... ok
test job::tests::an_answer_outlives_the_deadline ... ok
test job::tests::an_empty_slot_is_not_busy_and_has_no_deadline ... ok
test job::tests::only_the_first_answer_counts ... ok
test job::tests::the_deadline_produces_silence_and_nothing_else ... ok
test job::tests::the_residue_is_the_first_stages_and_the_code_is_the_last ... ok
test ladder::tests::a_break_before_a_data_out_phase_is_done_leaves_the_device_owed_it ... ok
test ladder::tests::a_break_elsewhere_climbs_every_rung ... ok
test ladder::tests::a_device_is_addressed_again_only_as_what_it_was_enumerated_as ... ok
test ladder::tests::a_device_owed_data_out_is_never_given_the_class_reset ... ok
test ladder::tests::a_run_climbs_one_rung_per_break_until_a_round_trip_ends_it ... ok
test ladder::tests::a_rung_that_did_not_verify_left_exactly_where_its_port_no_longer_holds_the_device ... ok
test ladder::tests::every_run_of_breaks_climbs_strictly_and_ends_offline_after_a_port_reset ... ok
test ladder::tests::only_a_quiesce_that_failed_lets_the_rung_go_on ... ok
test ladder::tests::only_a_run_that_begins_owed_data_out_skips_the_class_reset ... ok
test ladder::tests::the_port_rung_resets_then_addresses_then_configures_then_asks ... ok
test late::tests::a_ring_that_keeps_producing_is_given_up_on_one_ring_past_the_deadline ... ok
test late::tests::an_answer_posted_before_the_deadline_passed_is_taken_after_it ... ok
test late::tests::before_the_deadline_nothing_is_given_up ... ok
test late::tests::past_the_deadline_the_first_empty_read_ends_the_wait ... ok
test port::tests::a_device_found_at_bring_up_is_never_enumerated_without_a_reset ... ok
test port::tests::a_device_its_class_reset_did_not_bring_back_gets_the_most_reset_its_port_has ... ok
test port::tests::a_port_whose_belief_moved_is_outstanding_until_it_is_read ... ok
test port::tests::a_warm_reset_is_finished_only_once_the_controller_has_cleared_pr ... ok
test portsc::tests::a_port_holds_its_device_only_while_it_reads_connected_with_no_change_unconsumed ... ok
test portsc::tests::a_write_never_carries_ped ... ok
test portsc::tests::a_write_never_sets_ped_and_pr_together ... ok
test portsc::tests::an_unseen_change_survives_the_acknowledge ... ok
test portsc::tests::bits_are_where_the_table_puts_them ... ok
test portsc::tests::neutral_keeps_exactly_the_bits_that_are_safe_to_write_back ... ok
test portsc::tests::powering_a_port_down_moves_that_bit_and_no_other ... ok
test protocol::tests::a_conformant_pair_covers_the_machine ... ok
test protocol::tests::a_port_claimed_twice_keeps_the_first_claim ... ok
test protocol::tests::a_range_that_would_wrap_is_refused_rather_than_folded ... ok
test protocol::tests::firmware_that_makes_no_sense_is_refused_by_name ... ok
test recovery::tests::a_halted_endpoint_is_reset_and_then_cleared_at_the_device ... ok
test recovery::tests::a_running_endpoint_is_stopped_and_never_cleared ... ok
test recovery::tests::a_stopped_endpoint_only_needs_its_ring_back ... ok
test recovery::tests::an_endpoint_in_error_only_needs_its_ring_back ... ok
test recovery::tests::disabled_and_reserved_states_are_refused_by_name ... ok
test recovery::tests::every_recovery_rebuilds_the_ring_exactly_once ... ok
test recovery::tests::only_a_halted_endpoint_is_cleared_at_the_device ... ok
test recovery::tests::the_bus_is_reached_only_after_every_command ... ok
test recovery::tests::the_endpoint_state_field_decodes_to_every_value_three_bits_can_hold ... ok
test reset_recovery::tests::a_command_that_took_is_not_issued_again_over_a_field_that_lags ... ok
test reset_recovery::tests::a_context_state_error_is_followed_by_the_command_for_where_the_pipe_went ... ok
test reset_recovery::tests::a_disabled_or_reserved_endpoint_refuses_the_whole_recovery ... ok
test reset_recovery::tests::a_halting_completion_code_outranks_a_field_that_still_reads_running ... ok
test reset_recovery::tests::a_pipe_refused_from_every_state_is_given_up_on_by_name ... ok
test reset_recovery::tests::a_refusal_that_is_not_about_state_and_a_silence_both_end_the_quiesce ... ok
test reset_recovery::tests::a_slot_goes_back_only_over_a_stopped_pair ... ok
test reset_recovery::tests::a_stopped_pair_is_asked_nothing ... ok
test reset_recovery::tests::every_command_is_defined_for_the_state_it_was_chosen_from ... ok
test reset_recovery::tests::every_pair_is_stopped_inside_the_bound_however_it_moves_and_however_the_field_lags ... ok
test reset_recovery::tests::only_a_halt_condition_or_a_trb_error_speaks_for_the_endpoint ... ok
test reset_recovery::tests::only_a_pair_a_reset_device_disabled_has_nothing_to_stop ... ok
test reset_recovery::tests::the_bound_is_the_worst_case ... ok
test reset_recovery::tests::the_in_pipe_is_quiesced_before_the_out_pipe ... ok
test ring::tests::a_controller_that_has_caught_up_has_nothing_pending ... ok
test ring::tests::a_pointer_that_is_no_position_on_this_ring_is_refused_by_name ... ok
test ring::tests::an_enqueue_point_past_the_end_of_the_ring_is_refused ... ok
test ring::tests::no_two_refusals_read_the_same ... ok
test ring::tests::the_count_is_the_wrapped_distance_between_the_two ... ok
test ring::tests::the_low_four_bits_of_the_field_are_not_address ... ok
test scan::tests::a_broken_endpoint_is_recovered_until_the_silence_bound_passes ... ok
test scan::tests::a_free_slot_and_nothing_broken_is_the_end_of_the_scan ... ok
test scan::tests::a_silent_controller_ends_the_scan_at_the_operations_deadline ... ok
test scan::tests::an_outstanding_operation_is_never_given_up_on ... ok
test scsi::tests::a_device_field_prints_as_the_characters_it_carries_and_nothing_else ... ok
test scsi::tests::a_device_that_is_not_a_disk_this_driver_serves_is_refused_by_name ... ok
test scsi::tests::a_disk_spinning_up_is_asked_for_its_sense_and_then_again ... ok
test scsi::tests::a_disk_that_never_becomes_ready_is_given_up_on_at_its_budget ... ok
test scsi::tests::a_disk_too_big_for_read_capacity_10_is_asked_the_16_byte_form ... ok
test scsi::tests::a_flush_the_device_does_not_implement_is_no_failure_and_every_other_refusal_is ... ok
test scsi::tests::a_question_unanswered_or_answered_short_refuses_the_device ... ok
test scsi::tests::a_ready_attempt_that_breaks_is_recovered_and_one_taken_offline_ends_it ... ok
test scsi::tests::a_ready_disk_is_asked_what_it_is_and_how_big_and_nothing_else ... ok
test scsi::tests::a_transfer_cdb_is_laid_out_as_sbc_defines_it ... ok
test scsi::tests::a_transfer_is_its_batches_in_order_and_only_a_whole_one_advances ... ok
test scsi::tests::a_transfer_past_the_disk_is_refused_and_an_empty_one_is_nothing ... ok
test call::tests::every_path_through_a_call_ends_inside_its_bounds ... ok
test scsi::tests::every_fixed_cdb_carries_its_own_length_direction_and_allocation ... ok
test scsi::tests::only_the_first_batch_may_answer_ask_again ... ok
test scsi::tests::sense_is_believed_only_when_its_ascq_arrived ... ok
test bot::tests::a_restart_answered_with_a_transfer_is_a_driver_bug - should panic ... ok
test job::tests::submitting_over_an_outstanding_operation_panics - should panic ... ok
test scsi::tests::an_answer_to_something_not_asked_is_a_driver_bug - should panic ... ok

test result: ok. 150 passed; 0 failed; 0 ignored; 0 measured; 0 filtered out; finished in 0.10s

     Running unittests src/lib.rs (target/debug/deps/toyos_xhci_sim-4a3fa07dfc784e59)

running 0 tests

test result: ok. 0 passed; 0 failed; 0 ignored; 0 measured; 0 filtered out; finished in 0.00s

     Running tests/enumerate.rs (target/debug/deps/enumerate-10990ce8682e34f4)

running 7 tests
test a_slot_the_controller_has_not_named_yet_is_waited_for_even_when_the_port_goes ... ok
test a_device_with_no_boot_protocol_is_never_asked_for_one ... ok
test an_enumeration_is_abandoned_when_its_port_goes ... ok
test a_device_pulled_while_enable_slot_goes_unanswered_is_torn_down ... ok
test an_enumeration_takes_one_act_per_pass_and_reports_once ... ok
test an_enumeration_that_stops_being_answered_still_reports_its_slot ... ok
test gate_an_enumeration_that_outlives_its_port_costs_a_deadline ... ok

test result: ok. 7 passed; 0 failed; 0 ignored; 0 measured; 0 filtered out; finished in 0.00s

     Running tests/explore.rs (target/debug/deps/explore-734281753ca6c457)

running 1 test
test no_sequence_breaks_an_invariant ... ok

test result: ok. 1 passed; 0 failed; 0 ignored; 0 measured; 0 filtered out; finished in 0.44s

     Running tests/scenarios.rs (target/debug/deps/scenarios-dd4013e072e52347)

running 15 tests
test a_device_plugged_in_is_enumerated_once ... ok
test a_device_that_bounces_back_out_is_never_enumerated ... ok
test a_device_with_no_slot_settles_anyway ... ok
test a_device_replugged_inside_a_hot_reset_given_up_on_is_enumerated ... ok
test a_replug_inside_one_debounce_is_seen ... ok
test gate_acknowledging_before_deciding_hides_a_replug ... ok
test gate_ignoring_the_connect_change_hides_a_replug ... ok
test a_port_that_never_finishes_its_reset_is_given_up_on_and_left_alone ... ok
test gate_dropping_the_reset_deadline_wedges_the_port ... ok
test gate_stepping_from_inside_an_effect_is_caught ... ok
test gate_writing_back_what_was_read_disables_the_port ... ok
test the_debounce_is_actually_waited_out ... ok
test unplugging_tears_the_device_down ... ok
test repeated_replugs_stay_balanced ... ok
test gate_restarting_the_debounce_never_enumerates ... ok

test result: ok. 15 passed; 0 failed; 0 ignored; 0 measured; 0 filtered out; finished in 0.00s

     Running tests/superspeed.rs (target/debug/deps/superspeed-9fc6e5d904e84684)

running 13 tests
test a_device_pulled_as_its_enumeration_begins_is_torn_down ... ok
test a_device_pulled_during_the_warm_retrain_is_not_enumerated ... ok
test a_link_a_hot_reset_kills_is_recovered_warm ... ok
test a_link_already_inactive_is_warm_reset_at_once ... ok
test a_link_that_never_trains_is_refused_by_its_own_name ... ok
test a_completed_failure_that_stays_failed_is_refused_by_name ... ok
test a_port_given_up_on_is_not_reset_again_until_its_device_is_pulled ... ok
test a_port_of_unknown_protocol_is_still_reset ... ok
test a_trained_superspeed_link_is_not_reset ... ok
test a_usb2_completed_failure_is_refused_not_warm_reset ... ok
test a_reset_that_completes_failed_is_warm_reset ... ok
test a_usb2_port_is_never_warm_reset ... ok
test a_usb2_port_is_reset_as_before ... ok

test result: ok. 13 passed; 0 failed; 0 ignored; 0 measured; 0 filtered out; finished in 0.00s

     Running tests/teardown.rs (target/debug/deps/teardown-8246614634118103)

running 9 tests
test a_controller_that_never_answers_still_releases_the_port ... ok
test a_halted_endpoint_is_reset_cleared_and_delivering_again ... ok
test a_recovery_the_controller_refuses_lets_the_device_go ... ok
test a_recovery_is_abandoned_when_its_port_goes ... ok
test a_running_endpoint_is_stopped_rather_than_reset ... ok
test gate_acting_with_an_answer_outstanding_is_caught ... ok
test gate_a_recovery_that_outlives_its_port_costs_a_second_deadline ... ok
test gate_freeing_the_block_before_the_slot_is_caught ... ok
test a_teardown_gives_the_slot_and_the_block_back ... ok

test result: ok. 9 passed; 0 failed; 0 ignored; 0 measured; 0 filtered out; finished in 0.00s

     Running tests/teeth.rs (target/debug/deps/teeth-264bd98d556580b9)

running 1 test
test every_flaw_changes_an_outcome ... ok

test result: ok. 1 passed; 0 failed; 0 ignored; 0 measured; 0 filtered out; finished in 0.00s

   Doc-tests bcachefs

running 2 tests
test bcachefs/src/block_io.rs - block_io::DeviceError (line 66) - compile fail ... ok
test bcachefs/src/block_io.rs - block_io::DeviceError (line 62) - compile fail ... ok

test result: ok. 2 passed; 0 failed; 0 ignored; 0 measured; 0 filtered out; finished in 0.04s

   Doc-tests kernel_loom

running 0 tests

test result: ok. 0 passed; 0 failed; 0 ignored; 0 measured; 0 filtered out; finished in 0.00s

   Doc-tests kernel_sim

running 0 tests

test result: ok. 0 passed; 0 failed; 0 ignored; 0 measured; 0 filtered out; finished in 0.00s

   Doc-tests toyos_abi

running 0 tests

test result: ok. 0 passed; 0 failed; 0 ignored; 0 measured; 0 filtered out; finished in 0.00s

   Doc-tests toyos_acpi

running 0 tests

test result: ok. 0 passed; 0 failed; 0 ignored; 0 measured; 0 filtered out; finished in 0.00s

   Doc-tests toyos_blackbox

running 0 tests

test result: ok. 0 passed; 0 failed; 0 ignored; 0 measured; 0 filtered out; finished in 0.00s

   Doc-tests toyos_blockhold

running 0 tests

test result: ok. 0 passed; 0 failed; 0 ignored; 0 measured; 0 filtered out; finished in 0.00s

   Doc-tests toyos_blockring

running 2 tests
test toyos-blockring/src/wire.rs - wire::Opened (line 49) - compile fail ... ok
test toyos-blockring/src/wire.rs - wire::Opened (line 40) ... ok

test result: ok. 2 passed; 0 failed; 0 ignored; 0 measured; 0 filtered out; finished in 0.08s

   Doc-tests toyos_bootmap

running 1 test
test toyos-bootmap/src/lib.rs - DirectMapEnd (line 64) - compile fail ... ok

test result: ok. 1 passed; 0 failed; 0 ignored; 0 measured; 0 filtered out; finished in 0.04s

   Doc-tests toyos_cpuvuln

running 0 tests

test result: ok. 0 passed; 0 failed; 0 ignored; 0 measured; 0 filtered out; finished in 0.00s

   Doc-tests toyos_dhcp

running 0 tests

test result: ok. 0 passed; 0 failed; 0 ignored; 0 measured; 0 filtered out; finished in 0.00s

   Doc-tests toyos_dma

running 0 tests

test result: ok. 0 passed; 0 failed; 0 ignored; 0 measured; 0 filtered out; finished in 0.00s

   Doc-tests toyos_dns

running 0 tests

test result: ok. 0 passed; 0 failed; 0 ignored; 0 measured; 0 filtered out; finished in 0.00s

   Doc-tests toyos_elf

running 0 tests

test result: ok. 0 passed; 0 failed; 0 ignored; 0 measured; 0 filtered out; finished in 0.00s

   Doc-tests toyos_elide

running 0 tests

test result: ok. 0 passed; 0 failed; 0 ignored; 0 measured; 0 filtered out; finished in 0.00s

   Doc-tests toyos_fat32

running 0 tests

test result: ok. 0 passed; 0 failed; 0 ignored; 0 measured; 0 filtered out; finished in 0.00s

   Doc-tests toyos_fat32_check

running 1 test
test toyos-fat32/check/src/lib.rs - (line 30) - compile ... ok

test result: ok. 1 passed; 0 failed; 0 ignored; 0 measured; 0 filtered out; finished in 0.02s

   Doc-tests toyos_gicv3

running 0 tests

test result: ok. 0 passed; 0 failed; 0 ignored; 0 measured; 0 filtered out; finished in 0.00s

   Doc-tests toyos_gpt

running 0 tests

test result: ok. 0 passed; 0 failed; 0 ignored; 0 measured; 0 filtered out; finished in 0.00s

   Doc-tests toyos_hda

running 0 tests

test result: ok. 0 passed; 0 failed; 0 ignored; 0 measured; 0 filtered out; finished in 0.00s

   Doc-tests toyos_i219

running 0 tests

test result: ok. 0 passed; 0 failed; 0 ignored; 0 measured; 0 filtered out; finished in 0.00s

   Doc-tests toyos_inspect

running 0 tests

test result: ok. 0 passed; 0 failed; 0 ignored; 0 measured; 0 filtered out; finished in 0.00s

   Doc-tests toyos_keymap

running 0 tests

test result: ok. 0 passed; 0 failed; 0 ignored; 0 measured; 0 filtered out; finished in 0.00s

   Doc-tests toyos_libc_copies

running 0 tests

test result: ok. 0 passed; 0 failed; 0 ignored; 0 measured; 0 filtered out; finished in 0.00s

   Doc-tests toyos_logstream

running 0 tests

test result: ok. 0 passed; 0 failed; 0 ignored; 0 measured; 0 filtered out; finished in 0.00s

   Doc-tests toyos_manifest

running 0 tests

test result: ok. 0 passed; 0 failed; 0 ignored; 0 measured; 0 filtered out; finished in 0.00s

   Doc-tests toyos_microcode

running 0 tests

test result: ok. 0 passed; 0 failed; 0 ignored; 0 measured; 0 filtered out; finished in 0.00s

   Doc-tests toyos_net_ip

running 8 tests
test toyos-net-ip/src/lib.rs - compile_fail::s_ip_nud_028_a_state_holds_only_its_own_fields (line 467) - compile fail ... ok
test toyos-net-ip/src/lib.rs - compile_fail::s_ip_nud_028_a_state_holds_only_its_own_fields (line 472) - compile fail ... ok
test toyos-net-ip/src/lib.rs - compile_fail::s_ip_nud_028_a_state_holds_only_its_own_fields (line 462) - compile fail ... ok
test toyos-net-ip/src/lib.rs - compile_fail::s_ip_nud_028_a_state_holds_only_its_own_fields (line 435) ... ok
test toyos-net-ip/src/lib.rs - compile_fail::s_ip_nud_028_a_state_holds_only_its_own_fields (line 477) - compile fail ... ok
test toyos-net-ip/src/lib.rs - compile_fail::s_ip_nud_028_a_state_holds_only_its_own_fields (line 487) - compile fail ... ok
test toyos-net-ip/src/lib.rs - compile_fail::s_ip_nud_028_a_state_holds_only_its_own_fields (line 482) - compile fail ... ok
test toyos-net-ip/src/lib.rs - compile_fail::s_ip_nud_028_a_state_holds_only_its_own_fields (line 492) - compile fail ... ok

test result: ok. 8 passed; 0 failed; 0 ignored; 0 measured; 0 filtered out; finished in 0.13s

   Doc-tests toyos_net_shard

running 0 tests

test result: ok. 0 passed; 0 failed; 0 ignored; 0 measured; 0 filtered out; finished in 0.00s

   Doc-tests toyos_net_tcp

running 5 tests
test toyos-net-shard/tcp/src/lib.rs - compile_fail::s_hs_036_a_connection_cannot_connect_again (line 323) - compile fail ... ok
test toyos-net-shard/tcp/src/lib.rs - compile_fail::s_hs_036_a_connection_cannot_connect_again (line 330) - compile fail ... ok
test toyos-net-shard/tcp/src/lib.rs - compile_fail::s_op_030_tcp_cannot_choose_dscp_ecn_or_df (line 349) - compile fail ... ok
test toyos-net-shard/tcp/src/lib.rs - compile_fail::s_op_030_tcp_cannot_choose_dscp_ecn_or_df (line 342) ... ok
test toyos-net-shard/tcp/src/lib.rs - compile_fail::s_hs_036_a_connection_cannot_connect_again (line 316) ... ok

test result: ok. 5 passed; 0 failed; 0 ignored; 0 measured; 0 filtered out; finished in 0.10s

   Doc-tests toyos_net_testnet

running 0 tests

test result: ok. 0 passed; 0 failed; 0 ignored; 0 measured; 0 filtered out; finished in 0.00s

   Doc-tests toyos_net_udp

running 0 tests

test result: ok. 0 passed; 0 failed; 0 ignored; 0 measured; 0 filtered out; finished in 0.00s

   Doc-tests toyos_net_wire

running 18 tests
test toyos-net-wire/src/lib.rs - compile_fail::raw_payload_takes_no_transport_protocol_and_no_payload_is_forged (line 275) - compile fail ... ok
test toyos-net-wire/src/lib.rs - compile_fail::raw_payload_takes_no_transport_protocol_and_no_payload_is_forged (line 270) - compile fail ... ok
test toyos-net-wire/src/lib.rs - compile_fail::s_eth_030_builder_ethertype_admits_only_ipv4_and_arp (line 212) - compile fail ... ok
test toyos-net-wire/src/lib.rs - compile_fail::raw_payload_takes_no_transport_protocol_and_no_payload_is_forged (line 264) ... ok
test toyos-net-wire/src/lib.rs - compile_fail::s_eth_030_builder_ethertype_admits_only_ipv4_and_arp (line 207) ... ok
test toyos-net-wire/src/lib.rs - compile_fail::s_rt_010_transport_parse_takes_only_its_ipv4_view (line 255) - compile fail ... ok
test toyos-net-wire/src/lib.rs - compile_fail::s_rt_010_transport_parse_takes_only_its_ipv4_view (line 248) - compile fail ... ok
test toyos-net-wire/src/lib.rs - compile_fail::s_rt_010_transport_parse_takes_only_its_ipv4_view (line 241) ... ok
test toyos-net-wire/src/lib.rs - compile_fail::s_tser_008_established_builder_cannot_hold_syn_only_options (line 224) - compile fail ... ok
test toyos-net-wire/src/lib.rs - compile_fail::s_tser_008_established_builder_cannot_hold_syn_only_options (line 229) - compile fail ... ok
test toyos-net-wire/src/lib.rs - compile_fail::s_tser_008_established_builder_cannot_hold_syn_only_options (line 234) - compile fail ... ok
test toyos-net-wire/src/lib.rs - compile_fail::s_tser_008_established_builder_cannot_hold_syn_only_options (line 219) ... ok
test toyos-net-wire/src/lib.rs - compile_fail::write_payload_and_write_frame_body_are_sealed (line 325) - compile fail ... ok
test toyos-net-wire/src/lib.rs - compile_fail::write_payload_and_write_frame_body_are_sealed (line 340) - compile fail ... ok
test toyos-net-wire/src/lib.rs - compile_fail::write_payload_and_write_frame_body_are_sealed (line 390) - compile fail ... ok
test toyos-net-wire/src/lib.rs - compile_fail::write_payload_and_write_frame_body_are_sealed (line 372) - compile fail ... ok
test toyos-net-wire/src/lib.rs - compile_fail::write_payload_and_write_frame_body_are_sealed (line 357) - compile fail ... ok
test toyos-net-wire/src/lib.rs - compile_fail::write_payload_and_write_frame_body_are_sealed (line 293) ... ok

test result: ok. 18 passed; 0 failed; 0 ignored; 0 measured; 0 filtered out; finished in 0.27s

   Doc-tests toyos_osrelease

running 0 tests

test result: ok. 0 passed; 0 failed; 0 ignored; 0 measured; 0 filtered out; finished in 0.00s

   Doc-tests toyos_pci

running 0 tests

test result: ok. 0 passed; 0 failed; 0 ignored; 0 measured; 0 filtered out; finished in 0.00s

   Doc-tests toyos_ps2

running 0 tests

test result: ok. 0 passed; 0 failed; 0 ignored; 0 measured; 0 filtered out; finished in 0.00s

   Doc-tests toyos_quiesce

running 0 tests

test result: ok. 0 passed; 0 failed; 0 ignored; 0 measured; 0 filtered out; finished in 0.00s

   Doc-tests toyos_rootimage

running 0 tests

test result: ok. 0 passed; 0 failed; 0 ignored; 0 measured; 0 filtered out; finished in 0.00s

   Doc-tests toyos_swap

running 0 tests

test result: ok. 0 passed; 0 failed; 0 ignored; 0 measured; 0 filtered out; finished in 0.00s

   Doc-tests toyos_symbols

running 0 tests

test result: ok. 0 passed; 0 failed; 0 ignored; 0 measured; 0 filtered out; finished in 0.00s

   Doc-tests toyos_tco

running 0 tests

test result: ok. 0 passed; 0 failed; 0 ignored; 0 measured; 0 filtered out; finished in 0.00s

   Doc-tests toyos_tmpdir

running 0 tests

test result: ok. 0 passed; 0 failed; 0 ignored; 0 measured; 0 filtered out; finished in 0.00s

   Doc-tests toyos_trace

running 0 tests

test result: ok. 0 passed; 0 failed; 0 ignored; 0 measured; 0 filtered out; finished in 0.00s

   Doc-tests toyos_transport

running 4 tests
test toyos-blockring/transport/src/queue.rs - queue::Place (line 43) - compile fail ... ok
test toyos-blockring/transport/src/queue.rs - queue::Place (line 53) - compile fail ... ok
test toyos-blockring/transport/src/queue.rs - queue::Place (line 48) - compile fail ... ok
test toyos-blockring/transport/src/queue.rs - queue::Place (line 36) ... ok

test result: ok. 4 passed; 0 failed; 0 ignored; 0 measured; 0 filtered out; finished in 0.07s

   Doc-tests toyos_tsc

running 0 tests

test result: ok. 0 passed; 0 failed; 0 ignored; 0 measured; 0 filtered out; finished in 0.00s

   Doc-tests toyos_untrusted

running 5 tests
test toyos-untrusted/src/lib.rs - Untrusted (line 119) - compile fail ... ok
test toyos-untrusted/src/lib.rs - Untrusted (line 126) - compile fail ... ok
test toyos-untrusted/src/lib.rs - Untrusted (line 113) - compile fail ... ok
test toyos-untrusted/src/lib.rs - Untrusted (line 107) - compile fail ... ok
test toyos-untrusted/src/lib.rs - Untrusted (line 134) ... ok

test result: ok. 5 passed; 0 failed; 0 ignored; 0 measured; 0 filtered out; finished in 0.10s

   Doc-tests toyos_update

running 0 tests

test result: ok. 0 passed; 0 failed; 0 ignored; 0 measured; 0 filtered out; finished in 0.00s

   Doc-tests toyos_userbound

running 0 tests

test result: ok. 0 passed; 0 failed; 0 ignored; 0 measured; 0 filtered out; finished in 0.00s

   Doc-tests toyos_wallclock

running 0 tests

test result: ok. 0 passed; 0 failed; 0 ignored; 0 measured; 0 filtered out; finished in 0.00s

   Doc-tests toyos_xhci

running 0 tests

test result: ok. 0 passed; 0 failed; 0 ignored; 0 measured; 0 filtered out; finished in 0.00s

   Doc-tests toyos_xhci_sim

running 0 tests

test result: ok. 0 passed; 0 failed; 0 ignored; 0 measured; 0 filtered out; finished in 0.00s

11:23:20 [ci] the host workspace: cargo test --workspace --exclude toyos-build

11:23:20 === [ci] the kernel's library
   Compiling toyos-abi v0.16.0 (/home/user/toyos-sessionshares/toyos-abi)
   Compiling kernel v0.1.0 (/home/user/toyos-sessionshares/kernel)
    Finished `test` profile [unoptimized + debuginfo] target(s) in 4.14s
     Running unittests pure/lib.rs (target/debug/deps/kernel-8dce04109bccccba)

running 159 tests
test pcid::oracle::tests::a_flush_between_two_owners_clears_the_alias ... ok
test pcid::oracle::tests::the_model_flags_a_live_reissue ... ok
test pcid::tests::a_freed_tag_waits_for_a_flush_before_it_is_reissued ... ok
test pcid::tests::two_live_address_spaces_never_share_a_pcid ... ok
test proclife::interleave::tests::a_join_racing_the_kill_that_takes_its_target ... ok
test proclife::interleave::tests::a_kill_chain_of_three_ends ... ok
test pcid::tests::churn_never_aliases_two_live_tags ... ok
test proclife::interleave::tests::a_process_that_kills_itself_ends ... ok
test proclife::interleave::tests::a_kill_racing_a_spawn_leaves_no_unretired_thread ... ok
test proclife::interleave::tests::a_published_exit_leaves_no_unretired_thread ... ok
test proclife::interleave::tests::a_reap_racing_a_teardown_and_a_join_breaks_no_law ... ok
test proclife::interleave::tests::a_sibling_exit_a_spawn_and_the_processs_own_exit ... ok
test proclife::interleave::tests::a_sibling_join_is_answered_however_the_two_interleave ... ok
test proclife::interleave::tests::a_spawn_racing_a_kill_and_the_pass_that_reaps_it ... ok
test proclife::interleave::tests::a_sibling_closing_a_spawns_handle_before_the_spawn_returns ... ok
test proclife::interleave::tests::a_childs_exit_racing_its_parents_kill ... ok
test proclife::interleave::tests::a_spawn_racing_the_kill_of_its_own_spawner ... ok
test proclife::interleave::tests::an_exit_and_a_kill_never_both_tear_a_process_down ... ok
test proclife::interleave::tests::a_spawn_racing_its_places_kill_leaves_nothing_under_it_and_publishes_it ... ok
test proclife::interleave::tests::an_exit_whose_sibling_kills_the_process_killing_it ... ok
test proclife::interleave::tests::the_last_one_out_is_in_its_process_until_its_teardown_is_done ... ok
test proclife::interleave::tests::the_refusal_that_dropped_without_unmapping_is_the_leak_l5_reports ... ok
test proclife::interleave::tests::two_processes_killing_each_other_both_end ... ok
test proclife::interleave::tests::two_spawns_race_one_teardown ... ok
test proclife::join::tests::a_join_asked_after_it_collected_keeps_its_answer ... ok
test proclife::join::tests::a_live_thread_answers_wait_and_stays_in_the_table ... ok
test proclife::join::tests::a_process_being_torn_down_gives_up_no_thread ... ok
test proclife::join::tests::a_settled_join_does_not_take_the_table_again ... ok
test proclife::join::tests::a_zombie_is_answered_once_and_the_second_join_finds_nothing ... ok
test proclife::join::tests::the_two_refusals_are_told_apart ... ok
test proclife::pids::tests::a_pid_given_back_is_taken_again ... ok
test proclife::pids::tests::pids_are_issued_in_order_from_zero ... ok
test proclife::pids::tests::the_last_pid_is_one_below_max_and_none_follows_it ... ok
test proclife::reap::tests::nothing_is_taken_from_a_table_of_live_processes ... ok
test proclife::reap::tests::only_the_published_are_taken_and_they_come_back_in_pid_order ... ok
test proclife::spawn::tests::a_claimed_process_refuses_at_the_insert_too ... ok
test proclife::spawn::tests::a_claimed_process_refuses_at_the_start_in_both_arms ... ok
test proclife::spawn::tests::a_full_process_refuses_at_the_start_until_a_join_collects ... ok
test proclife::spawn::tests::a_live_process_admits_a_thread_at_both_moments ... ok
test proclife::spawn::tests::a_missing_entry_is_refused_by_name_and_not_by_the_teardown_flag ... ok
test proclife::spawn::tests::the_insert_refuses_the_spawn_a_sibling_filled_the_process_under ... ok
test proclife::teardown::tests::a_main_threads_exit_is_the_processs ... ok
test proclife::teardown::tests::a_process_that_is_gone_grants_no_claim ... ok
test proclife::teardown::tests::a_sibling_join_is_released_by_the_sibling_it_named ... ok
test proclife::interleave::tests::an_exit_publishes_after_every_end_below_it ... ok
test proclife::teardown::tests::exactly_one_claimant_wins_however_many_arrive ... ok
test proclife::teardown::tests::only_the_thread_that_empties_a_claimed_process_tears_it_down ... ok
test proclife::teardown::tests::the_retire_set_is_every_thread_still_in_but_the_caller ... ok
test proclife::tree::tests::a_chain_is_refused_at_max_depth_plus_one_below_the_supervisor ... ok
test proclife::tree::tests::a_child_landed_under_a_place_claimed_since_its_admission_is_claimed_with_it ... ok
test proclife::tree::tests::a_place_being_torn_down_admits_nothing ... ok
test proclife::tree::tests::a_published_child_leaves_its_parents_children ... ok
test proclife::tree::tests::a_spawn_past_the_last_pid_is_refused_and_a_refused_spawn_spends_none ... ok
test sched::cpu::pass_cost_tests::a_bucket_is_a_power_of_two_wide ... ok
test sched::cpu::pass_cost_tests::a_quantile_follows_the_mass_and_not_the_tail ... ok
test sched::cpu::pass_cost_tests::the_recorder_counts_what_it_was_given ... ok
test sched::cpu::tests::a_corpse_is_not_starved_for_ever_by_a_spinning_rt_task ... ok
test sched::cpu::tests::a_cpu_does_not_hand_over_the_context_it_is_still_standing_on ... ok
test sched::cpu::tests::a_dying_task_is_picked_before_the_fair_queue ... ok
test sched::cpu::tests::a_dying_task_resumes_when_the_rt_band_empties ... ok
test sched::cpu::tests::a_dying_task_that_exits_is_released_by_its_own_death ... ok
test sched::cpu::tests::a_killed_rt_thread_unwinds_in_the_normal_band ... ok
test sched::cpu::tests::a_killed_task_does_not_starve_a_ready_rt_task ... ok
test sched::cpu::tests::a_killed_task_loses_the_cpu_before_its_quantum_expires ... ok
test sched::cpu::tests::a_killed_task_that_expires_its_quantum_goes_back_to_the_dying_list ... ok
test sched::cpu::tests::a_killed_task_that_expires_its_quantum_yields_to_a_ready_rt_task ... ok
test sched::cpu::tests::a_killed_task_that_yields_goes_back_to_the_dying_list ... ok
test sched::cpu::tests::a_live_fair_task_loses_the_cpu_to_a_ready_rt_task ... ok
test sched::cpu::tests::a_retire_moves_a_ready_task_to_the_dying_list ... ok
test sched::cpu::tests::a_retire_of_the_running_task_asks_for_a_safe_point ... ok
test sched::cpu::tests::a_retire_that_loses_the_claim_leaves_the_wake_in_flight ... ok
test sched::cpu::tests::a_retire_wakes_a_parked_task_so_it_can_unwind ... ok
test sched::cpu::tests::a_running_task_refuses_the_parked_mark ... ok
test sched::cpu::tests::a_spawned_task_is_adopted_and_dispatched ... ok
test sched::cpu::tests::a_steal_probe_goes_to_surplus_and_not_to_a_cpu_full_of_corpses ... ok
test sched::cpu::tests::a_stopped_task_is_never_picked_again ... ok
test sched::cpu::tests::a_stopped_task_is_not_published_as_load ... ok
test sched::cpu::tests::a_wake_for_a_stopped_task_lands_in_the_band_and_not_the_run_queue ... ok
test sched::cpu::tests::an_adopt_of_a_killed_task_dispatches_it_on_arrival ... ok
test sched::cpu::tests::an_aged_grant_is_not_undone_by_a_pass_inside_its_chunk ... ok
test sched::cpu::tests::an_unwind_under_saturated_rt_is_stretched_by_the_age_ratio ... ok
test sched::cpu::tests::placement_believes_a_cpu_that_answers_and_no_other ... ok
test sched::cpu::tests::stopping_outranks_killing ... ok
test sched::cpu::tests::the_balance_path_keeps_a_killed_task_rather_than_migrating_it ... ok
test sched::cpu::tests::the_dying_list_is_served_oldest_first ... ok
test sched::cpu::tests::the_pick_dispatches_a_killed_task_so_it_can_unwind ... ok
test sched::fair::tests::charge_accumulates_and_saturates ... ok
test sched::fair::tests::charge_nonrunnable_is_a_bug ... ok
test sched::fair::tests::frontier_is_monotonic ... ok
test sched::fair::tests::lag_clamps_in_both_directions ... ok
test sched::fair::tests::leave_stores_lag_and_wake_rederives_vruntime ... ok
test sched::fair::tests::leave_when_nonrunnable_is_a_noop ... ok
test sched::fair::tests::new_process_starts_at_frontier_with_zero_lag ... ok
test sched::fair::tests::nonrunnable_vruntime_tracks_the_live_frontier ... ok
test sched::fair::tests::refcount_tracks_runnable_threads ... ok
test sched::mailbox::tests::a_node_carries_one_message_at_a_time ... ok
test sched::mailbox::tests::doorbell_kick_policy ... ok
test proclife::teardown::tests::a_thread_leaves_once - should panic ... ok
test sched::mailbox::tests::dropping_a_queued_node_is_loud - should panic ... ok
test sched::mailbox::tests::releasing_an_unposted_claim_frees_the_node ... ok
test sched::mailbox::tests::sleep_needs_an_empty_mailbox_and_a_quiet_doorbell ... ok
test sched::mailbox::tests::fifo_across_nodes_and_recycling ... ok
test sched::park::tests::a_boosted_notify_always_kicks ... ok
test sched::park::tests::a_kill_beats_a_pre_park_claim_to_the_commit ... ok
test sched::park::tests::a_notify_before_phase_one_refuses_it ... ok
test sched::park::tests::a_kill_that_lands_before_the_commit_refuses_the_park ... ok
test sched::park::tests::a_notify_before_the_commit_refuses_the_park_and_sends_nothing ... ok
test sched::park::tests::an_uncancellable_ticket_parks_a_killed_task ... ok
test sched::park::tests::cancel_reports_a_claim_it_lost ... ok
test sched::park::tests::one_wake_node_serves_the_whole_lifecycle ... ok
test sched::park::tests::dropping_a_ticket_is_loud - should panic ... ok
test sched::park::tests::park_then_notify_delivers_exactly_one_message ... ok
test sched::retire::tests::a_wake_and_a_retire_ride_distinct_nodes ... ok
test sched::retire::tests::retire_goes_to_the_home_cpu_and_always_kicks ... ok
test sched::retire::tests::a_second_retirer_fails_fast - should panic ... ok
test sched::retire::tests::retiring_a_dead_task_posts_nothing ... ok
test sched::retire::tests::the_chase_reuses_the_same_node ... ok
test sched::retire::tests::the_kill_bit_is_set_before_the_kick_and_before_the_chase_kick ... ok
test sched::task::tests::a_dead_task_takes_no_post ... ok
test sched::task::tests::a_post_before_the_commit_refuses_it ... ok
test sched::task::tests::a_post_claims_a_waiter_it_finds_parked_or_committing ... ok
test sched::task::tests::a_second_retirer_is_refused ... ok
test sched::task::tests::a_stale_generation_cannot_park_the_task ... ok
test sched::task::tests::a_wake_between_registration_and_commit_refuses_the_park ... ok
test sched::task::tests::cancel_reports_a_claim_it_lost ... ok
test sched::task::tests::claims_on_anything_but_a_waiter_are_lost ... ok
test sched::task::tests::park_then_wake_is_the_ordinary_path ... ok
test sched::task::tests::registration_forgets_a_post_or_revoke_to_an_earlier_wait ... ok
test sched::task::tests::sticky_bits_survive_transitions ... ok
test sched::task::tests::stopping_outranks_killing_at_a_safe_point ... ok
test sched::task::tests::wait_membership_is_single_watch ... ok
test sched::task::tests::word_roundtrips_every_state ... ok
test sched::watch::tests::a_bounded_post_skips_a_waiter_that_was_not_parked ... ok
test sched::watch::tests::a_post_between_registration_and_park_is_not_lost ... ok
test sched::watch::tests::a_post_in_place_fires_and_drops_nothing ... ok
test sched::watch::tests::a_post_wakes_every_parked_thread_and_fires_every_ring ... ok
test sched::task::tests::an_edge_outside_the_table_panics - should panic ... ok
test sched::watch::tests::a_registration_sweeps_the_entries_that_can_no_longer_fire ... ok
test sched::watch::tests::a_revoke_takes_the_registration_out_before_it_wakes ... ok
test sched::watch::tests::a_revoked_waiter_cannot_park_again ... ok
test sched::watch::tests::a_sweep_drops_what_it_took_out_with_the_list_lock_let_go ... ok
test sched::watch::tests::a_waiter_revoked_before_it_parks_cannot_park ... ok
test sched::watch::tests::a_waiter_revoked_while_it_commits_cannot_park ... ok
test sched::watch::tests::cancel_and_drop_answer_every_live_poll_as_gone ... ok
test sched::watch_list::a_list_outgrowing_the_buffer_sized_for_it_is_not_moved_into_it ... ok
test sched::watch_list::a_post_of_one_entry_past_its_stack_fires_each_once_and_frees_none_under_the_lock ... ok
test sched::watch_list::a_re_arm_after_a_post_of_few_entries_is_one_section ... ok
test sched::watch::tests::a_second_registration_is_loud - should panic ... ok
test sched::watch_list::nothing_allocates_or_frees_under_the_list_lock_and_a_post_in_place_frees_nothing ... ok
test sched::windows::tests::a_pass_ends_the_preemption_off_window_and_starts_the_next ... ok
test sched::windows::tests::a_start_counts_from_how_the_cpu_stands ... ok
test sched::windows::tests::an_interrupts_off_window_is_mask_to_unmask_and_the_longest_is_taken_once ... ok
test sched::windows::tests::a_whole_set_opens_or_closes_only_across_zero ... ok
test sched::windows::tests::an_untracked_cpu_records_and_refuses_nothing ... ok
test sched::windows::tests::every_transition_nothing_reported_before_is_named ... ok
test sched::windows::tests::only_a_crossing_of_zero_opens_or_closes_a_preemption_off_window ... ok
test sched::windows::tests::the_idle_halt_inside_a_pass_is_no_window ... ok
test pcid::oracle::tests::the_owned_allocator_admits_no_cross_space_read ... ok
test proclife::interleave::tests::a_spawn_under_an_unrelated_process_lands_between_two_claims_of_one_walk ... ok

test result: ok. 159 passed; 0 failed; 0 ignored; 0 measured; 0 filtered out; finished in 0.86s

11:23:25 [ci] the kernel's library: cargo test --manifest-path kernel/Cargo.toml --target-dir target --lib --features sched-check

11:23:25 === [ci] the licences of what ships
11:23:26   NOTICE section tests/testcases/ (LGPL-2.1-or-later AND BSD-3-Clause AND (MIT OR Apache-2.0)) is not shipped
11:23:26   NOTICE section "Rust crates and the forks" names no files: every crate, fork or not, is judged by the crate half of this gate
11:23:26   crate fortanix-sgx-abi 0.6.1 (registry+https://github.com/rust-lang/crates.io-index) is MPL-2.0, via std → fortanix-sgx-abi [x86_64-fortanix-unknown-sgx]
11:23:26   crate ucs2 0.3.2 (registry+https://github.com/rust-lang/crates.io-index) is MPL-2.0, via bootloader → uefi → ucs2
11:23:26   crate uefi 0.26.0 (registry+https://github.com/rust-lang/crates.io-index) is MPL-2.0, via bootloader → uefi
11:23:26   crate uefi-macros 0.13.0 (registry+https://github.com/rust-lang/crates.io-index) is MPL-2.0, via bootloader → uefi → uefi-macros
11:23:26   crate uefi-raw 0.5.0 (registry+https://github.com/rust-lang/crates.io-index) is MPL-2.0, via bootloader → uefi → uefi-raw
11:23:26   crate uefi-services 0.23.0 (registry+https://github.com/rust-lang/crates.io-index) is MPL-2.0, via bootloader → uefi-services
11:23:26   crate doom 0.1.0 (/home/user/toyos-sessionshares/userland/doom/Cargo.toml) is "GPL-2.0-only": not allowed: GPL-2.0-only; pulled in by doom
    EXCEPTED, pending the owner, issues/a-package-is-a-directory-under-apps-and-the-installer-is-a-program.md: /system/bin/doom links doomgeneric, id's Doom source by way of Chocolate Doom (NOTICE); it leaves the image as a package at the stage where the apps leave this repository
11:23:26   crate windows-sys 0.61.100 (/home/user/toyos-sessionshares/rust/library/windows-sys/Cargo.toml) is "": declares no licence; pulled in by std → dlmalloc [cfg(any(all(target_family = "wasm", not(any(unix, target_os = "wasi"))), target_os = "xous", target_os = "vexos", target_os = "toyos", all(target_vendor = "fortanix", target_env = "sgx")))] → windows-sys [cfg(target_os = "windows")]
    EXCEPTED, reached only under cfg(target_os = "windows"): std's empty in-tree stand-in for windows-sys, which declares no licence
11:23:26   crate windows-link 0.0.0 (/home/user/toyos-sessionshares/rust/library/windows_link/Cargo.toml) is "": declares no licence; pulled in by std → windows-link [cfg(any(windows, target_os = "cygwin"))]
    EXCEPTED, reached only under cfg(any(windows, target_os = "cygwin")): std's in-tree stand-in for windows-link, which declares no licence
11:23:26   file assets/DOOM1.WAD is "LicenseRef-id-Software-DOOM1-Shareware": not allowed: LicenseRef-id-Software-DOOM1-Shareware; pulled in by COMMITTED_FILES
    EXCEPTED, pending the owner, issues/a-package-is-a-directory-under-apps-and-the-installer-is-a-program.md: id's shareware terms: redistributable unmodified and not for consideration, so an image carrying it may not be sold (NOTICE); it leaves with doom
11:23:26   file assets/soundfont.sf2 is "LicenseRef-GeneralUser-GS-2.0": not allowed: LicenseRef-GeneralUser-GS-2.0; pulled in by COMMITTED_FILES
    EXCEPTED, pending the owner, issues/a-package-is-a-directory-under-apps-and-the-installer-is-a-program.md: GeneralUser GS's own permissive licence, no standard one, with its author's caveat on where the samples came from (NOTICE); doom alone opens it, and it leaves with doom
11:23:26   NOTICE section userland/doom is "GPL-2.0-or-later": not allowed: GPL-2.0-or-later; pulled in by NOTICE
    EXCEPTED, pending the owner, issues/a-package-is-a-directory-under-apps-and-the-installer-is-a-program.md: doomgeneric, the C half of the doom crate, fetched at build time and compiled into it; it leaves with doom
11:23:26 [ci] the licences of what ships: 6 exception(s) stand, and nothing else is refused

11:23:26 === [ci] clippy and the bare targets
info: component clippy is up to date
info: component rust-std for target x86_64-unknown-none is up to date
info: component rust-std for target x86_64-unknown-uefi is up to date
info: component rust-std for target aarch64-unknown-none-softfloat is up to date
info: component rust-std for target aarch64-unknown-uefi is up to date
11:23:26 [ci] clippy and the bare targets: installed

11:23:26 === [ci] clippy, warnings denied
11:23:26 === clippy: workspace root — cargo clippy --workspace --all-targets --keep-going -- $ADOPTED -D warnings
    Checking cfg-if v1.0.4
    Checking regex-syntax v0.8.11
    Checking once_cell v1.21.4
    Checking libc v0.2.190
    Checking smallvec v1.15.1
    Checking toyos-abi v0.16.0 (/home/user/toyos-sessionshares/toyos-abi)
    Checking memchr v2.8.0
    Checking toyos-net-wire v0.1.0 (/home/user/toyos-sessionshares/toyos-net-wire)
    Checking log v0.4.29
    Checking byteorder v1.5.0
    Checking fastrand v2.5.0
    Checking getrandom v0.4.2
    Checking scopeguard v1.2.0
    Checking gix-trace v0.2.0
    Checking tinyvec v1.13.3
    Checking crc32fast v1.5.0
    Checking parking_lot_core v0.9.12
    Checking regex-automata v0.4.18
    Checking lock_api v0.4.14
    Checking bitflags v2.11.0
    Checking unicode-normalization v0.1.25
    Checking same-file v1.0.6
    Checking parking_lot v0.12.5
    Checking walkdir v2.5.0
    Checking prodash v31.0.0
    Checking tracing-core v0.1.36
    Checking equivalent v1.0.2
    Checking allocator-api2 v0.2.21
    Checking hash32 v0.3.1
    Checking pin-project-lite v0.2.17
    Checking lazy_static v1.5.0
    Checking stable_deref_trait v1.2.1
    Checking sharded-slab v0.1.7
    Checking heapless v0.8.0
    Checking tracing v0.1.44
    Checking tracing-log v0.2.0
    Checking thread_local v1.1.10
    Checking foldhash v0.2.0
    Checking nu-ansi-term v0.50.3
    Checking faster-hex v0.10.1
    Checking generator v0.8.9
    Checking scoped-tls v1.0.1
    Checking itoa v1.0.17
    Checking toyos-net-ip v0.1.0 (/home/user/toyos-sessionshares/toyos-net-ip)
    Checking sha1dc v0.1.2
    Checking linux-raw-sys v0.12.1
    Checking crossbeam-utils v0.8.23
    Checking bstr v1.13.1
    Checking matchers v0.2.0
    Checking tracing-subscriber v0.3.23
    Checking rustix v1.1.5
    Checking hashbrown v0.14.5
    Checking gix-error v0.4.0
    Checking gix-validate v0.12.0
    Checking gix-path v0.13.0
    Checking gix-utils v0.4.0
    Checking dashmap v6.2.1
    Checking gix-features v0.50.0
    Checking gix-hash v0.27.0
    Checking gix-quote v0.9.0
    Checking gix-fs v0.23.0
    Checking jiff-core v0.1.1
    Checking toyos-net-tcp v0.1.0 (/home/user/toyos-sessionshares/toyos-net-shard/tcp)
    Checking loom v0.7.2 (https://github.com/ToyOSOrg/loom?branch=toyos#dfe37972)
    Checking tempfile v3.27.0
    Checking gix-tempfile v25.0.0
    Checking gix-command v0.11.0
    Checking hashbrown v0.17.1
    Checking jiff v0.2.37
    Checking getrandom v0.3.4
    Checking memmap2 v0.9.11
    Checking kernel-loom v0.1.0 (/home/user/toyos-sessionshares/kernel/loom)
    Checking toyos-net-udp v0.1.0 (/home/user/toyos-sessionshares/toyos-net-udp)
    Checking gix-hashtable v0.17.0
    Checking gix-lock v25.0.0
    Checking gix-chunk v0.9.0
    Checking nonempty v0.12.0
    Checking typenum v1.20.1
    Checking toyos-elf v0.1.0 (/home/user/toyos-sessionshares/toyos-elf)
    Checking gix-glob v0.28.0
    Checking unicode-bom v2.0.3
    Checking generic-array v0.14.7
    Checking num-traits v0.2.19
    Checking hashbrown v0.16.1
    Checking crypto-common v0.1.7
    Checking block-buffer v0.10.4
    Checking zerocopy v0.8.47
    Checking gix-commitgraph v0.40.0
    Checking digest v0.10.7
    Checking gix-attributes v0.36.0
    Checking rand_core v0.9.5
    Checking gix-sec v0.15.0
    Checking cpufeatures v0.2.17
    Checking iana-time-zone v0.1.65
    Checking gix-config-value v0.20.0
    Checking chrono v0.4.44
    Checking gix-date v0.17.0
    Checking filetime v0.2.29
    Checking toyos-fat32-check v0.1.0 (/home/user/toyos-sessionshares/toyos-fat32/check)
    Checking gix-actor v0.43.0
    Checking gix-object v0.65.0
    Checking bitflags v1.3.2
    Checking toyos-tmpdir v0.1.0 (/home/user/toyos-sessionshares/toyos-tmpdir)
    Checking subtle v2.6.1
    Checking toyos-wallclock v0.1.0 (/home/user/toyos-sessionshares/toyos-wallclock)
    Checking serde_core v1.0.228
    Checking fatfs v0.3.6
    Checking gix-revwalk v0.36.0
    Checking gix-ref v0.68.0
    Checking gix-traverse v0.62.0
    Checking sha2 v0.10.9
    Checking gix-bitmap v0.5.0
    Checking gix-packetline v0.23.0
    Checking crc-catalog v2.4.0
    Checking percent-encoding v2.3.2
    Checking fnv v1.0.7
    Checking crc v3.4.0
    Checking gix-index v0.56.0
    Checking toyos-fat32 v0.1.0 (/home/user/toyos-sessionshares/toyos-fat32)
    Checking gix-pathspec v0.21.0
    Checking gix-ignore v0.23.0
    Checking ppv-lite86 v0.2.21
    Checking uuid v1.22.0
    Checking toyos-elide v0.1.0 (/home/user/toyos-sessionshares/toyos-elide)
    Checking toyos-xhci v0.1.0 (/home/user/toyos-sessionshares/toyos-xhci)
    Checking adler2 v2.0.1
    Checking simdutf8 v0.1.5
    Checking zeroize v1.9.0
    Checking rand_chacha v0.9.0
    Checking rustc-demangle v0.1.27
    Checking signature v2.2.0
    Checking simd-adler32 v0.3.10
    Checking rand v0.9.5
    Checking core_detect v1.0.0
    Checking encoding_rs v0.8.42
    Checking miniz_oxide v0.9.1
    Checking ed25519 v2.2.3
    Checking rustls-pki-types v1.15.1
    Checking gpt v3.1.0
    Checking gix-worktree v0.57.0
    Checking curve25519-dalek v4.1.3
    Checking serde v1.0.228
    Checking gix-url v0.39.0
    Checking getrandom v0.2.17
    Checking kernel v0.1.0 (/home/user/toyos-sessionshares/kernel)
    Checking untrusted v0.9.0
    Checking zlib-rs v0.6.8
    Checking toyos-keymap v0.1.0 (/home/user/toyos-sessionshares/toyos-keymap)
    Checking gix-filter v0.35.0
    Checking ring v0.17.14
    Checking ed25519-dalek v2.2.0
    Checking flate2 v1.1.10
    Checking toyos-symbols v0.1.0 (/home/user/toyos-sessionshares/toyos-symbols)
    Checking gix-discover v0.56.0
    Checking clru v0.6.3
    Checking gix-imara-diff v0.3.0
    Checking bytes v1.12.1
    Checking gix-zlib v0.2.0
    Checking toyos-gpt v0.1.0 (/home/user/toyos-sessionshares/toyos-gpt)
    Checking gix-diff v0.68.0
    Checking gix-pack v0.75.0
    Checking http v1.5.0
    Checking rustls-webpki v0.103.15
    Checking gix-dir v0.30.0
    Checking object v0.38.1
    Checking httparse v1.10.1
    Checking toml_datetime v0.6.11
    Checking serde_spanned v0.6.9
    Checking gix-transport v0.60.0
    Checking gix-config v0.61.0
    Checking indexmap v2.13.0
    Checking gix-shallow v0.14.0
    Checking gix-refspec v0.46.0
    Checking arc-swap v1.9.2
    Checking toyos-manifest v0.1.0 (/home/user/toyos-sessionshares/toyos-manifest)
    Checking bcachefs v0.1.0 (/home/user/toyos-sessionshares/bcachefs)
    Checking pxfm v0.1.28
    Checking toml_write v0.1.2
    Checking zune-core v0.5.1
    Checking foldhash v0.1.5
    Checking base64 v0.23.1
    Checking winnow v0.7.15
    Checking ureq-proto v0.6.4
    Checking zune-jpeg v0.5.13
    Checking hashbrown v0.15.5
    Checking gix-submodule v0.35.0
    Checking gix-odb v0.85.0
    Checking gix-protocol v0.66.0
    Checking rustls v0.23.45
    Checking toml_edit v0.22.27
    Checking gix-status v0.35.0
    Checking zmij v1.0.21
    Checking moxcms v0.8.1
    Checking toyos-update v0.1.0 (/home/user/toyos-sessionshares/toyos-update)
    Checking webpki-roots v1.0.9
    Checking gix-revision v0.50.0
    Checking toyos-net-shard v0.1.0 (/home/user/toyos-sessionshares/toyos-net-shard)
    Checking bytemuck v1.25.0
    Checking ttf-parser v0.21.1
    Checking toyos-tco v0.1.0 (/home/user/toyos-sessionshares/toyos-tco)
    Checking utf8-zero v0.8.1
    Checking byteorder-lite v0.1.0
    Checking gix v0.88.0
    Checking fontdue v0.9.3
    Checking toml v0.8.23
    Checking ureq v3.4.2
    Checking serde_json v1.0.149
    Checking image v0.25.10
    Checking toyos-swap v0.1.0 (/home/user/toyos-sessionshares/toyos-swap)
    Checking tar v0.4.46
    Checking toyos-logstream v0.1.0 (/home/user/toyos-sessionshares/toyos-logstream)
    Checking toyos-bootmap v0.1.0 (/home/user/toyos-sessionshares/toyos-bootmap)
    Checking toyos-quiesce v0.1.0 (/home/user/toyos-sessionshares/toyos-quiesce)
    Checking toyos-osrelease v0.1.0 (/home/user/toyos-sessionshares/toyos-osrelease)
    Checking toyos-blackbox v0.1.0 (/home/user/toyos-sessionshares/toyos-blackbox)
    Checking toyos-net-testnet v0.1.0 (/home/user/toyos-sessionshares/toyos-net-shard/testnet)
    Checking toyos-dhcp v0.1.0 (/home/user/toyos-sessionshares/toyos-dhcp)
    Checking toyos-xhci-sim v0.1.0 (/home/user/toyos-sessionshares/toyos-xhci/sim)
    Checking toyos-userbound v0.1.0 (/home/user/toyos-sessionshares/toyos-userbound)
    Checking toyos-i219 v0.1.0 (/home/user/toyos-sessionshares/toyos-i219)
    Checking kernel-sim v0.1.0 (/home/user/toyos-sessionshares/kernel/sim)
    Checking toyos-untrusted v0.1.0 (/home/user/toyos-sessionshares/toyos-untrusted)
    Checking toyos-build v0.1.0 (/home/user/toyos-sessionshares)
    Checking toyos-acpi v0.1.0 (/home/user/toyos-sessionshares/toyos-acpi)
   Compiling thiserror-impl v1.0.69
    Checking toyos-transport v0.1.0 (/home/user/toyos-sessionshares/toyos-blockring/transport)
    Checking byteorder_slice v3.0.0
    Checking arrayvec v0.7.8
    Checking toyos-rootimage v0.1.0 (/home/user/toyos-sessionshares/toyos-rootimage)
    Checking toyos-ps2 v0.1.0 (/home/user/toyos-sessionshares/kernel/ps2)
    Checking etherparse v0.21.0
    Checking toyos-blockhold v0.1.0 (/home/user/toyos-sessionshares/toyos-blockhold)
    Checking toyos-gicv3 v0.1.0 (/home/user/toyos-sessionshares/kernel/gicv3)
    Checking toyos-blockring v0.1.0 (/home/user/toyos-sessionshares/toyos-blockring)
    Checking thiserror v1.0.69
    Checking pcap-file v2.0.0
    Checking toyos-libc-copies v0.1.0 (/home/user/toyos-sessionshares/tests/libc-arch)
    Checking toyos-pci v0.1.0 (/home/user/toyos-sessionshares/kernel/pci)
    Checking toyos-trace v0.1.0 (/home/user/toyos-sessionshares/toyos-trace)
    Checking toyos-inspect v0.1.0 (/home/user/toyos-sessionshares/toyos-inspect)
    Checking toyos-tsc v0.1.0 (/home/user/toyos-sessionshares/toyos-tsc)
    Checking toyos-hda v0.1.0 (/home/user/toyos-sessionshares/toyos-hda)
    Checking toyos-dma v0.1.0 (/home/user/toyos-sessionshares/kernel/dma)
    Checking toyos-cpuvuln v0.1.0 (/home/user/toyos-sessionshares/toyos-cpuvuln)
    Checking toyos-dns v0.1.0 (/home/user/toyos-sessionshares/toyos-dns)
    Checking toyos-microcode v0.1.0 (/home/user/toyos-sessionshares/toyos-microcode)
    Finished `dev` profile [optimized + debuginfo] target(s) in 35.86s
11:24:02 === clippy: workspace root — cargo clippy --workspace --all-targets --keep-going --features $CONTROLS -- $ADOPTED -D warnings
    Checking kernel-loom v0.1.0 (/home/user/toyos-sessionshares/kernel/loom)
    Checking kernel v0.1.0 (/home/user/toyos-sessionshares/kernel)
    Checking toyos-transport v0.1.0 (/home/user/toyos-sessionshares/toyos-blockring/transport)
    Checking toyos-blockring v0.1.0 (/home/user/toyos-sessionshares/toyos-blockring)
    Checking kernel-sim v0.1.0 (/home/user/toyos-sessionshares/kernel/sim)
    Checking toyos-build v0.1.0 (/home/user/toyos-sessionshares)
    Finished `dev` profile [optimized + debuginfo] target(s) in 9.23s
11:24:11 === clippy: workspace root — cargo clippy --manifest-path kernel/Cargo.toml --target-dir target --lib --tests --features sched-check -- $ADOPTED -D warnings
    Checking toyos-abi v0.16.0 (/home/user/toyos-sessionshares/toyos-abi)
    Checking kernel v0.1.0 (/home/user/toyos-sessionshares/kernel)
    Finished `dev` profile [unoptimized + debuginfo] target(s) in 2.16s
11:24:13 === clippy: workspace root — cargo clippy --manifest-path kernel/Cargo.toml --target-dir target --lib --tests --features sched-check,protocol-port --features $KERNEL_CONTROLS -- $ADOPTED -D warnings
    Checking kernel v0.1.0 (/home/user/toyos-sessionshares/kernel)
    Finished `dev` profile [unoptimized + debuginfo] target(s) in 1.52s
11:24:15 === clippy: kernel — cargo clippy --target x86_64-unknown-none -- $ADOPTED -D warnings
    Checking toyos-abi v0.16.0 (/home/user/toyos-sessionshares/toyos-abi)
    Checking cfg-if v1.0.4
    Checking rustc-demangle v0.1.27
    Checking toyos-elf v0.1.0 (/home/user/toyos-sessionshares/toyos-elf)
    Checking toyos-wallclock v0.1.0 (/home/user/toyos-sessionshares/toyos-wallclock)
    Checking toyos-elide v0.1.0 (/home/user/toyos-sessionshares/toyos-elide)
    Checking toyos-fat32 v0.1.0 (/home/user/toyos-sessionshares/toyos-fat32)
    Checking dlmalloc v0.2.13
    Checking hashbrown v0.16.1
    Checking bcachefs v0.1.0 (/home/user/toyos-sessionshares/bcachefs)
    Checking toyos-bootmap v0.1.0 (/home/user/toyos-sessionshares/toyos-bootmap)
    Checking toyos-symbols v0.1.0 (/home/user/toyos-sessionshares/toyos-symbols)
    Checking toyos-acpi v0.1.0 (/home/user/toyos-sessionshares/toyos-acpi)
    Checking toyos-pci v0.1.0 (/home/user/toyos-sessionshares/kernel/pci)
    Checking toyos-userbound v0.1.0 (/home/user/toyos-sessionshares/toyos-userbound)
    Checking toyos-untrusted v0.1.0 (/home/user/toyos-sessionshares/toyos-untrusted)
    Checking toyos-xhci v0.1.0 (/home/user/toyos-sessionshares/toyos-xhci)
    Checking toyos-tsc v0.1.0 (/home/user/toyos-sessionshares/toyos-tsc)
    Checking toyos-tco v0.1.0 (/home/user/toyos-sessionshares/toyos-tco)
    Checking toyos-rootimage v0.1.0 (/home/user/toyos-sessionshares/toyos-rootimage)
    Checking toyos-quiesce v0.1.0 (/home/user/toyos-sessionshares/toyos-quiesce)
    Checking toyos-ps2 v0.1.0 (/home/user/toyos-sessionshares/kernel/ps2)
    Checking toyos-dma v0.1.0 (/home/user/toyos-sessionshares/kernel/dma)
    Checking toyos-hda v0.1.0 (/home/user/toyos-sessionshares/toyos-hda)
    Checking toyos-cpuvuln v0.1.0 (/home/user/toyos-sessionshares/toyos-cpuvuln)
    Checking toyos-gpt v0.1.0 (/home/user/toyos-sessionshares/toyos-gpt)
    Checking toyos-blockhold v0.1.0 (/home/user/toyos-sessionshares/toyos-blockhold)
    Checking toyos-gicv3 v0.1.0 (/home/user/toyos-sessionshares/kernel/gicv3)
    Checking toyos-blackbox v0.1.0 (/home/user/toyos-sessionshares/toyos-blackbox)
    Checking kernel v0.1.0 (/home/user/toyos-sessionshares/kernel)
    Finished `dev` profile [unoptimized + debuginfo] target(s) in 7.69s
11:24:23 === clippy: kernel — cargo clippy --target x86_64-unknown-none --features boot-actuators,test-actuators -- $ADOPTED -D warnings
    Checking kernel v0.1.0 (/home/user/toyos-sessionshares/kernel)
    Finished `dev` profile [unoptimized + debuginfo] target(s) in 6.31s
11:24:29 === clippy: kernel — cargo clippy --target x86_64-unknown-none --features boot-actuators -- $ADOPTED -D warnings
    Checking kernel v0.1.0 (/home/user/toyos-sessionshares/kernel)
    Finished `dev` profile [unoptimized + debuginfo] target(s) in 7.29s
11:24:36 === clippy: kernel — cargo clippy --target x86_64-unknown-none --features debug-wait,sched-check,sched-tripwire,heap-tripwire,heap-sweep,pass-spin,stack-witness,switch-witness,switch-witness-mutate-frame,switch-witness-mutate-rsp,df-witness,df-witness-mutate,entry-df-unclean,mask-windows -- $ADOPTED -D warnings
    Checking kernel v0.1.0 (/home/user/toyos-sessionshares/kernel)
    Finished `dev` profile [unoptimized + debuginfo] target(s) in 7.34s
11:24:44 === clippy: kernel — cargo clippy --target x86_64-unknown-none --features heap-band-notail,heap-lockspin -- $ADOPTED -D warnings
    Checking kernel v0.1.0 (/home/user/toyos-sessionshares/kernel)
    Finished `dev` profile [unoptimized + debuginfo] target(s) in 7.06s
11:24:51 === clippy: kernel — cargo clippy --target x86_64-unknown-none --features heap-band-nohead -- $ADOPTED -D warnings
    Checking kernel v0.1.0 (/home/user/toyos-sessionshares/kernel)
    Finished `dev` profile [unoptimized + debuginfo] target(s) in 6.70s
11:24:58 === clippy: kernel — cargo clippy --target aarch64-unknown-none-softfloat -- $ADOPTED -D warnings
    Checking toyos-abi v0.16.0 (/home/user/toyos-sessionshares/toyos-abi)
    Checking rustc-demangle v0.1.27
    Checking toyos-elide v0.1.0 (/home/user/toyos-sessionshares/toyos-elide)
    Checking toyos-elf v0.1.0 (/home/user/toyos-sessionshares/toyos-elf)
    Checking toyos-wallclock v0.1.0 (/home/user/toyos-sessionshares/toyos-wallclock)
    Checking cfg-if v1.0.4
    Checking dlmalloc v0.2.13
    Checking toyos-fat32 v0.1.0 (/home/user/toyos-sessionshares/toyos-fat32)
    Checking toyos-xhci v0.1.0 (/home/user/toyos-sessionshares/toyos-xhci)
    Checking toyos-userbound v0.1.0 (/home/user/toyos-sessionshares/toyos-userbound)
    Checking toyos-untrusted v0.1.0 (/home/user/toyos-sessionshares/toyos-untrusted)
    Checking toyos-tsc v0.1.0 (/home/user/toyos-sessionshares/toyos-tsc)
    Checking toyos-tco v0.1.0 (/home/user/toyos-sessionshares/toyos-tco)
    Checking toyos-bootmap v0.1.0 (/home/user/toyos-sessionshares/toyos-bootmap)
    Checking toyos-symbols v0.1.0 (/home/user/toyos-sessionshares/toyos-symbols)
    Checking toyos-pci v0.1.0 (/home/user/toyos-sessionshares/kernel/pci)
    Checking toyos-acpi v0.1.0 (/home/user/toyos-sessionshares/toyos-acpi)
    Checking toyos-blackbox v0.1.0 (/home/user/toyos-sessionshares/toyos-blackbox)
    Checking toyos-rootimage v0.1.0 (/home/user/toyos-sessionshares/toyos-rootimage)
    Checking hashbrown v0.16.1
    Checking toyos-hda v0.1.0 (/home/user/toyos-sessionshares/toyos-hda)
    Checking toyos-dma v0.1.0 (/home/user/toyos-sessionshares/kernel/dma)
    Checking toyos-gpt v0.1.0 (/home/user/toyos-sessionshares/toyos-gpt)
    Checking toyos-cpuvuln v0.1.0 (/home/user/toyos-sessionshares/toyos-cpuvuln)
    Checking toyos-gicv3 v0.1.0 (/home/user/toyos-sessionshares/kernel/gicv3)
    Checking toyos-blockhold v0.1.0 (/home/user/toyos-sessionshares/toyos-blockhold)
    Checking bcachefs v0.1.0 (/home/user/toyos-sessionshares/bcachefs)
    Checking toyos-ps2 v0.1.0 (/home/user/toyos-sessionshares/kernel/ps2)
    Checking toyos-quiesce v0.1.0 (/home/user/toyos-sessionshares/toyos-quiesce)
    Checking kernel v0.1.0 (/home/user/toyos-sessionshares/kernel)
    Finished `dev` profile [unoptimized + debuginfo] target(s) in 7.31s
11:25:05 === clippy: kernel — cargo clippy --target aarch64-unknown-none-softfloat --features boot-actuators,test-actuators -- $ADOPTED -D warnings
    Checking kernel v0.1.0 (/home/user/toyos-sessionshares/kernel)
    Finished `dev` profile [unoptimized + debuginfo] target(s) in 5.93s
11:25:11 === clippy: kernel — cargo clippy --target aarch64-unknown-none-softfloat --features boot-actuators -- $ADOPTED -D warnings
    Checking kernel v0.1.0 (/home/user/toyos-sessionshares/kernel)
    Finished `dev` profile [unoptimized + debuginfo] target(s) in 5.98s
11:25:17 === clippy: kernel — cargo clippy --target aarch64-unknown-none-softfloat --features debug-wait,sched-check,sched-tripwire,heap-tripwire,heap-sweep,pass-spin,stack-witness,switch-witness,switch-witness-mutate-frame,switch-witness-mutate-rsp,mask-windows -- $ADOPTED -D warnings
    Checking kernel v0.1.0 (/home/user/toyos-sessionshares/kernel)
    Finished `dev` profile [unoptimized + debuginfo] target(s) in 7.53s
11:25:25 === clippy: bootloader — cargo clippy --target x86_64-unknown-uefi -- $ADOPTED -W clippy::undocumented_unsafe_blocks -D warnings
   Compiling proc-macro2 v1.0.106
   Compiling quote v1.0.45
   Compiling unicode-ident v1.0.24
   Compiling version_check v0.9.5
    Checking typenum v1.20.1
   Compiling syn v1.0.109
   Compiling generic-array v0.14.7
   Compiling semver v1.0.28
    Checking cfg-if v1.0.4
    Checking cpufeatures v0.2.17
    Checking bit_field v0.10.2
    Checking uguid v2.2.0
   Compiling rustc_version v0.4.1
   Compiling curve25519-dalek v4.1.3
   Compiling syn v2.0.117
    Checking block-buffer v0.10.4
    Checking crypto-common v0.1.7
    Checking signature v2.2.0
    Checking digest v0.10.7
    Checking subtle v2.6.1
    Checking bitflags v2.11.0
    Checking sha2 v0.10.9
    Checking ed25519 v2.2.3
    Checking ucs2 v0.3.2
    Checking toyos-abi v0.16.0 (/home/user/toyos-sessionshares/toyos-abi)
    Checking log v0.4.29
    Checking ed25519-dalek v2.2.0
    Checking toyos-update v0.1.0 (/home/user/toyos-sessionshares/toyos-update)
    Checking toyos-bootmap v0.1.0 (/home/user/toyos-sessionshares/toyos-bootmap)
    Checking toyos-wallclock v0.1.0 (/home/user/toyos-sessionshares/toyos-wallclock)
    Checking bcachefs v0.1.0 (/home/user/toyos-sessionshares/bcachefs)
    Checking toyos-acpi v0.1.0 (/home/user/toyos-sessionshares/toyos-acpi)
    Checking toyos-tsc v0.1.0 (/home/user/toyos-sessionshares/toyos-tsc)
    Checking toyos-gpt v0.1.0 (/home/user/toyos-sessionshares/toyos-gpt)
    Checking toyos-rootimage v0.1.0 (/home/user/toyos-sessionshares/toyos-rootimage)
    Checking toyos-elf v0.1.0 (/home/user/toyos-sessionshares/toyos-elf)
    Checking toyos-tco v0.1.0 (/home/user/toyos-sessionshares/toyos-tco)
    Checking toyos-blackbox v0.1.0 (/home/user/toyos-sessionshares/toyos-blackbox)
   Compiling ptr_meta_derive v0.2.0
    Checking ptr_meta v0.2.0
   Compiling uefi-macros v0.13.0
    Checking uefi-raw v0.5.0
    Checking uefi v0.26.0
    Checking uefi-services v0.23.0
    Checking bootloader v0.1.0 (/home/user/toyos-sessionshares/bootloader)
    Finished `dev` profile [unoptimized + debuginfo] target(s) in 7.95s
11:25:33 === clippy: bootloader — cargo clippy --target aarch64-unknown-uefi -- $ADOPTED -W clippy::undocumented_unsafe_blocks -D warnings
    Checking typenum v1.20.1
   Compiling generic-array v0.14.7
    Checking cfg-if v1.0.4
    Checking ptr_meta v0.2.0
   Compiling curve25519-dalek v4.1.3
    Checking bitflags v2.11.0
    Checking bit_field v0.10.2
    Checking uguid v2.2.0
    Checking subtle v2.6.1
    Checking cpufeatures v0.2.17
    Checking signature v2.2.0
    Checking uefi-raw v0.5.0
    Checking ed25519 v2.2.3
    Checking ucs2 v0.3.2
    Checking log v0.4.29
    Checking toyos-abi v0.16.0 (/home/user/toyos-sessionshares/toyos-abi)
    Checking toyos-wallclock v0.1.0 (/home/user/toyos-sessionshares/toyos-wallclock)
    Checking toyos-elf v0.1.0 (/home/user/toyos-sessionshares/toyos-elf)
    Checking toyos-tsc v0.1.0 (/home/user/toyos-sessionshares/toyos-tsc)
    Checking bcachefs v0.1.0 (/home/user/toyos-sessionshares/bcachefs)
    Checking toyos-bootmap v0.1.0 (/home/user/toyos-sessionshares/toyos-bootmap)
    Checking uefi v0.26.0
    Checking crypto-common v0.1.7
    Checking block-buffer v0.10.4
    Checking toyos-acpi v0.1.0 (/home/user/toyos-sessionshares/toyos-acpi)
    Checking digest v0.10.7
    Checking toyos-tco v0.1.0 (/home/user/toyos-sessionshares/toyos-tco)
    Checking sha2 v0.10.9
    Checking toyos-blackbox v0.1.0 (/home/user/toyos-sessionshares/toyos-blackbox)
    Checking toyos-rootimage v0.1.0 (/home/user/toyos-sessionshares/toyos-rootimage)
    Checking toyos-gpt v0.1.0 (/home/user/toyos-sessionshares/toyos-gpt)
    Checking ed25519-dalek v2.2.0
    Checking toyos-update v0.1.0 (/home/user/toyos-sessionshares/toyos-update)
    Checking uefi-services v0.23.0
    Checking bootloader v0.1.0 (/home/user/toyos-sessionshares/bootloader)
    Finished `dev` profile [unoptimized + debuginfo] target(s) in 3.16s
11:25:36 === clippy: workspace root — cargo clippy -p toyos-xhci --all-targets -- $ADOPTED -D warnings
    Checking toyos-xhci v0.1.0 (/home/user/toyos-sessionshares/toyos-xhci)
    Finished `dev` profile [optimized + debuginfo] target(s) in 1.31s
11:25:37 === clippy: workspace root — cargo clippy -p kernel-loom --test loom_mailbox --features victim-retires-mid-probe -- $ADOPTED -D warnings
    Checking smallvec v1.15.1
    Checking tracing-subscriber v0.3.23
    Checking loom v0.7.2 (https://github.com/ToyOSOrg/loom?branch=toyos#dfe37972)
    Checking kernel-loom v0.1.0 (/home/user/toyos-sessionshares/kernel/loom)
    Finished `dev` profile [optimized + debuginfo] target(s) in 3.14s
11:25:40 === clippy: workspace root — cargo clippy -p toyos-abi --all-targets --keep-going --target-dir target/clippy-abi -- -W clippy::undocumented_unsafe_blocks -D warnings
    Checking toyos-abi v0.16.0 (/home/user/toyos-sessionshares/toyos-abi)
    Finished `dev` profile [optimized + debuginfo] target(s) in 0.75s
11:25:41 === clippy: workspace root — cargo clippy --manifest-path userland/compositor/desktop/Cargo.toml --all-targets -- $ADOPTED -D warnings
    Checking toyos-abi v0.16.0 (/home/user/toyos-sessionshares/toyos-abi)
    Checking toyos-desktop v0.1.0 (/home/user/toyos-sessionshares/userland/compositor/desktop)
    Finished `dev` profile [unoptimized + debuginfo] target(s) in 1.02s
11:25:42 === clippy: workspace root — cargo clippy --manifest-path userland/netstack/mdns/Cargo.toml --all-targets -- $ADOPTED -D warnings
    Checking toyos-dns v0.1.0 (/home/user/toyos-sessionshares/toyos-dns)
    Checking toyos-mdns v0.1.0 (/home/user/toyos-sessionshares/userland/netstack/mdns)
    Finished `dev` profile [unoptimized + debuginfo] target(s) in 0.36s
11:25:43 === clippy: workspace root — cargo clippy --manifest-path userland/soundserver/mixer/Cargo.toml --all-targets -- $ADOPTED -D warnings
    Checking toyos-mixer v0.1.0 (/home/user/toyos-sessionshares/userland/soundserver/mixer)
    Finished `dev` profile [unoptimized + debuginfo] target(s) in 0.57s
11:25:43 [ci] clippy, warnings denied: clean

11:25:43 === [ci] kernel-loom without loom
   Compiling kernel-loom v0.1.0 (/home/user/toyos-sessionshares/kernel/loom)
    Finished `test` profile [optimized + debuginfo] target(s) in 0.81s
     Running tests/log_body_words.rs (target/debug/deps/log_body_words-67b80e6888134b11)

running 2 tests
test every_field_survives_the_word_packing ... ok
test a_shorter_record_does_not_inherit_the_longer_one_it_replaced ... ok

test result: ok. 2 passed; 0 failed; 0 ignored; 0 measured; 0 filtered out; finished in 0.00s

     Running tests/log_cursor.rs (target/debug/deps/log_cursor-6ad3351dd2d0c257)

running 2 tests
test a_cursor_ahead_of_a_shard_is_refused ... ok
test a_cursors_loss_claim_is_not_read ... ok

test result: ok. 2 passed; 0 failed; 0 ignored; 0 measured; 0 filtered out; finished in 0.00s

     Running tests/log_zeroed_init.rs (target/debug/deps/log_zeroed_init-29b9c1bba49f151b)

running 1 test
test a_zero_allocated_ap_shard_issues_first_seq_first ... ok

test result: ok. 1 passed; 0 failed; 0 ignored; 0 measured; 0 filtered out; finished in 0.00s

11:25:44 [ci] kernel-loom without loom: cargo test -p kernel-loom --no-default-features --test log_zeroed_init --test log_body_words --test log_cursor

11:25:44 === [ci] control `wake-fence-off`
   Compiling kernel-loom v0.1.0 (/home/user/toyos-sessionshares/kernel/loom)
    Finished `test` profile [optimized + debuginfo] target(s) in 3.14s
     Running tests/log_wake.rs (target/debug/deps/log_wake-9f69093b7e151a30)

running 1 test
test a_commit_and_an_arm_cannot_both_miss ... FAILED

failures:

---- a_commit_and_an_arm_cannot_both_miss stdout ----

thread 'a_commit_and_an_arm_cannot_both_miss' (7399) panicked at kernel/loom/tests/log_wake.rs:98:9:
the producer posted nothing and the reader decided to park: a committed record is left with a parked reader, and only a missing fence can produce it
stack backtrace:
   0: __rustc::rust_begin_unwind
             at /rustc/b940084d7eb6a299eb4bfeb8e34901bc051e7ac4/library/std/src/panicking.rs:679:5
   1: core::panicking::panic_fmt
             at /rustc/b940084d7eb6a299eb4bfeb8e34901bc051e7ac4/library/core/src/panicking.rs:80:14
   2: log_wake::a_commit_and_an_arm_cannot_both_miss::{closure#0}
             at ./tests/log_wake.rs:98:9
   3: <loom::model::Builder>::check::<log_wake::a_commit_and_an_arm_cannot_both_miss::{closure#0}>::{closure#0}
             at /home/gate/.cargo/git/checkouts/loom-906f299ec1581ba6/dfe3797/src/model.rs:194:17
   4: <<loom::model::Builder>::check<log_wake::a_commit_and_an_arm_cannot_both_miss::{closure#0}>::{closure#0} as core::ops::function::FnOnce<()>>::call_once::{shim:vtable#0}
             at /rustc/b940084d7eb6a299eb4bfeb8e34901bc051e7ac4/library/core/src/ops/function.rs:250:5
   5: <alloc::boxed::Box<dyn core::ops::function::FnOnce<(), Output = ()>> as core::ops::function::FnOnce<()>>::call_once
             at /rustc/b940084d7eb6a299eb4bfeb8e34901bc051e7ac4/library/alloc/src/boxed.rs:2320:9
   6: loom::rt::scheduler::spawn_thread::{closure#0}
             at /home/gate/.cargo/git/checkouts/loom-906f299ec1581ba6/dfe3797/src/rt/scheduler.rs:142:17
   7: <loom::rt::scheduler::spawn_thread::{closure#0} as core::ops::function::FnOnce<()>>::call_once
             at /rustc/b940084d7eb6a299eb4bfeb8e34901bc051e7ac4/library/core/src/ops/function.rs:250:5
   8: <generator::gen_impl::GeneratorImpl<core::option::Option<alloc::boxed::Box<dyn core::ops::function::FnOnce<(), Output = ()>>>, ()>>::init_code::<loom::rt::scheduler::spawn_thread::{closure#0}>::{closure#0}
             at /home/gate/.cargo/registry/src/index.crates.io-1949cf8c6b5b557f/generator-0.8.9/src/gen_impl.rs:357:21
   9: <generator::stack::StackBox<<generator::gen_impl::GeneratorImpl<core::option::Option<alloc::boxed::Box<dyn core::ops::function::FnOnce<(), Output = ()>>>, ()>>::init_code<loom::rt::scheduler::spawn_thread::{closure#0}>::{closure#0}>>::call_once
             at /home/gate/.cargo/registry/src/index.crates.io-1949cf8c6b5b557f/generator-0.8.9/src/stack/mod.rs:137:13
  10: <generator::stack::Func>::call_once
             at /home/gate/.cargo/registry/src/index.crates.io-1949cf8c6b5b557f/generator-0.8.9/src/stack/mod.rs:119:9
  11: generator::detail::gen::gen_init_impl::{closure#0}
             at /home/gate/.cargo/registry/src/index.crates.io-1949cf8c6b5b557f/generator-0.8.9/src/detail/gen.rs:35:14
  12: <generator::detail::gen::gen_init_impl::{closure#0} as core::ops::function::FnOnce<()>>::call_once
             at /rustc/b940084d7eb6a299eb4bfeb8e34901bc051e7ac4/library/core/src/ops/function.rs:250:5
  13: std::panicking::catch_unwind::do_call::<generator::detail::gen::gen_init_impl::{closure#0}, ()>
             at /rustc/b940084d7eb6a299eb4bfeb8e34901bc051e7ac4/library/std/src/panicking.rs:576:43
  14: std::panicking::catch_unwind::<(), generator::detail::gen::gen_init_impl::{closure#0}>
             at /rustc/b940084d7eb6a299eb4bfeb8e34901bc051e7ac4/library/std/src/panicking.rs:544:19
  15: std::panic::catch_unwind::<generator::detail::gen::gen_init_impl::{closure#0}, ()>
             at /rustc/b940084d7eb6a299eb4bfeb8e34901bc051e7ac4/library/std/src/panic.rs:359:14
  16: generator::detail::gen::catch_unwind_filter::<generator::detail::gen::gen_init_impl::{closure#0}, ()>
             at /home/gate/.cargo/registry/src/index.crates.io-1949cf8c6b5b557f/generator-0.8.9/src/detail/gen.rs:23:5
  17: generator::detail::gen::gen_init_impl
             at /home/gate/.cargo/registry/src/index.crates.io-1949cf8c6b5b557f/generator-0.8.9/src/detail/gen.rs:50:25
  18: generator::detail::asm::gen_init
             at /home/gate/.cargo/registry/src/index.crates.io-1949cf8c6b5b557f/generator-0.8.9/src/detail/x86_64_unix.rs:8:5
note: Some details are omitted, run with `RUST_BACKTRACE=full` for a verbose backtrace.


failures:
    a_commit_and_an_arm_cannot_both_miss

test result: FAILED. 0 passed; 1 failed; 0 ignored; 0 measured; 1 filtered out; finished in 0.04s

error: test failed, to rerun pass `-p kernel-loom --test log_wake`
11:25:47 [ci] control `wake-fence-off`: 1 verdict(s) reached

11:25:47 === [ci] control `lock-acquire-off`
   Compiling kernel-loom v0.1.0 (/home/user/toyos-sessionshares/kernel/loom)
    Finished `test` profile [optimized + debuginfo] target(s) in 3.15s
     Running tests/ticket_lock.rs (target/debug/deps/ticket_lock-231d3ae9f1aeac31)

running 1 test
test try_lock_observes_the_previous_owners_writes ... FAILED

failures:

---- try_lock_observes_the_previous_owners_writes stdout ----

thread 'try_lock_observes_the_previous_owners_writes' (7716) panicked at /home/gate/.cargo/git/checkouts/loom-906f299ec1581ba6/dfe3797/src/rt/location.rs:115:9:
Causality violation: Concurrent write accesses to `UnsafeCell`.

stack backtrace:
   0: __rustc::rust_begin_unwind
             at /rustc/b940084d7eb6a299eb4bfeb8e34901bc051e7ac4/library/std/src/panicking.rs:679:5
   1: core::panicking::panic_fmt
             at /rustc/b940084d7eb6a299eb4bfeb8e34901bc051e7ac4/library/core/src/panicking.rs:80:14
   2: <loom::rt::location::PanicBuilder>::fire
             at /home/gate/.cargo/git/checkouts/loom-906f299ec1581ba6/dfe3797/src/rt/location.rs:115:9
   3: <loom::rt::cell::State>::track_write
             at /home/gate/.cargo/git/checkouts/loom-906f299ec1581ba6/dfe3797/src/rt/cell.rs:133:18
   4: <loom::rt::cell::Cell>::start_write::{closure#0}
             at /home/gate/.cargo/git/checkouts/loom-906f299ec1581ba6/dfe3797/src/rt/cell.rs:80:19
   5: loom::rt::synchronize::<<loom::rt::cell::Cell>::start_write::{closure#0}, loom::rt::cell::Writing>::{closure#0}
             at /home/gate/.cargo/git/checkouts/loom-906f299ec1581ba6/dfe3797/src/rt/mod.rs:144:9
   6: <loom::rt::scheduler::Scheduler>::with_execution::<loom::rt::synchronize<<loom::rt::cell::Cell>::start_write::{closure#0}, loom::rt::cell::Writing>::{closure#0}, loom::rt::cell::Writing>::{closure#0}
             at /home/gate/.cargo/git/checkouts/loom-906f299ec1581ba6/dfe3797/src/rt/scheduler.rs:43:34
   7: <loom::rt::scheduler::Scheduler>::with_state::<<loom::rt::scheduler::Scheduler>::with_execution<loom::rt::synchronize<<loom::rt::cell::Cell>::start_write::{closure#0}, loom::rt::cell::Writing>::{closure#0}, loom::rt::cell::Writing>::{closure#0}, loom::rt::cell::Writing>::{closure#0}
             at /home/gate/.cargo/git/checkouts/loom-906f299ec1581ba6/dfe3797/src/rt/scheduler.rs:131:28
   8: <scoped_tls::ScopedKey<core::cell::RefCell<loom::rt::scheduler::State>>>::with::<<loom::rt::scheduler::Scheduler>::with_state<<loom::rt::scheduler::Scheduler>::with_execution<loom::rt::synchronize<<loom::rt::cell::Cell>::start_write::{closure#0}, loom::rt::cell::Writing>::{closure#0}, loom::rt::cell::Writing>::{closure#0}, loom::rt::cell::Writing>::{closure#0}, loom::rt::cell::Writing>
             at /home/gate/.cargo/registry/src/index.crates.io-1949cf8c6b5b557f/scoped-tls-1.0.1/src/lib.rs:171:13
   9: <loom::rt::scheduler::Scheduler>::with_state::<<loom::rt::scheduler::Scheduler>::with_execution<loom::rt::synchronize<<loom::rt::cell::Cell>::start_write::{closure#0}, loom::rt::cell::Writing>::{closure#0}, loom::rt::cell::Writing>::{closure#0}, loom::rt::cell::Writing>
             at /home/gate/.cargo/git/checkouts/loom-906f299ec1581ba6/dfe3797/src/rt/scheduler.rs:131:15
  10: <loom::rt::scheduler::Scheduler>::with_execution::<loom::rt::synchronize<<loom::rt::cell::Cell>::start_write::{closure#0}, loom::rt::cell::Writing>::{closure#0}, loom::rt::cell::Writing>
             at /home/gate/.cargo/git/checkouts/loom-906f299ec1581ba6/dfe3797/src/rt/scheduler.rs:43:9
  11: loom::rt::execution::<loom::rt::synchronize<<loom::rt::cell::Cell>::start_write::{closure#0}, loom::rt::cell::Writing>::{closure#0}, loom::rt::cell::Writing>
             at /home/gate/.cargo/git/checkouts/loom-906f299ec1581ba6/dfe3797/src/rt/mod.rs:174:5
  12: loom::rt::synchronize::<<loom::rt::cell::Cell>::start_write::{closure#0}, loom::rt::cell::Writing>
             at /home/gate/.cargo/git/checkouts/loom-906f299ec1581ba6/dfe3797/src/rt/mod.rs:141:5
  13: <loom::rt::cell::Cell>::start_write
             at /home/gate/.cargo/git/checkouts/loom-906f299ec1581ba6/dfe3797/src/rt/cell.rs:72:9
  14: <loom::cell::unsafe_cell::UnsafeCell<u32>>::with_mut::<<kernel_loom::cell::UnsafeCell<u32>>::get::{closure#0}, *mut u32>
             at /home/gate/.cargo/git/checkouts/loom-906f299ec1581ba6/dfe3797/src/cell/unsafe_cell.rs:149:35
  15: <kernel_loom::cell::UnsafeCell<u32>>::get
             at ./src/lib.rs:57:20
  16: <kernel_loom::sync::LockGuard<u32> as core::ops::deref::DerefMut>::deref_mut
             at ./src/../../src/sync.rs:220:39
  17: ticket_lock::try_lock_observes_the_previous_owners_writes::{closure#0}::{closure#0}
             at ./tests/ticket_lock.rs:45:21
  18: loom::thread::spawn_internal::<ticket_lock::try_lock_observes_the_previous_owners_writes::{closure#0}::{closure#0}, ()>::{closure#0}
             at /home/gate/.cargo/git/checkouts/loom-906f299ec1581ba6/dfe3797/src/thread.rs:168:47
  19: loom::rt::spawn::<loom::thread::spawn_internal<ticket_lock::try_lock_observes_the_previous_owners_writes::{closure#0}::{closure#0}, ()>::{closure#0}>::{closure#1}
             at /home/gate/.cargo/git/checkouts/loom-906f299ec1581ba6/dfe3797/src/rt/mod.rs:78:13
  20: <loom::rt::spawn<loom::thread::spawn_internal<ticket_lock::try_lock_observes_the_previous_owners_writes::{closure#0}::{closure#0}, ()>::{closure#0}>::{closure#1} as core::ops::function::FnOnce<()>>::call_once::{shim:vtable#0}
             at /rustc/b940084d7eb6a299eb4bfeb8e34901bc051e7ac4/library/core/src/ops/function.rs:250:5
  21: <alloc::boxed::Box<dyn core::ops::function::FnOnce<(), Output = ()>> as core::ops::function::FnOnce<()>>::call_once
             at /rustc/b940084d7eb6a299eb4bfeb8e34901bc051e7ac4/library/alloc/src/boxed.rs:2320:9
  22: loom::rt::scheduler::spawn_thread::{closure#0}
             at /home/gate/.cargo/git/checkouts/loom-906f299ec1581ba6/dfe3797/src/rt/scheduler.rs:142:17
  23: <loom::rt::scheduler::spawn_thread::{closure#0} as core::ops::function::FnOnce<()>>::call_once
             at /rustc/b940084d7eb6a299eb4bfeb8e34901bc051e7ac4/library/core/src/ops/function.rs:250:5
  24: <generator::gen_impl::GeneratorImpl<core::option::Option<alloc::boxed::Box<dyn core::ops::function::FnOnce<(), Output = ()>>>, ()>>::init_code::<loom::rt::scheduler::spawn_thread::{closure#0}>::{closure#0}
             at /home/gate/.cargo/registry/src/index.crates.io-1949cf8c6b5b557f/generator-0.8.9/src/gen_impl.rs:357:21
  25: <generator::stack::StackBox<<generator::gen_impl::GeneratorImpl<core::option::Option<alloc::boxed::Box<dyn core::ops::function::FnOnce<(), Output = ()>>>, ()>>::init_code<loom::rt::scheduler::spawn_thread::{closure#0}>::{closure#0}>>::call_once
             at /home/gate/.cargo/registry/src/index.crates.io-1949cf8c6b5b557f/generator-0.8.9/src/stack/mod.rs:137:13
  26: <generator::stack::Func>::call_once
             at /home/gate/.cargo/registry/src/index.crates.io-1949cf8c6b5b557f/generator-0.8.9/src/stack/mod.rs:119:9
  27: generator::detail::gen::gen_init_impl::{closure#0}
             at /home/gate/.cargo/registry/src/index.crates.io-1949cf8c6b5b557f/generator-0.8.9/src/detail/gen.rs:35:14
  28: <generator::detail::gen::gen_init_impl::{closure#0} as core::ops::function::FnOnce<()>>::call_once
             at /rustc/b940084d7eb6a299eb4bfeb8e34901bc051e7ac4/library/core/src/ops/function.rs:250:5
  29: std::panicking::catch_unwind::do_call::<generator::detail::gen::gen_init_impl::{closure#0}, ()>
             at /rustc/b940084d7eb6a299eb4bfeb8e34901bc051e7ac4/library/std/src/panicking.rs:576:43
  30: std::panicking::catch_unwind::<(), generator::detail::gen::gen_init_impl::{closure#0}>
             at /rustc/b940084d7eb6a299eb4bfeb8e34901bc051e7ac4/library/std/src/panicking.rs:544:19
  31: std::panic::catch_unwind::<generator::detail::gen::gen_init_impl::{closure#0}, ()>
             at /rustc/b940084d7eb6a299eb4bfeb8e34901bc051e7ac4/library/std/src/panic.rs:359:14
  32: generator::detail::gen::catch_unwind_filter::<generator::detail::gen::gen_init_impl::{closure#0}, ()>
             at /home/gate/.cargo/registry/src/index.crates.io-1949cf8c6b5b557f/generator-0.8.9/src/detail/gen.rs:23:5
  33: generator::detail::gen::gen_init_impl
             at /home/gate/.cargo/registry/src/index.crates.io-1949cf8c6b5b557f/generator-0.8.9/src/detail/gen.rs:50:25
  34: generator::detail::asm::gen_init
             at /home/gate/.cargo/registry/src/index.crates.io-1949cf8c6b5b557f/generator-0.8.9/src/detail/x86_64_unix.rs:8:5
note: Some details are omitted, run with `RUST_BACKTRACE=full` for a verbose backtrace.


failures:
    try_lock_observes_the_previous_owners_writes

test result: FAILED. 0 passed; 1 failed; 0 ignored; 0 measured; 2 filtered out; finished in 0.04s

error: test failed, to rerun pass `-p kernel-loom --test ticket_lock`
11:25:51 [ci] control `lock-acquire-off`: 1 verdict(s) reached

11:25:51 === [ci] control `owed-fence-off`
   Compiling kernel-loom v0.1.0 (/home/user/toyos-sessionshares/kernel/loom)
    Finished `test` profile [optimized + debuginfo] target(s) in 2.87s
     Running tests/owed_lock.rs (target/debug/deps/owed_lock-681a6f05927e68f7)

running 1 test
test a_turned_away_cpu_holds_the_lock_or_is_answered ... FAILED

failures:

---- a_turned_away_cpu_holds_the_lock_or_is_answered stdout ----

thread 'a_turned_away_cpu_holds_the_lock_or_is_answered' (8031) panicked at kernel/loom/tests/owed_lock.rs:52:9:
cpu 3 was turned away and nobody answered it
stack backtrace:
   0: __rustc::rust_begin_unwind
             at /rustc/b940084d7eb6a299eb4bfeb8e34901bc051e7ac4/library/std/src/panicking.rs:679:5
   1: core::panicking::panic_fmt
             at /rustc/b940084d7eb6a299eb4bfeb8e34901bc051e7ac4/library/core/src/panicking.rs:80:14
   2: owed_lock::a_turned_away_cpu_holds_the_lock_or_is_answered::{closure#0}
             at ./tests/owed_lock.rs:52:9
   3: <loom::model::Builder>::check::<owed_lock::a_turned_away_cpu_holds_the_lock_or_is_answered::{closure#0}>::{closure#0}
             at /home/gate/.cargo/git/checkouts/loom-906f299ec1581ba6/dfe3797/src/model.rs:194:17
   4: <<loom::model::Builder>::check<owed_lock::a_turned_away_cpu_holds_the_lock_or_is_answered::{closure#0}>::{closure#0} as core::ops::function::FnOnce<()>>::call_once::{shim:vtable#0}
             at /rustc/b940084d7eb6a299eb4bfeb8e34901bc051e7ac4/library/core/src/ops/function.rs:250:5
   5: <alloc::boxed::Box<dyn core::ops::function::FnOnce<(), Output = ()>> as core::ops::function::FnOnce<()>>::call_once
             at /rustc/b940084d7eb6a299eb4bfeb8e34901bc051e7ac4/library/alloc/src/boxed.rs:2320:9
   6: loom::rt::scheduler::spawn_thread::{closure#0}
             at /home/gate/.cargo/git/checkouts/loom-906f299ec1581ba6/dfe3797/src/rt/scheduler.rs:142:17
   7: <loom::rt::scheduler::spawn_thread::{closure#0} as core::ops::function::FnOnce<()>>::call_once
             at /rustc/b940084d7eb6a299eb4bfeb8e34901bc051e7ac4/library/core/src/ops/function.rs:250:5
   8: <generator::gen_impl::GeneratorImpl<core::option::Option<alloc::boxed::Box<dyn core::ops::function::FnOnce<(), Output = ()>>>, ()>>::init_code::<loom::rt::scheduler::spawn_thread::{closure#0}>::{closure#0}
             at /home/gate/.cargo/registry/src/index.crates.io-1949cf8c6b5b557f/generator-0.8.9/src/gen_impl.rs:357:21
   9: <generator::stack::StackBox<<generator::gen_impl::GeneratorImpl<core::option::Option<alloc::boxed::Box<dyn core::ops::function::FnOnce<(), Output = ()>>>, ()>>::init_code<loom::rt::scheduler::spawn_thread::{closure#0}>::{closure#0}>>::call_once
             at /home/gate/.cargo/registry/src/index.crates.io-1949cf8c6b5b557f/generator-0.8.9/src/stack/mod.rs:137:13
  10: <generator::stack::Func>::call_once
             at /home/gate/.cargo/registry/src/index.crates.io-1949cf8c6b5b557f/generator-0.8.9/src/stack/mod.rs:119:9
  11: generator::detail::gen::gen_init_impl::{closure#0}
             at /home/gate/.cargo/registry/src/index.crates.io-1949cf8c6b5b557f/generator-0.8.9/src/detail/gen.rs:35:14
  12: <generator::detail::gen::gen_init_impl::{closure#0} as core::ops::function::FnOnce<()>>::call_once
             at /rustc/b940084d7eb6a299eb4bfeb8e34901bc051e7ac4/library/core/src/ops/function.rs:250:5
  13: std::panicking::catch_unwind::do_call::<generator::detail::gen::gen_init_impl::{closure#0}, ()>
             at /rustc/b940084d7eb6a299eb4bfeb8e34901bc051e7ac4/library/std/src/panicking.rs:576:43
  14: std::panicking::catch_unwind::<(), generator::detail::gen::gen_init_impl::{closure#0}>
             at /rustc/b940084d7eb6a299eb4bfeb8e34901bc051e7ac4/library/std/src/panicking.rs:544:19
  15: std::panic::catch_unwind::<generator::detail::gen::gen_init_impl::{closure#0}, ()>
             at /rustc/b940084d7eb6a299eb4bfeb8e34901bc051e7ac4/library/std/src/panic.rs:359:14
  16: generator::detail::gen::catch_unwind_filter::<generator::detail::gen::gen_init_impl::{closure#0}, ()>
             at /home/gate/.cargo/registry/src/index.crates.io-1949cf8c6b5b557f/generator-0.8.9/src/detail/gen.rs:23:5
  17: generator::detail::gen::gen_init_impl
             at /home/gate/.cargo/registry/src/index.crates.io-1949cf8c6b5b557f/generator-0.8.9/src/detail/gen.rs:50:25
  18: generator::detail::asm::gen_init
             at /home/gate/.cargo/registry/src/index.crates.io-1949cf8c6b5b557f/generator-0.8.9/src/detail/x86_64_unix.rs:8:5
note: Some details are omitted, run with `RUST_BACKTRACE=full` for a verbose backtrace.


failures:
    a_turned_away_cpu_holds_the_lock_or_is_answered

test result: FAILED. 0 passed; 1 failed; 0 ignored; 0 measured; 0 filtered out; finished in 0.04s

error: test failed, to rerun pass `-p kernel-loom --test owed_lock`
11:25:54 [ci] control `owed-fence-off`: 1 verdict(s) reached

11:25:54 === [ci] control `seqlock-writer-fence-off`
   Compiling kernel-loom v0.1.0 (/home/user/toyos-sessionshares/kernel/loom)
    Finished `test` profile [optimized + debuginfo] target(s) in 2.98s
     Running tests/panic_console_publish.rs (target/debug/deps/panic_console_publish-30be0f85d708e900)

running 1 test
test a_snapshot_is_one_publication_whole ... FAILED

failures:

---- a_snapshot_is_one_publication_whole stdout ----

thread 'a_snapshot_is_one_publication_whole' (8349) panicked at kernel/loom/tests/panic_console_publish.rs:28:13:
a snapshot kept two publications' words: [1, 1, 1, 2]
stack backtrace:
   0: __rustc::rust_begin_unwind
             at /rustc/b940084d7eb6a299eb4bfeb8e34901bc051e7ac4/library/std/src/panicking.rs:679:5
   1: core::panicking::panic_fmt
             at /rustc/b940084d7eb6a299eb4bfeb8e34901bc051e7ac4/library/core/src/panicking.rs:80:14
   2: panic_console_publish::a_snapshot_is_one_publication_whole::{closure#0}
             at ./tests/panic_console_publish.rs:28:13
   3: <loom::model::Builder>::check::<panic_console_publish::a_snapshot_is_one_publication_whole::{closure#0}>::{closure#0}
             at /home/gate/.cargo/git/checkouts/loom-906f299ec1581ba6/dfe3797/src/model.rs:194:17
   4: <<loom::model::Builder>::check<panic_console_publish::a_snapshot_is_one_publication_whole::{closure#0}>::{closure#0} as core::ops::function::FnOnce<()>>::call_once::{shim:vtable#0}
             at /rustc/b940084d7eb6a299eb4bfeb8e34901bc051e7ac4/library/core/src/ops/function.rs:250:5
   5: <alloc::boxed::Box<dyn core::ops::function::FnOnce<(), Output = ()>> as core::ops::function::FnOnce<()>>::call_once
             at /rustc/b940084d7eb6a299eb4bfeb8e34901bc051e7ac4/library/alloc/src/boxed.rs:2320:9
   6: loom::rt::scheduler::spawn_thread::{closure#0}
             at /home/gate/.cargo/git/checkouts/loom-906f299ec1581ba6/dfe3797/src/rt/scheduler.rs:142:17
   7: <loom::rt::scheduler::spawn_thread::{closure#0} as core::ops::function::FnOnce<()>>::call_once
             at /rustc/b940084d7eb6a299eb4bfeb8e34901bc051e7ac4/library/core/src/ops/function.rs:250:5
   8: <generator::gen_impl::GeneratorImpl<core::option::Option<alloc::boxed::Box<dyn core::ops::function::FnOnce<(), Output = ()>>>, ()>>::init_code::<loom::rt::scheduler::spawn_thread::{closure#0}>::{closure#0}
             at /home/gate/.cargo/registry/src/index.crates.io-1949cf8c6b5b557f/generator-0.8.9/src/gen_impl.rs:357:21
   9: <generator::stack::StackBox<<generator::gen_impl::GeneratorImpl<core::option::Option<alloc::boxed::Box<dyn core::ops::function::FnOnce<(), Output = ()>>>, ()>>::init_code<loom::rt::scheduler::spawn_thread::{closure#0}>::{closure#0}>>::call_once
             at /home/gate/.cargo/registry/src/index.crates.io-1949cf8c6b5b557f/generator-0.8.9/src/stack/mod.rs:137:13
  10: <generator::stack::Func>::call_once
             at /home/gate/.cargo/registry/src/index.crates.io-1949cf8c6b5b557f/generator-0.8.9/src/stack/mod.rs:119:9
  11: generator::detail::gen::gen_init_impl::{closure#0}
             at /home/gate/.cargo/registry/src/index.crates.io-1949cf8c6b5b557f/generator-0.8.9/src/detail/gen.rs:35:14
  12: <generator::detail::gen::gen_init_impl::{closure#0} as core::ops::function::FnOnce<()>>::call_once
             at /rustc/b940084d7eb6a299eb4bfeb8e34901bc051e7ac4/library/core/src/ops/function.rs:250:5
  13: std::panicking::catch_unwind::do_call::<generator::detail::gen::gen_init_impl::{closure#0}, ()>
             at /rustc/b940084d7eb6a299eb4bfeb8e34901bc051e7ac4/library/std/src/panicking.rs:576:43
  14: std::panicking::catch_unwind::<(), generator::detail::gen::gen_init_impl::{closure#0}>
             at /rustc/b940084d7eb6a299eb4bfeb8e34901bc051e7ac4/library/std/src/panicking.rs:544:19
  15: std::panic::catch_unwind::<generator::detail::gen::gen_init_impl::{closure#0}, ()>
             at /rustc/b940084d7eb6a299eb4bfeb8e34901bc051e7ac4/library/std/src/panic.rs:359:14
  16: generator::detail::gen::catch_unwind_filter::<generator::detail::gen::gen_init_impl::{closure#0}, ()>
             at /home/gate/.cargo/registry/src/index.crates.io-1949cf8c6b5b557f/generator-0.8.9/src/detail/gen.rs:23:5
  17: generator::detail::gen::gen_init_impl
             at /home/gate/.cargo/registry/src/index.crates.io-1949cf8c6b5b557f/generator-0.8.9/src/detail/gen.rs:50:25
  18: generator::detail::asm::gen_init
             at /home/gate/.cargo/registry/src/index.crates.io-1949cf8c6b5b557f/generator-0.8.9/src/detail/x86_64_unix.rs:8:5
note: Some details are omitted, run with `RUST_BACKTRACE=full` for a verbose backtrace.


failures:
    a_snapshot_is_one_publication_whole

test result: FAILED. 0 passed; 1 failed; 0 ignored; 0 measured; 0 filtered out; finished in 0.04s

error: test failed, to rerun pass `-p kernel-loom --test panic_console_publish`
11:25:57 [ci] control `seqlock-writer-fence-off`: 1 verdict(s) reached

11:25:57 === [ci] control `serial-try-lock-then-some`
   Compiling kernel-loom v0.1.0 (/home/user/toyos-sessionshares/kernel/loom)
    Finished `test` profile [optimized + debuginfo] target(s) in 3.71s
     Running tests/serial_lock.rs (target/debug/deps/serial_lock-b3d664a4621ac50d)

running 2 tests
test a_lost_try_lock_leaves_the_lock_held ... FAILED
test two_writers_never_overlap ... FAILED

failures:

---- a_lost_try_lock_leaves_the_lock_held stdout ----

thread 'a_lost_try_lock_leaves_the_lock_held' (8672) panicked at kernel/loom/tests/serial_lock.rs:24:9:
a lost try_lock released the lock its holder still has
stack backtrace:
   0: __rustc::rust_begin_unwind
             at /rustc/b940084d7eb6a299eb4bfeb8e34901bc051e7ac4/library/std/src/panicking.rs:679:5
   1: core::panicking::panic_fmt
             at /rustc/b940084d7eb6a299eb4bfeb8e34901bc051e7ac4/library/core/src/panicking.rs:80:14
   2: serial_lock::a_lost_try_lock_leaves_the_lock_held::{closure#0}
   3: <loom::model::Builder>::check::<serial_lock::a_lost_try_lock_leaves_the_lock_held::{closure#0}>::{closure#0}
             at /home/gate/.cargo/git/checkouts/loom-906f299ec1581ba6/dfe3797/src/model.rs:194:17
   4: <<loom::model::Builder>::check<serial_lock::a_lost_try_lock_leaves_the_lock_held::{closure#0}>::{closure#0} as core::ops::function::FnOnce<()>>::call_once::{shim:vtable#0}
             at /rustc/b940084d7eb6a299eb4bfeb8e34901bc051e7ac4/library/core/src/ops/function.rs:250:5
   5: <alloc::boxed::Box<dyn core::ops::function::FnOnce<(), Output = ()>> as core::ops::function::FnOnce<()>>::call_once
             at /rustc/b940084d7eb6a299eb4bfeb8e34901bc051e7ac4/library/alloc/src/boxed.rs:2320:9
   6: loom::rt::scheduler::spawn_thread::{closure#0}
             at /home/gate/.cargo/git/checkouts/loom-906f299ec1581ba6/dfe3797/src/rt/scheduler.rs:142:17
   7: <loom::rt::scheduler::spawn_thread::{closure#0} as core::ops::function::FnOnce<()>>::call_once
             at /rustc/b940084d7eb6a299eb4bfeb8e34901bc051e7ac4/library/core/src/ops/function.rs:250:5
   8: <generator::gen_impl::GeneratorImpl<core::option::Option<alloc::boxed::Box<dyn core::ops::function::FnOnce<(), Output = ()>>>, ()>>::init_code::<loom::rt::scheduler::spawn_thread::{closure#0}>::{closure#0}
             at /home/gate/.cargo/registry/src/index.crates.io-1949cf8c6b5b557f/generator-0.8.9/src/gen_impl.rs:357:21
   9: <generator::stack::StackBox<<generator::gen_impl::GeneratorImpl<core::option::Option<alloc::boxed::Box<dyn core::ops::function::FnOnce<(), Output = ()>>>, ()>>::init_code<loom::rt::scheduler::spawn_thread::{closure#0}>::{closure#0}>>::call_once
             at /home/gate/.cargo/registry/src/index.crates.io-1949cf8c6b5b557f/generator-0.8.9/src/stack/mod.rs:137:13
  10: <generator::stack::Func>::call_once
             at /home/gate/.cargo/registry/src/index.crates.io-1949cf8c6b5b557f/generator-0.8.9/src/stack/mod.rs:119:9
  11: generator::detail::gen::gen_init_impl::{closure#0}
             at /home/gate/.cargo/registry/src/index.crates.io-1949cf8c6b5b557f/generator-0.8.9/src/detail/gen.rs:35:14
  12: <generator::detail::gen::gen_init_impl::{closure#0} as core::ops::function::FnOnce<()>>::call_once
             at /rustc/b940084d7eb6a299eb4bfeb8e34901bc051e7ac4/library/core/src/ops/function.rs:250:5
  13: std::panicking::catch_unwind::do_call::<generator::detail::gen::gen_init_impl::{closure#0}, ()>
             at /rustc/b940084d7eb6a299eb4bfeb8e34901bc051e7ac4/library/std/src/panicking.rs:576:43
  14: std::panicking::catch_unwind::<(), generator::detail::gen::gen_init_impl::{closure#0}>
             at /rustc/b940084d7eb6a299eb4bfeb8e34901bc051e7ac4/library/std/src/panicking.rs:544:19
  15: std::panic::catch_unwind::<generator::detail::gen::gen_init_impl::{closure#0}, ()>
             at /rustc/b940084d7eb6a299eb4bfeb8e34901bc051e7ac4/library/std/src/panic.rs:359:14
  16: generator::detail::gen::catch_unwind_filter::<generator::detail::gen::gen_init_impl::{closure#0}, ()>
             at /home/gate/.cargo/registry/src/index.crates.io-1949cf8c6b5b557f/generator-0.8.9/src/detail/gen.rs:23:5
  17: generator::detail::gen::gen_init_impl
             at /home/gate/.cargo/registry/src/index.crates.io-1949cf8c6b5b557f/generator-0.8.9/src/detail/gen.rs:50:25
  18: generator::detail::asm::gen_init
             at /home/gate/.cargo/registry/src/index.crates.io-1949cf8c6b5b557f/generator-0.8.9/src/detail/x86_64_unix.rs:8:5
note: Some details are omitted, run with `RUST_BACKTRACE=full` for a verbose backtrace.

---- two_writers_never_overlap stdout ----

thread 'two_writers_never_overlap' (8673) panicked at /home/gate/.cargo/git/checkouts/loom-906f299ec1581ba6/dfe3797/src/rt/location.rs:115:9:
Causality violation: Concurrent write accesses to `UnsafeCell`.

stack backtrace:
   0: __rustc::rust_begin_unwind
             at /rustc/b940084d7eb6a299eb4bfeb8e34901bc051e7ac4/library/std/src/panicking.rs:679:5
   1: core::panicking::panic_fmt
             at /rustc/b940084d7eb6a299eb4bfeb8e34901bc051e7ac4/library/core/src/panicking.rs:80:14
   2: <loom::rt::location::PanicBuilder>::fire
             at /home/gate/.cargo/git/checkouts/loom-906f299ec1581ba6/dfe3797/src/rt/location.rs:115:9
   3: <loom::rt::cell::State>::track_write
             at /home/gate/.cargo/git/checkouts/loom-906f299ec1581ba6/dfe3797/src/rt/cell.rs:133:18
   4: <loom::rt::cell::Cell>::start_write::{closure#0}
             at /home/gate/.cargo/git/checkouts/loom-906f299ec1581ba6/dfe3797/src/rt/cell.rs:80:19
   5: loom::rt::synchronize::<<loom::rt::cell::Cell>::start_write::{closure#0}, loom::rt::cell::Writing>::{closure#0}
             at /home/gate/.cargo/git/checkouts/loom-906f299ec1581ba6/dfe3797/src/rt/mod.rs:144:9
   6: <loom::rt::scheduler::Scheduler>::with_execution::<loom::rt::synchronize<<loom::rt::cell::Cell>::start_write::{closure#0}, loom::rt::cell::Writing>::{closure#0}, loom::rt::cell::Writing>::{closure#0}
             at /home/gate/.cargo/git/checkouts/loom-906f299ec1581ba6/dfe3797/src/rt/scheduler.rs:43:34
   7: <loom::rt::scheduler::Scheduler>::with_state::<<loom::rt::scheduler::Scheduler>::with_execution<loom::rt::synchronize<<loom::rt::cell::Cell>::start_write::{closure#0}, loom::rt::cell::Writing>::{closure#0}, loom::rt::cell::Writing>::{closure#0}, loom::rt::cell::Writing>::{closure#0}
             at /home/gate/.cargo/git/checkouts/loom-906f299ec1581ba6/dfe3797/src/rt/scheduler.rs:131:28
   8: <scoped_tls::ScopedKey<core::cell::RefCell<loom::rt::scheduler::State>>>::with::<<loom::rt::scheduler::Scheduler>::with_state<<loom::rt::scheduler::Scheduler>::with_execution<loom::rt::synchronize<<loom::rt::cell::Cell>::start_write::{closure#0}, loom::rt::cell::Writing>::{closure#0}, loom::rt::cell::Writing>::{closure#0}, loom::rt::cell::Writing>::{closure#0}, loom::rt::cell::Writing>
             at /home/gate/.cargo/registry/src/index.crates.io-1949cf8c6b5b557f/scoped-tls-1.0.1/src/lib.rs:171:13
   9: <loom::rt::scheduler::Scheduler>::with_state::<<loom::rt::scheduler::Scheduler>::with_execution<loom::rt::synchronize<<loom::rt::cell::Cell>::start_write::{closure#0}, loom::rt::cell::Writing>::{closure#0}, loom::rt::cell::Writing>::{closure#0}, loom::rt::cell::Writing>
             at /home/gate/.cargo/git/checkouts/loom-906f299ec1581ba6/dfe3797/src/rt/scheduler.rs:131:15
  10: <loom::rt::scheduler::Scheduler>::with_execution::<loom::rt::synchronize<<loom::rt::cell::Cell>::start_write::{closure#0}, loom::rt::cell::Writing>::{closure#0}, loom::rt::cell::Writing>
             at /home/gate/.cargo/git/checkouts/loom-906f299ec1581ba6/dfe3797/src/rt/scheduler.rs:43:9
  11: loom::rt::execution::<loom::rt::synchronize<<loom::rt::cell::Cell>::start_write::{closure#0}, loom::rt::cell::Writing>::{closure#0}, loom::rt::cell::Writing>
             at /home/gate/.cargo/git/checkouts/loom-906f299ec1581ba6/dfe3797/src/rt/mod.rs:174:5
  12: loom::rt::synchronize::<<loom::rt::cell::Cell>::start_write::{closure#0}, loom::rt::cell::Writing>
             at /home/gate/.cargo/git/checkouts/loom-906f299ec1581ba6/dfe3797/src/rt/mod.rs:141:5
  13: <loom::rt::cell::Cell>::start_write
             at /home/gate/.cargo/git/checkouts/loom-906f299ec1581ba6/dfe3797/src/rt/cell.rs:72:9
  14: <loom::cell::unsafe_cell::UnsafeCell<u32>>::with_mut::<serial_lock::two_writers_never_overlap::{closure#0}::{closure#0}::{closure#0}::{closure#0}, ()>
             at /home/gate/.cargo/git/checkouts/loom-906f299ec1581ba6/dfe3797/src/cell/unsafe_cell.rs:149:35
  15: serial_lock::two_writers_never_overlap::{closure#0}::{closure#0}::{closure#0}
             at ./tests/serial_lock.rs:41:30
  16: <serial_lock::two_writers_never_overlap::{closure#0}::{closure#0}::{closure#0} as core::ops::function::FnOnce<()>>::call_once
             at /rustc/b940084d7eb6a299eb4bfeb8e34901bc051e7ac4/library/core/src/ops/function.rs:250:5
  17: loom::thread::spawn_internal::<serial_lock::two_writers_never_overlap::{closure#0}::{closure#0}::{closure#0}, ()>::{closure#0}
             at /home/gate/.cargo/git/checkouts/loom-906f299ec1581ba6/dfe3797/src/thread.rs:168:47
  18: loom::rt::spawn::<loom::thread::spawn_internal<serial_lock::two_writers_never_overlap::{closure#0}::{closure#0}::{closure#0}, ()>::{closure#0}>::{closure#1}
             at /home/gate/.cargo/git/checkouts/loom-906f299ec1581ba6/dfe3797/src/rt/mod.rs:78:13
  19: <loom::rt::spawn<loom::thread::spawn_internal<serial_lock::two_writers_never_overlap::{closure#0}::{closure#0}::{closure#0}, ()>::{closure#0}>::{closure#1} as core::ops::function::FnOnce<()>>::call_once::{shim:vtable#0}
             at /rustc/b940084d7eb6a299eb4bfeb8e34901bc051e7ac4/library/core/src/ops/function.rs:250:5
  20: <alloc::boxed::Box<dyn core::ops::function::FnOnce<(), Output = ()>> as core::ops::function::FnOnce<()>>::call_once
             at /rustc/b940084d7eb6a299eb4bfeb8e34901bc051e7ac4/library/alloc/src/boxed.rs:2320:9
  21: loom::rt::scheduler::spawn_thread::{closure#0}
             at /home/gate/.cargo/git/checkouts/loom-906f299ec1581ba6/dfe3797/src/rt/scheduler.rs:142:17
  22: <loom::rt::scheduler::spawn_thread::{closure#0} as core::ops::function::FnOnce<()>>::call_once
             at /rustc/b940084d7eb6a299eb4bfeb8e34901bc051e7ac4/library/core/src/ops/function.rs:250:5
  23: <generator::gen_impl::GeneratorImpl<core::option::Option<alloc::boxed::Box<dyn core::ops::function::FnOnce<(), Output = ()>>>, ()>>::init_code::<loom::rt::scheduler::spawn_thread::{closure#0}>::{closure#0}
             at /home/gate/.cargo/registry/src/index.crates.io-1949cf8c6b5b557f/generator-0.8.9/src/gen_impl.rs:357:21
  24: <generator::stack::StackBox<<generator::gen_impl::GeneratorImpl<core::option::Option<alloc::boxed::Box<dyn core::ops::function::FnOnce<(), Output = ()>>>, ()>>::init_code<loom::rt::scheduler::spawn_thread::{closure#0}>::{closure#0}>>::call_once
             at /home/gate/.cargo/registry/src/index.crates.io-1949cf8c6b5b557f/generator-0.8.9/src/stack/mod.rs:137:13
  25: <generator::stack::Func>::call_once
             at /home/gate/.cargo/registry/src/index.crates.io-1949cf8c6b5b557f/generator-0.8.9/src/stack/mod.rs:119:9
  26: generator::detail::gen::gen_init_impl::{closure#0}
             at /home/gate/.cargo/registry/src/index.crates.io-1949cf8c6b5b557f/generator-0.8.9/src/detail/gen.rs:35:14
  27: <generator::detail::gen::gen_init_impl::{closure#0} as core::ops::function::FnOnce<()>>::call_once
             at /rustc/b940084d7eb6a299eb4bfeb8e34901bc051e7ac4/library/core/src/ops/function.rs:250:5
  28: std::panicking::catch_unwind::do_call::<generator::detail::gen::gen_init_impl::{closure#0}, ()>
             at /rustc/b940084d7eb6a299eb4bfeb8e34901bc051e7ac4/library/std/src/panicking.rs:576:43
  29: std::panicking::catch_unwind::<(), generator::detail::gen::gen_init_impl::{closure#0}>
             at /rustc/b940084d7eb6a299eb4bfeb8e34901bc051e7ac4/library/std/src/panicking.rs:544:19
  30: std::panic::catch_unwind::<generator::detail::gen::gen_init_impl::{closure#0}, ()>
             at /rustc/b940084d7eb6a299eb4bfeb8e34901bc051e7ac4/library/std/src/panic.rs:359:14
  31: generator::detail::gen::catch_unwind_filter::<generator::detail::gen::gen_init_impl::{closure#0}, ()>
             at /home/gate/.cargo/registry/src/index.crates.io-1949cf8c6b5b557f/generator-0.8.9/src/detail/gen.rs:23:5
  32: generator::detail::gen::gen_init_impl
             at /home/gate/.cargo/registry/src/index.crates.io-1949cf8c6b5b557f/generator-0.8.9/src/detail/gen.rs:50:25
  33: generator::detail::asm::gen_init
             at /home/gate/.cargo/registry/src/index.crates.io-1949cf8c6b5b557f/generator-0.8.9/src/detail/x86_64_unix.rs:8:5
note: Some details are omitted, run with `RUST_BACKTRACE=full` for a verbose backtrace.


failures:
    a_lost_try_lock_leaves_the_lock_held
    two_writers_never_overlap

test result: FAILED. 0 passed; 2 failed; 0 ignored; 0 measured; 7 filtered out; finished in 0.04s

error: test failed, to rerun pass `-p kernel-loom --test serial_lock`
11:26:00 [ci] control `serial-try-lock-then-some`: 2 verdict(s) reached

11:26:00 === [ci] control `reap-raise-relaxed`
   Compiling kernel-loom v0.1.0 (/home/user/toyos-sessionshares/kernel/loom)
    Finished `test` profile [optimized + debuginfo] target(s) in 3.05s
     Running tests/reap_gate.rs (target/debug/deps/reap_gate-7d2b2816504a06b6)

running 1 test
test a_claim_sees_the_enrolled_work ... FAILED

failures:

---- a_claim_sees_the_enrolled_work stdout ----

thread 'a_claim_sees_the_enrolled_work' (8982) panicked at kernel/loom/tests/reap_gate.rs:97:13:
assertion `left == right` failed: a claimed gate handed the reaper an unpublished exit — the raise did not carry the work it was raised for
  left: 0
 right: 1
stack backtrace:
   0: __rustc::rust_begin_unwind
             at /rustc/b940084d7eb6a299eb4bfeb8e34901bc051e7ac4/library/std/src/panicking.rs:679:5
   1: core::panicking::panic_fmt
             at /rustc/b940084d7eb6a299eb4bfeb8e34901bc051e7ac4/library/core/src/panicking.rs:80:14
   2: core::panicking::assert_failed_inner
             at /rustc/b940084d7eb6a299eb4bfeb8e34901bc051e7ac4/library/core/src/panicking.rs:447:23
   3: core::panicking::assert_failed::<usize, usize>
             at /rustc/b940084d7eb6a299eb4bfeb8e34901bc051e7ac4/library/core/src/panicking.rs:407:5
   4: reap_gate::a_claim_sees_the_enrolled_work::{closure#0}
             at ./tests/reap_gate.rs:97:13
   5: <loom::model::Builder>::check::<reap_gate::a_claim_sees_the_enrolled_work::{closure#0}>::{closure#0}
             at /home/gate/.cargo/git/checkouts/loom-906f299ec1581ba6/dfe3797/src/model.rs:194:17
   6: <<loom::model::Builder>::check<reap_gate::a_claim_sees_the_enrolled_work::{closure#0}>::{closure#0} as core::ops::function::FnOnce<()>>::call_once::{shim:vtable#0}
             at /rustc/b940084d7eb6a299eb4bfeb8e34901bc051e7ac4/library/core/src/ops/function.rs:250:5
   7: <alloc::boxed::Box<dyn core::ops::function::FnOnce<(), Output = ()>> as core::ops::function::FnOnce<()>>::call_once
             at /rustc/b940084d7eb6a299eb4bfeb8e34901bc051e7ac4/library/alloc/src/boxed.rs:2320:9
   8: loom::rt::scheduler::spawn_thread::{closure#0}
             at /home/gate/.cargo/git/checkouts/loom-906f299ec1581ba6/dfe3797/src/rt/scheduler.rs:142:17
   9: <loom::rt::scheduler::spawn_thread::{closure#0} as core::ops::function::FnOnce<()>>::call_once
             at /rustc/b940084d7eb6a299eb4bfeb8e34901bc051e7ac4/library/core/src/ops/function.rs:250:5
  10: <generator::gen_impl::GeneratorImpl<core::option::Option<alloc::boxed::Box<dyn core::ops::function::FnOnce<(), Output = ()>>>, ()>>::init_code::<loom::rt::scheduler::spawn_thread::{closure#0}>::{closure#0}
             at /home/gate/.cargo/registry/src/index.crates.io-1949cf8c6b5b557f/generator-0.8.9/src/gen_impl.rs:357:21
  11: <generator::stack::StackBox<<generator::gen_impl::GeneratorImpl<core::option::Option<alloc::boxed::Box<dyn core::ops::function::FnOnce<(), Output = ()>>>, ()>>::init_code<loom::rt::scheduler::spawn_thread::{closure#0}>::{closure#0}>>::call_once
             at /home/gate/.cargo/registry/src/index.crates.io-1949cf8c6b5b557f/generator-0.8.9/src/stack/mod.rs:137:13
  12: <generator::stack::Func>::call_once
             at /home/gate/.cargo/registry/src/index.crates.io-1949cf8c6b5b557f/generator-0.8.9/src/stack/mod.rs:119:9
  13: generator::detail::gen::gen_init_impl::{closure#0}
             at /home/gate/.cargo/registry/src/index.crates.io-1949cf8c6b5b557f/generator-0.8.9/src/detail/gen.rs:35:14
  14: <generator::detail::gen::gen_init_impl::{closure#0} as core::ops::function::FnOnce<()>>::call_once
             at /rustc/b940084d7eb6a299eb4bfeb8e34901bc051e7ac4/library/core/src/ops/function.rs:250:5
  15: std::panicking::catch_unwind::do_call::<generator::detail::gen::gen_init_impl::{closure#0}, ()>
             at /rustc/b940084d7eb6a299eb4bfeb8e34901bc051e7ac4/library/std/src/panicking.rs:576:43
  16: std::panicking::catch_unwind::<(), generator::detail::gen::gen_init_impl::{closure#0}>
             at /rustc/b940084d7eb6a299eb4bfeb8e34901bc051e7ac4/library/std/src/panicking.rs:544:19
  17: std::panic::catch_unwind::<generator::detail::gen::gen_init_impl::{closure#0}, ()>
             at /rustc/b940084d7eb6a299eb4bfeb8e34901bc051e7ac4/library/std/src/panic.rs:359:14
  18: generator::detail::gen::catch_unwind_filter::<generator::detail::gen::gen_init_impl::{closure#0}, ()>
             at /home/gate/.cargo/registry/src/index.crates.io-1949cf8c6b5b557f/generator-0.8.9/src/detail/gen.rs:23:5
  19: generator::detail::gen::gen_init_impl
             at /home/gate/.cargo/registry/src/index.crates.io-1949cf8c6b5b557f/generator-0.8.9/src/detail/gen.rs:50:25
  20: generator::detail::asm::gen_init
             at /home/gate/.cargo/registry/src/index.crates.io-1949cf8c6b5b557f/generator-0.8.9/src/detail/x86_64_unix.rs:8:5
note: Some details are omitted, run with `RUST_BACKTRACE=full` for a verbose backtrace.


failures:
    a_claim_sees_the_enrolled_work

test result: FAILED. 0 passed; 1 failed; 0 ignored; 0 measured; 3 filtered out; finished in 0.04s

error: test failed, to rerun pass `-p kernel-loom --test reap_gate`
11:26:04 [ci] control `reap-raise-relaxed`: 1 verdict(s) reached

11:26:04 === [ci] control `shootdown-serve-relaxed`
   Compiling kernel-loom v0.1.0 (/home/user/toyos-sessionshares/kernel/loom)
    Finished `test` profile [optimized + debuginfo] target(s) in 2.30s
     Running tests/tlb_shootdown.rs (target/debug/deps/tlb_shootdown-e5df30acde1c7cdd)

running 2 tests
test an_acknowledged_flush_postdates_the_page_table_write ... FAILED
test one_serve_answers_two_concurrent_shootdowns ... FAILED

failures:

---- an_acknowledged_flush_postdates_the_page_table_write stdout ----

thread 'an_acknowledged_flush_postdates_the_page_table_write' (9215) panicked at kernel/loom/tests/tlb_shootdown.rs:142:13:
assertion `left == right` failed: cpu 1 acknowledged the shootdown while still holding a translation for the page the initiator is about to free
  left: 1
 right: 0
stack backtrace:
   0: __rustc::rust_begin_unwind
             at /rustc/b940084d7eb6a299eb4bfeb8e34901bc051e7ac4/library/std/src/panicking.rs:679:5
   1: core::panicking::panic_fmt
             at /rustc/b940084d7eb6a299eb4bfeb8e34901bc051e7ac4/library/core/src/panicking.rs:80:14
   2: core::panicking::assert_failed_inner
             at /rustc/b940084d7eb6a299eb4bfeb8e34901bc051e7ac4/library/core/src/panicking.rs:447:23
   3: core::panicking::assert_failed::<u64, u64>
             at /rustc/b940084d7eb6a299eb4bfeb8e34901bc051e7ac4/library/core/src/panicking.rs:407:5
   4: tlb_shootdown::an_acknowledged_flush_postdates_the_page_table_write::{closure#0}
             at ./tests/tlb_shootdown.rs:142:13
   5: <loom::model::Builder>::check::<tlb_shootdown::an_acknowledged_flush_postdates_the_page_table_write::{closure#0}>::{closure#0}
             at /home/gate/.cargo/git/checkouts/loom-906f299ec1581ba6/dfe3797/src/model.rs:194:17
   6: <<loom::model::Builder>::check<tlb_shootdown::an_acknowledged_flush_postdates_the_page_table_write::{closure#0}>::{closure#0} as core::ops::function::FnOnce<()>>::call_once::{shim:vtable#0}
             at /rustc/b940084d7eb6a299eb4bfeb8e34901bc051e7ac4/library/core/src/ops/function.rs:250:5
   7: <alloc::boxed::Box<dyn core::ops::function::FnOnce<(), Output = ()>> as core::ops::function::FnOnce<()>>::call_once
             at /rustc/b940084d7eb6a299eb4bfeb8e34901bc051e7ac4/library/alloc/src/boxed.rs:2320:9
   8: loom::rt::scheduler::spawn_thread::{closure#0}
             at /home/gate/.cargo/git/checkouts/loom-906f299ec1581ba6/dfe3797/src/rt/scheduler.rs:142:17
   9: <loom::rt::scheduler::spawn_thread::{closure#0} as core::ops::function::FnOnce<()>>::call_once
             at /rustc/b940084d7eb6a299eb4bfeb8e34901bc051e7ac4/library/core/src/ops/function.rs:250:5
  10: <generator::gen_impl::GeneratorImpl<core::option::Option<alloc::boxed::Box<dyn core::ops::function::FnOnce<(), Output = ()>>>, ()>>::init_code::<loom::rt::scheduler::spawn_thread::{closure#0}>::{closure#0}
             at /home/gate/.cargo/registry/src/index.crates.io-1949cf8c6b5b557f/generator-0.8.9/src/gen_impl.rs:357:21
  11: <generator::stack::StackBox<<generator::gen_impl::GeneratorImpl<core::option::Option<alloc::boxed::Box<dyn core::ops::function::FnOnce<(), Output = ()>>>, ()>>::init_code<loom::rt::scheduler::spawn_thread::{closure#0}>::{closure#0}>>::call_once
             at /home/gate/.cargo/registry/src/index.crates.io-1949cf8c6b5b557f/generator-0.8.9/src/stack/mod.rs:137:13
  12: <generator::stack::Func>::call_once
             at /home/gate/.cargo/registry/src/index.crates.io-1949cf8c6b5b557f/generator-0.8.9/src/stack/mod.rs:119:9
  13: generator::detail::gen::gen_init_impl::{closure#0}
             at /home/gate/.cargo/registry/src/index.crates.io-1949cf8c6b5b557f/generator-0.8.9/src/detail/gen.rs:35:14
  14: <generator::detail::gen::gen_init_impl::{closure#0} as core::ops::function::FnOnce<()>>::call_once
             at /rustc/b940084d7eb6a299eb4bfeb8e34901bc051e7ac4/library/core/src/ops/function.rs:250:5
  15: std::panicking::catch_unwind::do_call::<generator::detail::gen::gen_init_impl::{closure#0}, ()>
             at /rustc/b940084d7eb6a299eb4bfeb8e34901bc051e7ac4/library/std/src/panicking.rs:576:43
  16: std::panicking::catch_unwind::<(), generator::detail::gen::gen_init_impl::{closure#0}>
             at /rustc/b940084d7eb6a299eb4bfeb8e34901bc051e7ac4/library/std/src/panicking.rs:544:19
  17: std::panic::catch_unwind::<generator::detail::gen::gen_init_impl::{closure#0}, ()>
             at /rustc/b940084d7eb6a299eb4bfeb8e34901bc051e7ac4/library/std/src/panic.rs:359:14
  18: generator::detail::gen::catch_unwind_filter::<generator::detail::gen::gen_init_impl::{closure#0}, ()>
             at /home/gate/.cargo/registry/src/index.crates.io-1949cf8c6b5b557f/generator-0.8.9/src/detail/gen.rs:23:5
  19: generator::detail::gen::gen_init_impl
             at /home/gate/.cargo/registry/src/index.crates.io-1949cf8c6b5b557f/generator-0.8.9/src/detail/gen.rs:50:25
  20: generator::detail::asm::gen_init
             at /home/gate/.cargo/registry/src/index.crates.io-1949cf8c6b5b557f/generator-0.8.9/src/detail/x86_64_unix.rs:8:5
note: Some details are omitted, run with `RUST_BACKTRACE=full` for a verbose backtrace.

---- one_serve_answers_two_concurrent_shootdowns stdout ----

thread 'one_serve_answers_two_concurrent_shootdowns' (9216) panicked at kernel/loom/tests/tlb_shootdown.rs:181:13:
assertion `left == right` failed: the first initiator freed a page cpu 1 could still reach
  left: 1
 right: 0
stack backtrace:
   0: __rustc::rust_begin_unwind
             at /rustc/b940084d7eb6a299eb4bfeb8e34901bc051e7ac4/library/std/src/panicking.rs:679:5
   1: core::panicking::panic_fmt
             at /rustc/b940084d7eb6a299eb4bfeb8e34901bc051e7ac4/library/core/src/panicking.rs:80:14
   2: core::panicking::assert_failed_inner
             at /rustc/b940084d7eb6a299eb4bfeb8e34901bc051e7ac4/library/core/src/panicking.rs:447:23
   3: core::panicking::assert_failed::<u64, u64>
             at /rustc/b940084d7eb6a299eb4bfeb8e34901bc051e7ac4/library/core/src/panicking.rs:407:5
   4: tlb_shootdown::one_serve_answers_two_concurrent_shootdowns::{closure#0}
             at ./tests/tlb_shootdown.rs:181:13
   5: <loom::model::Builder>::check::<tlb_shootdown::one_serve_answers_two_concurrent_shootdowns::{closure#0}>::{closure#0}
             at /home/gate/.cargo/git/checkouts/loom-906f299ec1581ba6/dfe3797/src/model.rs:194:17
   6: <<loom::model::Builder>::check<tlb_shootdown::one_serve_answers_two_concurrent_shootdowns::{closure#0}>::{closure#0} as core::ops::function::FnOnce<()>>::call_once::{shim:vtable#0}
             at /rustc/b940084d7eb6a299eb4bfeb8e34901bc051e7ac4/library/core/src/ops/function.rs:250:5
   7: <alloc::boxed::Box<dyn core::ops::function::FnOnce<(), Output = ()>> as core::ops::function::FnOnce<()>>::call_once
             at /rustc/b940084d7eb6a299eb4bfeb8e34901bc051e7ac4/library/alloc/src/boxed.rs:2320:9
   8: loom::rt::scheduler::spawn_thread::{closure#0}
             at /home/gate/.cargo/git/checkouts/loom-906f299ec1581ba6/dfe3797/src/rt/scheduler.rs:142:17
   9: <loom::rt::scheduler::spawn_thread::{closure#0} as core::ops::function::FnOnce<()>>::call_once
             at /rustc/b940084d7eb6a299eb4bfeb8e34901bc051e7ac4/library/core/src/ops/function.rs:250:5
  10: <generator::gen_impl::GeneratorImpl<core::option::Option<alloc::boxed::Box<dyn core::ops::function::FnOnce<(), Output = ()>>>, ()>>::init_code::<loom::rt::scheduler::spawn_thread::{closure#0}>::{closure#0}
             at /home/gate/.cargo/registry/src/index.crates.io-1949cf8c6b5b557f/generator-0.8.9/src/gen_impl.rs:357:21
  11: <generator::stack::StackBox<<generator::gen_impl::GeneratorImpl<core::option::Option<alloc::boxed::Box<dyn core::ops::function::FnOnce<(), Output = ()>>>, ()>>::init_code<loom::rt::scheduler::spawn_thread::{closure#0}>::{closure#0}>>::call_once
             at /home/gate/.cargo/registry/src/index.crates.io-1949cf8c6b5b557f/generator-0.8.9/src/stack/mod.rs:137:13
  12: <generator::stack::Func>::call_once
             at /home/gate/.cargo/registry/src/index.crates.io-1949cf8c6b5b557f/generator-0.8.9/src/stack/mod.rs:119:9
  13: generator::detail::gen::gen_init_impl::{closure#0}
             at /home/gate/.cargo/registry/src/index.crates.io-1949cf8c6b5b557f/generator-0.8.9/src/detail/gen.rs:35:14
  14: <generator::detail::gen::gen_init_impl::{closure#0} as core::ops::function::FnOnce<()>>::call_once
             at /rustc/b940084d7eb6a299eb4bfeb8e34901bc051e7ac4/library/core/src/ops/function.rs:250:5
  15: std::panicking::catch_unwind::do_call::<generator::detail::gen::gen_init_impl::{closure#0}, ()>
             at /rustc/b940084d7eb6a299eb4bfeb8e34901bc051e7ac4/library/std/src/panicking.rs:576:43
  16: std::panicking::catch_unwind::<(), generator::detail::gen::gen_init_impl::{closure#0}>
             at /rustc/b940084d7eb6a299eb4bfeb8e34901bc051e7ac4/library/std/src/panicking.rs:544:19
  17: std::panic::catch_unwind::<generator::detail::gen::gen_init_impl::{closure#0}, ()>
             at /rustc/b940084d7eb6a299eb4bfeb8e34901bc051e7ac4/library/std/src/panic.rs:359:14
  18: generator::detail::gen::catch_unwind_filter::<generator::detail::gen::gen_init_impl::{closure#0}, ()>
             at /home/gate/.cargo/registry/src/index.crates.io-1949cf8c6b5b557f/generator-0.8.9/src/detail/gen.rs:23:5
  19: generator::detail::gen::gen_init_impl
             at /home/gate/.cargo/registry/src/index.crates.io-1949cf8c6b5b557f/generator-0.8.9/src/detail/gen.rs:50:25
  20: generator::detail::asm::gen_init
             at /home/gate/.cargo/registry/src/index.crates.io-1949cf8c6b5b557f/generator-0.8.9/src/detail/x86_64_unix.rs:8:5
note: Some details are omitted, run with `RUST_BACKTRACE=full` for a verbose backtrace.


failures:
    an_acknowledged_flush_postdates_the_page_table_write
    one_serve_answers_two_concurrent_shootdowns

test result: FAILED. 0 passed; 2 failed; 0 ignored; 0 measured; 2 filtered out; finished in 0.20s

error: test failed, to rerun pass `-p kernel-loom --test tlb_shootdown`
11:26:06 [ci] control `shootdown-serve-relaxed`: 2 verdict(s) reached

11:26:06 === [ci] control `shootdown-served-relaxed`
   Compiling kernel-loom v0.1.0 (/home/user/toyos-sessionshares/kernel/loom)
    Finished `test` profile [optimized + debuginfo] target(s) in 2.25s
     Running tests/counters_round.rs (target/debug/deps/counters_round-9ec17c2c3212523b)

running 1 test
test a_cpu_read_as_answered_is_read_with_its_answer ... FAILED

failures:

---- a_cpu_read_as_answered_is_read_with_its_answer stdout ----

thread 'a_cpu_read_as_answered_is_read_with_its_answer' (9465) panicked at kernel/loom/tests/counters_round.rs:57:17:
assertion `left == right` failed: cpu 1 read as having answered the round, and its block did not copy out that answer
  left: None
 right: Some([2, 2])
stack backtrace:
   0: __rustc::rust_begin_unwind
             at /rustc/b940084d7eb6a299eb4bfeb8e34901bc051e7ac4/library/std/src/panicking.rs:679:5
   1: core::panicking::panic_fmt
             at /rustc/b940084d7eb6a299eb4bfeb8e34901bc051e7ac4/library/core/src/panicking.rs:80:14
   2: core::panicking::assert_failed_inner
             at /rustc/b940084d7eb6a299eb4bfeb8e34901bc051e7ac4/library/core/src/panicking.rs:447:23
   3: core::panicking::assert_failed::<core::option::Option<[u64; 2]>, core::option::Option<[u64; 2]>>
             at /rustc/b940084d7eb6a299eb4bfeb8e34901bc051e7ac4/library/core/src/panicking.rs:407:5
   4: counters_round::a_cpu_read_as_answered_is_read_with_its_answer::{closure#0}
             at ./tests/counters_round.rs:57:17
   5: <loom::model::Builder>::check::<counters_round::a_cpu_read_as_answered_is_read_with_its_answer::{closure#0}>::{closure#0}
             at /home/gate/.cargo/git/checkouts/loom-906f299ec1581ba6/dfe3797/src/model.rs:194:17
   6: <<loom::model::Builder>::check<counters_round::a_cpu_read_as_answered_is_read_with_its_answer::{closure#0}>::{closure#0} as core::ops::function::FnOnce<()>>::call_once::{shim:vtable#0}
             at /rustc/b940084d7eb6a299eb4bfeb8e34901bc051e7ac4/library/core/src/ops/function.rs:250:5
   7: <alloc::boxed::Box<dyn core::ops::function::FnOnce<(), Output = ()>> as core::ops::function::FnOnce<()>>::call_once
             at /rustc/b940084d7eb6a299eb4bfeb8e34901bc051e7ac4/library/alloc/src/boxed.rs:2320:9
   8: loom::rt::scheduler::spawn_thread::{closure#0}
             at /home/gate/.cargo/git/checkouts/loom-906f299ec1581ba6/dfe3797/src/rt/scheduler.rs:142:17
   9: <loom::rt::scheduler::spawn_thread::{closure#0} as core::ops::function::FnOnce<()>>::call_once
             at /rustc/b940084d7eb6a299eb4bfeb8e34901bc051e7ac4/library/core/src/ops/function.rs:250:5
  10: <generator::gen_impl::GeneratorImpl<core::option::Option<alloc::boxed::Box<dyn core::ops::function::FnOnce<(), Output = ()>>>, ()>>::init_code::<loom::rt::scheduler::spawn_thread::{closure#0}>::{closure#0}
             at /home/gate/.cargo/registry/src/index.crates.io-1949cf8c6b5b557f/generator-0.8.9/src/gen_impl.rs:357:21
  11: <generator::stack::StackBox<<generator::gen_impl::GeneratorImpl<core::option::Option<alloc::boxed::Box<dyn core::ops::function::FnOnce<(), Output = ()>>>, ()>>::init_code<loom::rt::scheduler::spawn_thread::{closure#0}>::{closure#0}>>::call_once
             at /home/gate/.cargo/registry/src/index.crates.io-1949cf8c6b5b557f/generator-0.8.9/src/stack/mod.rs:137:13
  12: <generator::stack::Func>::call_once
             at /home/gate/.cargo/registry/src/index.crates.io-1949cf8c6b5b557f/generator-0.8.9/src/stack/mod.rs:119:9
  13: generator::detail::gen::gen_init_impl::{closure#0}
             at /home/gate/.cargo/registry/src/index.crates.io-1949cf8c6b5b557f/generator-0.8.9/src/detail/gen.rs:35:14
  14: <generator::detail::gen::gen_init_impl::{closure#0} as core::ops::function::FnOnce<()>>::call_once
             at /rustc/b940084d7eb6a299eb4bfeb8e34901bc051e7ac4/library/core/src/ops/function.rs:250:5
  15: std::panicking::catch_unwind::do_call::<generator::detail::gen::gen_init_impl::{closure#0}, ()>
             at /rustc/b940084d7eb6a299eb4bfeb8e34901bc051e7ac4/library/std/src/panicking.rs:576:43
  16: std::panicking::catch_unwind::<(), generator::detail::gen::gen_init_impl::{closure#0}>
             at /rustc/b940084d7eb6a299eb4bfeb8e34901bc051e7ac4/library/std/src/panicking.rs:544:19
  17: std::panic::catch_unwind::<generator::detail::gen::gen_init_impl::{closure#0}, ()>
             at /rustc/b940084d7eb6a299eb4bfeb8e34901bc051e7ac4/library/std/src/panic.rs:359:14
  18: generator::detail::gen::catch_unwind_filter::<generator::detail::gen::gen_init_impl::{closure#0}, ()>
             at /home/gate/.cargo/registry/src/index.crates.io-1949cf8c6b5b557f/generator-0.8.9/src/detail/gen.rs:23:5
  19: generator::detail::gen::gen_init_impl
             at /home/gate/.cargo/registry/src/index.crates.io-1949cf8c6b5b557f/generator-0.8.9/src/detail/gen.rs:50:25
  20: generator::detail::asm::gen_init
             at /home/gate/.cargo/registry/src/index.crates.io-1949cf8c6b5b557f/generator-0.8.9/src/detail/x86_64_unix.rs:8:5
note: Some details are omitted, run with `RUST_BACKTRACE=full` for a verbose backtrace.


failures:
    a_cpu_read_as_answered_is_read_with_its_answer

test result: FAILED. 0 passed; 1 failed; 0 ignored; 0 measured; 0 filtered out; finished in 0.02s

error: test failed, to rerun pass `-p kernel-loom --test counters_round`
11:26:08 [ci] control `shootdown-served-relaxed`: 1 verdict(s) reached

11:26:08 === [ci] control `roster-commit-relaxed`
   Compiling kernel-loom v0.1.0 (/home/user/toyos-sessionshares/kernel/loom)
    Finished `test` profile [optimized + debuginfo] target(s) in 3.18s
     Running tests/smp_bringup.rs (target/debug/deps/smp_bringup-78725a0319fac9b2)

running 1 test
test a_committed_count_never_outruns_its_slot ... FAILED

failures:

---- a_committed_count_never_outruns_its_slot stdout ----

thread 'a_committed_count_never_outruns_its_slot' (9780) panicked at kernel/loom/tests/smp_bringup.rs:50:17:
assertion `left == right` failed: a reader saw cpu1 counted while its hardware-id slot was still unfilled
  left: 4294967295
 right: 7
stack backtrace:
   0: __rustc::rust_begin_unwind
             at /rustc/b940084d7eb6a299eb4bfeb8e34901bc051e7ac4/library/std/src/panicking.rs:679:5
   1: core::panicking::panic_fmt
             at /rustc/b940084d7eb6a299eb4bfeb8e34901bc051e7ac4/library/core/src/panicking.rs:80:14
   2: core::panicking::assert_failed_inner
             at /rustc/b940084d7eb6a299eb4bfeb8e34901bc051e7ac4/library/core/src/panicking.rs:447:23
   3: core::panicking::assert_failed::<u32, u32>
             at /rustc/b940084d7eb6a299eb4bfeb8e34901bc051e7ac4/library/core/src/panicking.rs:407:5
   4: smp_bringup::a_committed_count_never_outruns_its_slot::{closure#0}::{closure#1}
             at ./tests/smp_bringup.rs:50:17
   5: loom::thread::spawn_internal::<smp_bringup::a_committed_count_never_outruns_its_slot::{closure#0}::{closure#1}, ()>::{closure#0}
             at /home/gate/.cargo/git/checkouts/loom-906f299ec1581ba6/dfe3797/src/thread.rs:168:47
   6: loom::rt::spawn::<loom::thread::spawn_internal<smp_bringup::a_committed_count_never_outruns_its_slot::{closure#0}::{closure#1}, ()>::{closure#0}>::{closure#1}
             at /home/gate/.cargo/git/checkouts/loom-906f299ec1581ba6/dfe3797/src/rt/mod.rs:78:13
   7: <loom::rt::spawn<loom::thread::spawn_internal<smp_bringup::a_committed_count_never_outruns_its_slot::{closure#0}::{closure#1}, ()>::{closure#0}>::{closure#1} as core::ops::function::FnOnce<()>>::call_once::{shim:vtable#0}
             at /rustc/b940084d7eb6a299eb4bfeb8e34901bc051e7ac4/library/core/src/ops/function.rs:250:5
   8: <alloc::boxed::Box<dyn core::ops::function::FnOnce<(), Output = ()>> as core::ops::function::FnOnce<()>>::call_once
             at /rustc/b940084d7eb6a299eb4bfeb8e34901bc051e7ac4/library/alloc/src/boxed.rs:2320:9
   9: loom::rt::scheduler::spawn_thread::{closure#0}
             at /home/gate/.cargo/git/checkouts/loom-906f299ec1581ba6/dfe3797/src/rt/scheduler.rs:142:17
  10: <loom::rt::scheduler::spawn_thread::{closure#0} as core::ops::function::FnOnce<()>>::call_once
             at /rustc/b940084d7eb6a299eb4bfeb8e34901bc051e7ac4/library/core/src/ops/function.rs:250:5
  11: <generator::gen_impl::GeneratorImpl<core::option::Option<alloc::boxed::Box<dyn core::ops::function::FnOnce<(), Output = ()>>>, ()>>::init_code::<loom::rt::scheduler::spawn_thread::{closure#0}>::{closure#0}
             at /home/gate/.cargo/registry/src/index.crates.io-1949cf8c6b5b557f/generator-0.8.9/src/gen_impl.rs:357:21
  12: <generator::stack::StackBox<<generator::gen_impl::GeneratorImpl<core::option::Option<alloc::boxed::Box<dyn core::ops::function::FnOnce<(), Output = ()>>>, ()>>::init_code<loom::rt::scheduler::spawn_thread::{closure#0}>::{closure#0}>>::call_once
             at /home/gate/.cargo/registry/src/index.crates.io-1949cf8c6b5b557f/generator-0.8.9/src/stack/mod.rs:137:13
  13: <generator::stack::Func>::call_once
             at /home/gate/.cargo/registry/src/index.crates.io-1949cf8c6b5b557f/generator-0.8.9/src/stack/mod.rs:119:9
  14: generator::detail::gen::gen_init_impl::{closure#0}
             at /home/gate/.cargo/registry/src/index.crates.io-1949cf8c6b5b557f/generator-0.8.9/src/detail/gen.rs:35:14
  15: <generator::detail::gen::gen_init_impl::{closure#0} as core::ops::function::FnOnce<()>>::call_once
             at /rustc/b940084d7eb6a299eb4bfeb8e34901bc051e7ac4/library/core/src/ops/function.rs:250:5
  16: std::panicking::catch_unwind::do_call::<generator::detail::gen::gen_init_impl::{closure#0}, ()>
             at /rustc/b940084d7eb6a299eb4bfeb8e34901bc051e7ac4/library/std/src/panicking.rs:576:43
  17: std::panicking::catch_unwind::<(), generator::detail::gen::gen_init_impl::{closure#0}>
             at /rustc/b940084d7eb6a299eb4bfeb8e34901bc051e7ac4/library/std/src/panicking.rs:544:19
  18: std::panic::catch_unwind::<generator::detail::gen::gen_init_impl::{closure#0}, ()>
             at /rustc/b940084d7eb6a299eb4bfeb8e34901bc051e7ac4/library/std/src/panic.rs:359:14
  19: generator::detail::gen::catch_unwind_filter::<generator::detail::gen::gen_init_impl::{closure#0}, ()>
             at /home/gate/.cargo/registry/src/index.crates.io-1949cf8c6b5b557f/generator-0.8.9/src/detail/gen.rs:23:5
  20: generator::detail::gen::gen_init_impl
             at /home/gate/.cargo/registry/src/index.crates.io-1949cf8c6b5b557f/generator-0.8.9/src/detail/gen.rs:50:25
  21: generator::detail::asm::gen_init
             at /home/gate/.cargo/registry/src/index.crates.io-1949cf8c6b5b557f/generator-0.8.9/src/detail/x86_64_unix.rs:8:5
note: Some details are omitted, run with `RUST_BACKTRACE=full` for a verbose backtrace.


failures:
    a_committed_count_never_outruns_its_slot

test result: FAILED. 0 passed; 1 failed; 0 ignored; 0 measured; 2 filtered out; finished in 0.05s

error: test failed, to rerun pass `-p kernel-loom --test smp_bringup`
11:26:12 [ci] control `roster-commit-relaxed`: 1 verdict(s) reached

11:26:12 === [ci] control `smp-ready-split`
   Compiling kernel-loom v0.1.0 (/home/user/toyos-sessionshares/kernel/loom)
    Finished `test` profile [optimized + debuginfo] target(s) in 3.36s
     Running tests/smp_bringup.rs (target/debug/deps/smp_bringup-d91bf1f63b830310)

running 1 test
test a_released_machine_is_answering ... FAILED

failures:

---- a_released_machine_is_answering stdout ----

thread 'a_released_machine_is_answering' (10093) panicked at kernel/loom/tests/smp_bringup.rs:83:21:
a CPU saw the machine released but not answering: a shootdown here is local-only and skips an AP that may already have joined
stack backtrace:
   0: __rustc::rust_begin_unwind
             at /rustc/b940084d7eb6a299eb4bfeb8e34901bc051e7ac4/library/std/src/panicking.rs:679:5
   1: core::panicking::panic_fmt
             at /rustc/b940084d7eb6a299eb4bfeb8e34901bc051e7ac4/library/core/src/panicking.rs:80:14
   2: smp_bringup::a_released_machine_is_answering::{closure#0}::{closure#1}
             at ./tests/smp_bringup.rs:83:21
   3: loom::thread::spawn_internal::<smp_bringup::a_released_machine_is_answering::{closure#0}::{closure#1}, ()>::{closure#0}
             at /home/gate/.cargo/git/checkouts/loom-906f299ec1581ba6/dfe3797/src/thread.rs:168:47
   4: loom::rt::spawn::<loom::thread::spawn_internal<smp_bringup::a_released_machine_is_answering::{closure#0}::{closure#1}, ()>::{closure#0}>::{closure#1}
             at /home/gate/.cargo/git/checkouts/loom-906f299ec1581ba6/dfe3797/src/rt/mod.rs:78:13
   5: <loom::rt::spawn<loom::thread::spawn_internal<smp_bringup::a_released_machine_is_answering::{closure#0}::{closure#1}, ()>::{closure#0}>::{closure#1} as core::ops::function::FnOnce<()>>::call_once::{shim:vtable#0}
             at /rustc/b940084d7eb6a299eb4bfeb8e34901bc051e7ac4/library/core/src/ops/function.rs:250:5
   6: <alloc::boxed::Box<dyn core::ops::function::FnOnce<(), Output = ()>> as core::ops::function::FnOnce<()>>::call_once
             at /rustc/b940084d7eb6a299eb4bfeb8e34901bc051e7ac4/library/alloc/src/boxed.rs:2320:9
   7: loom::rt::scheduler::spawn_thread::{closure#0}
             at /home/gate/.cargo/git/checkouts/loom-906f299ec1581ba6/dfe3797/src/rt/scheduler.rs:142:17
   8: <loom::rt::scheduler::spawn_thread::{closure#0} as core::ops::function::FnOnce<()>>::call_once
             at /rustc/b940084d7eb6a299eb4bfeb8e34901bc051e7ac4/library/core/src/ops/function.rs:250:5
   9: <generator::gen_impl::GeneratorImpl<core::option::Option<alloc::boxed::Box<dyn core::ops::function::FnOnce<(), Output = ()>>>, ()>>::init_code::<loom::rt::scheduler::spawn_thread::{closure#0}>::{closure#0}
             at /home/gate/.cargo/registry/src/index.crates.io-1949cf8c6b5b557f/generator-0.8.9/src/gen_impl.rs:357:21
  10: <generator::stack::StackBox<<generator::gen_impl::GeneratorImpl<core::option::Option<alloc::boxed::Box<dyn core::ops::function::FnOnce<(), Output = ()>>>, ()>>::init_code<loom::rt::scheduler::spawn_thread::{closure#0}>::{closure#0}>>::call_once
             at /home/gate/.cargo/registry/src/index.crates.io-1949cf8c6b5b557f/generator-0.8.9/src/stack/mod.rs:137:13
  11: <generator::stack::Func>::call_once
             at /home/gate/.cargo/registry/src/index.crates.io-1949cf8c6b5b557f/generator-0.8.9/src/stack/mod.rs:119:9
  12: generator::detail::gen::gen_init_impl::{closure#0}
             at /home/gate/.cargo/registry/src/index.crates.io-1949cf8c6b5b557f/generator-0.8.9/src/detail/gen.rs:35:14
  13: <generator::detail::gen::gen_init_impl::{closure#0} as core::ops::function::FnOnce<()>>::call_once
             at /rustc/b940084d7eb6a299eb4bfeb8e34901bc051e7ac4/library/core/src/ops/function.rs:250:5
  14: std::panicking::catch_unwind::do_call::<generator::detail::gen::gen_init_impl::{closure#0}, ()>
             at /rustc/b940084d7eb6a299eb4bfeb8e34901bc051e7ac4/library/std/src/panicking.rs:576:43
  15: std::panicking::catch_unwind::<(), generator::detail::gen::gen_init_impl::{closure#0}>
             at /rustc/b940084d7eb6a299eb4bfeb8e34901bc051e7ac4/library/std/src/panicking.rs:544:19
  16: std::panic::catch_unwind::<generator::detail::gen::gen_init_impl::{closure#0}, ()>
             at /rustc/b940084d7eb6a299eb4bfeb8e34901bc051e7ac4/library/std/src/panic.rs:359:14
  17: generator::detail::gen::catch_unwind_filter::<generator::detail::gen::gen_init_impl::{closure#0}, ()>
             at /home/gate/.cargo/registry/src/index.crates.io-1949cf8c6b5b557f/generator-0.8.9/src/detail/gen.rs:23:5
  18: generator::detail::gen::gen_init_impl
             at /home/gate/.cargo/registry/src/index.crates.io-1949cf8c6b5b557f/generator-0.8.9/src/detail/gen.rs:50:25
  19: generator::detail::asm::gen_init
             at /home/gate/.cargo/registry/src/index.crates.io-1949cf8c6b5b557f/generator-0.8.9/src/detail/x86_64_unix.rs:8:5
note: Some details are omitted, run with `RUST_BACKTRACE=full` for a verbose backtrace.


failures:
    a_released_machine_is_answering

test result: FAILED. 0 passed; 1 failed; 0 ignored; 0 measured; 2 filtered out; finished in 0.03s

error: test failed, to rerun pass `-p kernel-loom --test smp_bringup`
11:26:15 [ci] control `smp-ready-split`: 1 verdict(s) reached

11:26:15 === [ci] control `log-commit-release-off`
   Compiling kernel-loom v0.1.0 (/home/user/toyos-sessionshares/kernel/loom)
    Finished `test` profile [optimized + debuginfo] target(s) in 3.46s
     Running tests/log_record.rs (target/debug/deps/log_record-648f2ab197050124)

running 2 tests
test a_key_and_the_record_it_names_come_from_one_generation ... FAILED
test a_committed_record_is_whole_or_absent ... FAILED

failures:

---- a_key_and_the_record_it_names_come_from_one_generation stdout ----

thread 'a_key_and_the_record_it_names_come_from_one_generation' (10420) panicked at kernel/loom/tests/log_record.rs:355:13:
assertion `left == right` failed: a key from the generation the slot used to hold
  left: 1007
 right: 5007
stack backtrace:
   0: __rustc::rust_begin_unwind
             at /rustc/b940084d7eb6a299eb4bfeb8e34901bc051e7ac4/library/std/src/panicking.rs:679:5
   1: core::panicking::panic_fmt
             at /rustc/b940084d7eb6a299eb4bfeb8e34901bc051e7ac4/library/core/src/panicking.rs:80:14
   2: core::panicking::assert_failed_inner
             at /rustc/b940084d7eb6a299eb4bfeb8e34901bc051e7ac4/library/core/src/panicking.rs:447:23
   3: core::panicking::assert_failed::<u64, u64>
             at /rustc/b940084d7eb6a299eb4bfeb8e34901bc051e7ac4/library/core/src/panicking.rs:407:5
   4: log_record::a_key_and_the_record_it_names_come_from_one_generation::{closure#0}
             at ./tests/log_record.rs:355:13
   5: <loom::model::Builder>::check::<log_record::a_key_and_the_record_it_names_come_from_one_generation::{closure#0}>::{closure#0}
             at /home/gate/.cargo/git/checkouts/loom-906f299ec1581ba6/dfe3797/src/model.rs:194:17
   6: <<loom::model::Builder>::check<log_record::a_key_and_the_record_it_names_come_from_one_generation::{closure#0}>::{closure#0} as core::ops::function::FnOnce<()>>::call_once::{shim:vtable#0}
             at /rustc/b940084d7eb6a299eb4bfeb8e34901bc051e7ac4/library/core/src/ops/function.rs:250:5
   7: <alloc::boxed::Box<dyn core::ops::function::FnOnce<(), Output = ()>> as core::ops::function::FnOnce<()>>::call_once
             at /rustc/b940084d7eb6a299eb4bfeb8e34901bc051e7ac4/library/alloc/src/boxed.rs:2320:9
   8: loom::rt::scheduler::spawn_thread::{closure#0}
             at /home/gate/.cargo/git/checkouts/loom-906f299ec1581ba6/dfe3797/src/rt/scheduler.rs:142:17
   9: <loom::rt::scheduler::spawn_thread::{closure#0} as core::ops::function::FnOnce<()>>::call_once
             at /rustc/b940084d7eb6a299eb4bfeb8e34901bc051e7ac4/library/core/src/ops/function.rs:250:5
  10: <generator::gen_impl::GeneratorImpl<core::option::Option<alloc::boxed::Box<dyn core::ops::function::FnOnce<(), Output = ()>>>, ()>>::init_code::<loom::rt::scheduler::spawn_thread::{closure#0}>::{closure#0}
             at /home/gate/.cargo/registry/src/index.crates.io-1949cf8c6b5b557f/generator-0.8.9/src/gen_impl.rs:357:21
  11: <generator::stack::StackBox<<generator::gen_impl::GeneratorImpl<core::option::Option<alloc::boxed::Box<dyn core::ops::function::FnOnce<(), Output = ()>>>, ()>>::init_code<loom::rt::scheduler::spawn_thread::{closure#0}>::{closure#0}>>::call_once
             at /home/gate/.cargo/registry/src/index.crates.io-1949cf8c6b5b557f/generator-0.8.9/src/stack/mod.rs:137:13
  12: <generator::stack::Func>::call_once
             at /home/gate/.cargo/registry/src/index.crates.io-1949cf8c6b5b557f/generator-0.8.9/src/stack/mod.rs:119:9
  13: generator::detail::gen::gen_init_impl::{closure#0}
             at /home/gate/.cargo/registry/src/index.crates.io-1949cf8c6b5b557f/generator-0.8.9/src/detail/gen.rs:35:14
  14: <generator::detail::gen::gen_init_impl::{closure#0} as core::ops::function::FnOnce<()>>::call_once
             at /rustc/b940084d7eb6a299eb4bfeb8e34901bc051e7ac4/library/core/src/ops/function.rs:250:5
  15: std::panicking::catch_unwind::do_call::<generator::detail::gen::gen_init_impl::{closure#0}, ()>
             at /rustc/b940084d7eb6a299eb4bfeb8e34901bc051e7ac4/library/std/src/panicking.rs:576:43
  16: std::panicking::catch_unwind::<(), generator::detail::gen::gen_init_impl::{closure#0}>
             at /rustc/b940084d7eb6a299eb4bfeb8e34901bc051e7ac4/library/std/src/panicking.rs:544:19
  17: std::panic::catch_unwind::<generator::detail::gen::gen_init_impl::{closure#0}, ()>
             at /rustc/b940084d7eb6a299eb4bfeb8e34901bc051e7ac4/library/std/src/panic.rs:359:14
  18: generator::detail::gen::catch_unwind_filter::<generator::detail::gen::gen_init_impl::{closure#0}, ()>
             at /home/gate/.cargo/registry/src/index.crates.io-1949cf8c6b5b557f/generator-0.8.9/src/detail/gen.rs:23:5
  19: generator::detail::gen::gen_init_impl
             at /home/gate/.cargo/registry/src/index.crates.io-1949cf8c6b5b557f/generator-0.8.9/src/detail/gen.rs:50:25
  20: generator::detail::asm::gen_init
             at /home/gate/.cargo/registry/src/index.crates.io-1949cf8c6b5b557f/generator-0.8.9/src/detail/x86_64_unix.rs:8:5
note: Some details are omitted, run with `RUST_BACKTRACE=full` for a verbose backtrace.

---- a_committed_record_is_whole_or_absent stdout ----

thread 'a_committed_record_is_whole_or_absent' (10419) panicked at kernel/loom/tests/log_record.rs:82:5:
assertion `left == right` failed: torn: at_ns is another record's
  left: 0
 right: 1007
stack backtrace:
   0: __rustc::rust_begin_unwind
             at /rustc/b940084d7eb6a299eb4bfeb8e34901bc051e7ac4/library/std/src/panicking.rs:679:5
   1: core::panicking::panic_fmt
             at /rustc/b940084d7eb6a299eb4bfeb8e34901bc051e7ac4/library/core/src/panicking.rs:80:14
   2: core::panicking::assert_failed_inner
             at /rustc/b940084d7eb6a299eb4bfeb8e34901bc051e7ac4/library/core/src/panicking.rs:447:23
   3: core::panicking::assert_failed::<u64, u64>
             at /rustc/b940084d7eb6a299eb4bfeb8e34901bc051e7ac4/library/core/src/panicking.rs:407:5
   4: log_record::assert_whole
   5: log_record::a_committed_record_is_whole_or_absent::{closure#0}
             at ./tests/log_record.rs:117:13
   6: <loom::model::Builder>::check::<log_record::a_committed_record_is_whole_or_absent::{closure#0}>::{closure#0}
             at /home/gate/.cargo/git/checkouts/loom-906f299ec1581ba6/dfe3797/src/model.rs:194:17
   7: <<loom::model::Builder>::check<log_record::a_committed_record_is_whole_or_absent::{closure#0}>::{closure#0} as core::ops::function::FnOnce<()>>::call_once::{shim:vtable#0}
             at /rustc/b940084d7eb6a299eb4bfeb8e34901bc051e7ac4/library/core/src/ops/function.rs:250:5
   8: <alloc::boxed::Box<dyn core::ops::function::FnOnce<(), Output = ()>> as core::ops::function::FnOnce<()>>::call_once
             at /rustc/b940084d7eb6a299eb4bfeb8e34901bc051e7ac4/library/alloc/src/boxed.rs:2320:9
   9: loom::rt::scheduler::spawn_thread::{closure#0}
             at /home/gate/.cargo/git/checkouts/loom-906f299ec1581ba6/dfe3797/src/rt/scheduler.rs:142:17
  10: <loom::rt::scheduler::spawn_thread::{closure#0} as core::ops::function::FnOnce<()>>::call_once
             at /rustc/b940084d7eb6a299eb4bfeb8e34901bc051e7ac4/library/core/src/ops/function.rs:250:5
  11: <generator::gen_impl::GeneratorImpl<core::option::Option<alloc::boxed::Box<dyn core::ops::function::FnOnce<(), Output = ()>>>, ()>>::init_code::<loom::rt::scheduler::spawn_thread::{closure#0}>::{closure#0}
             at /home/gate/.cargo/registry/src/index.crates.io-1949cf8c6b5b557f/generator-0.8.9/src/gen_impl.rs:357:21
  12: <generator::stack::StackBox<<generator::gen_impl::GeneratorImpl<core::option::Option<alloc::boxed::Box<dyn core::ops::function::FnOnce<(), Output = ()>>>, ()>>::init_code<loom::rt::scheduler::spawn_thread::{closure#0}>::{closure#0}>>::call_once
             at /home/gate/.cargo/registry/src/index.crates.io-1949cf8c6b5b557f/generator-0.8.9/src/stack/mod.rs:137:13
  13: <generator::stack::Func>::call_once
             at /home/gate/.cargo/registry/src/index.crates.io-1949cf8c6b5b557f/generator-0.8.9/src/stack/mod.rs:119:9
  14: generator::detail::gen::gen_init_impl::{closure#0}
             at /home/gate/.cargo/registry/src/index.crates.io-1949cf8c6b5b557f/generator-0.8.9/src/detail/gen.rs:35:14
  15: <generator::detail::gen::gen_init_impl::{closure#0} as core::ops::function::FnOnce<()>>::call_once
             at /rustc/b940084d7eb6a299eb4bfeb8e34901bc051e7ac4/library/core/src/ops/function.rs:250:5
  16: std::panicking::catch_unwind::do_call::<generator::detail::gen::gen_init_impl::{closure#0}, ()>
             at /rustc/b940084d7eb6a299eb4bfeb8e34901bc051e7ac4/library/std/src/panicking.rs:576:43
  17: std::panicking::catch_unwind::<(), generator::detail::gen::gen_init_impl::{closure#0}>
             at /rustc/b940084d7eb6a299eb4bfeb8e34901bc051e7ac4/library/std/src/panicking.rs:544:19
  18: std::panic::catch_unwind::<generator::detail::gen::gen_init_impl::{closure#0}, ()>
             at /rustc/b940084d7eb6a299eb4bfeb8e34901bc051e7ac4/library/std/src/panic.rs:359:14
  19: generator::detail::gen::catch_unwind_filter::<generator::detail::gen::gen_init_impl::{closure#0}, ()>
             at /home/gate/.cargo/registry/src/index.crates.io-1949cf8c6b5b557f/generator-0.8.9/src/detail/gen.rs:23:5
  20: generator::detail::gen::gen_init_impl
             at /home/gate/.cargo/registry/src/index.crates.io-1949cf8c6b5b557f/generator-0.8.9/src/detail/gen.rs:50:25
  21: generator::detail::asm::gen_init
             at /home/gate/.cargo/registry/src/index.crates.io-1949cf8c6b5b557f/generator-0.8.9/src/detail/x86_64_unix.rs:8:5
note: Some details are omitted, run with `RUST_BACKTRACE=full` for a verbose backtrace.


failures:
    a_committed_record_is_whole_or_absent
    a_key_and_the_record_it_names_come_from_one_generation

test result: FAILED. 0 passed; 2 failed; 0 ignored; 0 measured; 5 filtered out; finished in 0.04s

error: test failed, to rerun pass `-p kernel-loom --test log_record`
11:26:19 [ci] control `log-commit-release-off`: 2 verdict(s) reached

11:26:19 === [ci] control `shard-publish-relaxed`
   Compiling kernel-loom v0.1.0 (/home/user/toyos-sessionshares/kernel/loom)
    Finished `test` profile [optimized + debuginfo] target(s) in 2.95s
     Running tests/log_publish.rs (target/debug/deps/log_publish-ffb2b082cb925edb)

running 1 test
test a_reader_that_finds_a_shard_finds_it_built ... FAILED

failures:

---- a_reader_that_finds_a_shard_finds_it_built stdout ----

thread 'a_reader_that_finds_a_shard_finds_it_built' (10731) panicked at /home/gate/.cargo/git/checkouts/loom-906f299ec1581ba6/dfe3797/src/rt/location.rs:115:9:
Causality violation: Concurrent load and mut accesses.

stack backtrace:
   0: __rustc::rust_begin_unwind
             at /rustc/b940084d7eb6a299eb4bfeb8e34901bc051e7ac4/library/std/src/panicking.rs:679:5
   1: core::panicking::panic_fmt
             at /rustc/b940084d7eb6a299eb4bfeb8e34901bc051e7ac4/library/core/src/panicking.rs:80:14
   2: <loom::rt::location::PanicBuilder>::fire
             at /home/gate/.cargo/git/checkouts/loom-906f299ec1581ba6/dfe3797/src/rt/location.rs:115:9
   3: <loom::rt::atomic::State>::track_load
             at /home/gate/.cargo/git/checkouts/loom-906f299ec1581ba6/dfe3797/src/rt/atomic.rs:581:18
   4: <loom::rt::atomic::State>::load
             at /home/gate/.cargo/git/checkouts/loom-906f299ec1581ba6/dfe3797/src/rt/atomic.rs:446:14
   5: <loom::rt::atomic::Atomic<isize>>::load::{closure#0}
             at /home/gate/.cargo/git/checkouts/loom-906f299ec1581ba6/dfe3797/src/rt/atomic.rs:250:31
   6: loom::rt::synchronize::<<loom::rt::atomic::Atomic<isize>>::load::{closure#0}, isize>::{closure#0}
             at /home/gate/.cargo/git/checkouts/loom-906f299ec1581ba6/dfe3797/src/rt/mod.rs:144:9
   7: <loom::rt::scheduler::Scheduler>::with_execution::<loom::rt::synchronize<<loom::rt::atomic::Atomic<isize>>::load::{closure#0}, isize>::{closure#0}, isize>::{closure#0}
             at /home/gate/.cargo/git/checkouts/loom-906f299ec1581ba6/dfe3797/src/rt/scheduler.rs:43:34
   8: <loom::rt::scheduler::Scheduler>::with_state::<<loom::rt::scheduler::Scheduler>::with_execution<loom::rt::synchronize<<loom::rt::atomic::Atomic<isize>>::load::{closure#0}, isize>::{closure#0}, isize>::{closure#0}, isize>::{closure#0}
             at /home/gate/.cargo/git/checkouts/loom-906f299ec1581ba6/dfe3797/src/rt/scheduler.rs:131:28
   9: <scoped_tls::ScopedKey<core::cell::RefCell<loom::rt::scheduler::State>>>::with::<<loom::rt::scheduler::Scheduler>::with_state<<loom::rt::scheduler::Scheduler>::with_execution<loom::rt::synchronize<<loom::rt::atomic::Atomic<isize>>::load::{closure#0}, isize>::{closure#0}, isize>::{closure#0}, isize>::{closure#0}, isize>
             at /home/gate/.cargo/registry/src/index.crates.io-1949cf8c6b5b557f/scoped-tls-1.0.1/src/lib.rs:171:13
  10: <loom::rt::scheduler::Scheduler>::with_state::<<loom::rt::scheduler::Scheduler>::with_execution<loom::rt::synchronize<<loom::rt::atomic::Atomic<u64>>::load::{closure#0}, u64>::{closure#0}, u64>::{closure#0}, u64>
             at /home/gate/.cargo/git/checkouts/loom-906f299ec1581ba6/dfe3797/src/rt/scheduler.rs:131:15
  11: <loom::rt::scheduler::Scheduler>::with_execution::<loom::rt::synchronize<<loom::rt::atomic::Atomic<u64>>::load::{closure#0}, u64>::{closure#0}, u64>
             at /home/gate/.cargo/git/checkouts/loom-906f299ec1581ba6/dfe3797/src/rt/scheduler.rs:43:9
  12: loom::rt::execution::<loom::rt::synchronize<<loom::rt::atomic::Atomic<u64>>::load::{closure#0}, u64>::{closure#0}, u64>
             at /home/gate/.cargo/git/checkouts/loom-906f299ec1581ba6/dfe3797/src/rt/mod.rs:174:5
  13: loom::rt::synchronize::<<loom::rt::atomic::Atomic<u64>>::load::{closure#0}, u64>
             at /home/gate/.cargo/git/checkouts/loom-906f299ec1581ba6/dfe3797/src/rt/mod.rs:141:5
  14: <loom::rt::atomic::Atomic<u64>>::load
             at /home/gate/.cargo/git/checkouts/loom-906f299ec1581ba6/dfe3797/src/rt/atomic.rs:233:9
  15: <kernel_loom::log_shard::Ring<4, 4>>::head
             at ./src/../../src/log/shard.rs:135:23
  16: log_publish::a_reader_that_finds_a_shard_finds_it_built::{closure#0}
             at ./tests/log_publish.rs:52:23
  17: <loom::model::Builder>::check::<log_publish::a_reader_that_finds_a_shard_finds_it_built::{closure#0}>::{closure#0}
             at /home/gate/.cargo/git/checkouts/loom-906f299ec1581ba6/dfe3797/src/model.rs:194:17
  18: <<loom::model::Builder>::check<log_publish::a_reader_that_finds_a_shard_finds_it_built::{closure#0}>::{closure#0} as core::ops::function::FnOnce<()>>::call_once::{shim:vtable#0}
             at /rustc/b940084d7eb6a299eb4bfeb8e34901bc051e7ac4/library/core/src/ops/function.rs:250:5
  19: <alloc::boxed::Box<dyn core::ops::function::FnOnce<(), Output = ()>> as core::ops::function::FnOnce<()>>::call_once
             at /rustc/b940084d7eb6a299eb4bfeb8e34901bc051e7ac4/library/alloc/src/boxed.rs:2320:9
  20: loom::rt::scheduler::spawn_thread::{closure#0}
             at /home/gate/.cargo/git/checkouts/loom-906f299ec1581ba6/dfe3797/src/rt/scheduler.rs:142:17
  21: <loom::rt::scheduler::spawn_thread::{closure#0} as core::ops::function::FnOnce<()>>::call_once
             at /rustc/b940084d7eb6a299eb4bfeb8e34901bc051e7ac4/library/core/src/ops/function.rs:250:5
  22: <generator::gen_impl::GeneratorImpl<core::option::Option<alloc::boxed::Box<dyn core::ops::function::FnOnce<(), Output = ()>>>, ()>>::init_code::<loom::rt::scheduler::spawn_thread::{closure#0}>::{closure#0}
             at /home/gate/.cargo/registry/src/index.crates.io-1949cf8c6b5b557f/generator-0.8.9/src/gen_impl.rs:357:21
  23: <generator::stack::StackBox<<generator::gen_impl::GeneratorImpl<core::option::Option<alloc::boxed::Box<dyn core::ops::function::FnOnce<(), Output = ()>>>, ()>>::init_code<loom::rt::scheduler::spawn_thread::{closure#0}>::{closure#0}>>::call_once
             at /home/gate/.cargo/registry/src/index.crates.io-1949cf8c6b5b557f/generator-0.8.9/src/stack/mod.rs:137:13
  24: <generator::stack::Func>::call_once
             at /home/gate/.cargo/registry/src/index.crates.io-1949cf8c6b5b557f/generator-0.8.9/src/stack/mod.rs:119:9
  25: generator::detail::gen::gen_init_impl::{closure#0}
             at /home/gate/.cargo/registry/src/index.crates.io-1949cf8c6b5b557f/generator-0.8.9/src/detail/gen.rs:35:14
  26: <generator::detail::gen::gen_init_impl::{closure#0} as core::ops::function::FnOnce<()>>::call_once
             at /rustc/b940084d7eb6a299eb4bfeb8e34901bc051e7ac4/library/core/src/ops/function.rs:250:5
  27: std::panicking::catch_unwind::do_call::<generator::detail::gen::gen_init_impl::{closure#0}, ()>
             at /rustc/b940084d7eb6a299eb4bfeb8e34901bc051e7ac4/library/std/src/panicking.rs:576:43
  28: std::panicking::catch_unwind::<(), generator::detail::gen::gen_init_impl::{closure#0}>
             at /rustc/b940084d7eb6a299eb4bfeb8e34901bc051e7ac4/library/std/src/panicking.rs:544:19
  29: std::panic::catch_unwind::<generator::detail::gen::gen_init_impl::{closure#0}, ()>
             at /rustc/b940084d7eb6a299eb4bfeb8e34901bc051e7ac4/library/std/src/panic.rs:359:14
  30: generator::detail::gen::catch_unwind_filter::<generator::detail::gen::gen_init_impl::{closure#0}, ()>
             at /home/gate/.cargo/registry/src/index.crates.io-1949cf8c6b5b557f/generator-0.8.9/src/detail/gen.rs:23:5
  31: generator::detail::gen::gen_init_impl
             at /home/gate/.cargo/registry/src/index.crates.io-1949cf8c6b5b557f/generator-0.8.9/src/detail/gen.rs:50:25
  32: generator::detail::asm::gen_init
             at /home/gate/.cargo/registry/src/index.crates.io-1949cf8c6b5b557f/generator-0.8.9/src/detail/x86_64_unix.rs:8:5
note: Some details are omitted, run with `RUST_BACKTRACE=full` for a verbose backtrace.


failures:
    a_reader_that_finds_a_shard_finds_it_built

test result: FAILED. 0 passed; 1 failed; 0 ignored; 0 measured; 1 filtered out; finished in 0.04s

error: test failed, to rerun pass `-p kernel-loom --test log_publish`
11:26:22 [ci] control `shard-publish-relaxed`: 1 verdict(s) reached

11:26:22 === [ci] control `log-ring-publish-relaxed`
   Compiling kernel-loom v0.1.0 (/home/user/toyos-sessionshares/kernel/loom)
    Finished `test` profile [optimized + debuginfo] target(s) in 3.47s
     Running tests/log_ring.rs (target/debug/deps/log_ring-d648325d47b5c164)

running 3 tests
test a_lane_publishes_whole_and_reuses_only_after_a_read ... FAILED
test a_slot_is_reused_only_after_its_record_was_read ... FAILED
test a_published_record_is_whole_and_read_once ... FAILED

failures:

---- a_lane_publishes_whole_and_reuses_only_after_a_read stdout ----

thread 'a_lane_publishes_whole_and_reuses_only_after_a_read' (11064) panicked at /home/gate/.cargo/git/checkouts/loom-906f299ec1581ba6/dfe3797/src/rt/location.rs:115:9:
Causality violation: Concurrent read and write accesses.

stack backtrace:
   0: __rustc::rust_begin_unwind
             at /rustc/b940084d7eb6a299eb4bfeb8e34901bc051e7ac4/library/std/src/panicking.rs:679:5
   1: core::panicking::panic_fmt
             at /rustc/b940084d7eb6a299eb4bfeb8e34901bc051e7ac4/library/core/src/panicking.rs:80:14
   2: <loom::rt::location::PanicBuilder>::fire
             at /home/gate/.cargo/git/checkouts/loom-906f299ec1581ba6/dfe3797/src/rt/location.rs:115:9
   3: <loom::rt::cell::State>::track_read
             at /home/gate/.cargo/git/checkouts/loom-906f299ec1581ba6/dfe3797/src/rt/cell.rs:113:18
   4: <loom::rt::cell::Cell>::start_read::{closure#0}
             at /home/gate/.cargo/git/checkouts/loom-906f299ec1581ba6/dfe3797/src/rt/cell.rs:64:19
   5: loom::rt::synchronize::<<loom::rt::cell::Cell>::start_read::{closure#0}, loom::rt::cell::Reading>::{closure#0}
             at /home/gate/.cargo/git/checkouts/loom-906f299ec1581ba6/dfe3797/src/rt/mod.rs:144:9
   6: <loom::rt::scheduler::Scheduler>::with_execution::<loom::rt::synchronize<<loom::rt::cell::Cell>::start_read::{closure#0}, loom::rt::cell::Reading>::{closure#0}, loom::rt::cell::Reading>::{closure#0}
             at /home/gate/.cargo/git/checkouts/loom-906f299ec1581ba6/dfe3797/src/rt/scheduler.rs:43:34
   7: <loom::rt::scheduler::Scheduler>::with_state::<<loom::rt::scheduler::Scheduler>::with_execution<loom::rt::synchronize<<loom::rt::cell::Cell>::start_read::{closure#0}, loom::rt::cell::Reading>::{closure#0}, loom::rt::cell::Reading>::{closure#0}, loom::rt::cell::Reading>::{closure#0}
             at /home/gate/.cargo/git/checkouts/loom-906f299ec1581ba6/dfe3797/src/rt/scheduler.rs:131:28
   8: <scoped_tls::ScopedKey<core::cell::RefCell<loom::rt::scheduler::State>>>::with::<<loom::rt::scheduler::Scheduler>::with_state<<loom::rt::scheduler::Scheduler>::with_execution<loom::rt::synchronize<<loom::rt::cell::Cell>::start_read::{closure#0}, loom::rt::cell::Reading>::{closure#0}, loom::rt::cell::Reading>::{closure#0}, loom::rt::cell::Reading>::{closure#0}, loom::rt::cell::Reading>
             at /home/gate/.cargo/registry/src/index.crates.io-1949cf8c6b5b557f/scoped-tls-1.0.1/src/lib.rs:171:13
   9: <loom::rt::scheduler::Scheduler>::with_state::<<loom::rt::scheduler::Scheduler>::with_execution<loom::rt::synchronize<<loom::rt::cell::Cell>::start_read::{closure#0}, loom::rt::cell::Reading>::{closure#0}, loom::rt::cell::Reading>::{closure#0}, loom::rt::cell::Reading>
             at /home/gate/.cargo/git/checkouts/loom-906f299ec1581ba6/dfe3797/src/rt/scheduler.rs:131:15
  10: <loom::rt::scheduler::Scheduler>::with_execution::<loom::rt::synchronize<<loom::rt::cell::Cell>::start_read::{closure#0}, loom::rt::cell::Reading>::{closure#0}, loom::rt::cell::Reading>
             at /home/gate/.cargo/git/checkouts/loom-906f299ec1581ba6/dfe3797/src/rt/scheduler.rs:43:9
  11: loom::rt::execution::<loom::rt::synchronize<<loom::rt::cell::Cell>::start_read::{closure#0}, loom::rt::cell::Reading>::{closure#0}, loom::rt::cell::Reading>
             at /home/gate/.cargo/git/checkouts/loom-906f299ec1581ba6/dfe3797/src/rt/mod.rs:174:5
  12: loom::rt::synchronize::<<loom::rt::cell::Cell>::start_read::{closure#0}, loom::rt::cell::Reading>
             at /home/gate/.cargo/git/checkouts/loom-906f299ec1581ba6/dfe3797/src/rt/mod.rs:141:5
  13: <loom::rt::cell::Cell>::start_read
             at /home/gate/.cargo/git/checkouts/loom-906f299ec1581ba6/dfe3797/src/rt/cell.rs:57:9
  14: <loom::cell::unsafe_cell::UnsafeCell<(u64, u64)>>::with::<<log_ring::Ring as kernel_loom::log_ring::Slots>::read::{closure#0}, (u64, u64)>
             at /home/gate/.cargo/git/checkouts/loom-906f299ec1581ba6/dfe3797/src/cell/unsafe_cell.rs:134:35
  15: <log_ring::Ring as kernel_loom::log_ring::Slots>::read
             at ./tests/log_ring.rs:88:27
  16: <kernel_loom::log_ring::Reader>::consume::<log_ring::Ring>
             at ./src/../../../toyos/src/log/ring.rs:215:26
  17: <kernel_loom::log_ring::Reader>::next_lane::<log_ring::Ring>
             at ./src/../../../toyos/src/log/ring.rs:211:19
  18: log_ring::a_lane_publishes_whole_and_reuses_only_after_a_read::{closure#0}::{closure#0}
             at ./tests/log_ring.rs:193:48
  19: loom::thread::spawn_internal::<log_ring::a_lane_publishes_whole_and_reuses_only_after_a_read::{closure#0}::{closure#0}, (kernel_loom::log_ring::Reader, alloc::vec::Vec<u64>)>::{closure#0}
             at /home/gate/.cargo/git/checkouts/loom-906f299ec1581ba6/dfe3797/src/thread.rs:168:47
  20: loom::rt::spawn::<loom::thread::spawn_internal<log_ring::a_lane_publishes_whole_and_reuses_only_after_a_read::{closure#0}::{closure#0}, (kernel_loom::log_ring::Reader, alloc::vec::Vec<u64>)>::{closure#0}>::{closure#1}
             at /home/gate/.cargo/git/checkouts/loom-906f299ec1581ba6/dfe3797/src/rt/mod.rs:78:13
  21: <loom::rt::spawn<loom::thread::spawn_internal<log_ring::a_lane_publishes_whole_and_reuses_only_after_a_read::{closure#0}::{closure#0}, (kernel_loom::log_ring::Reader, alloc::vec::Vec<u64>)>::{closure#0}>::{closure#1} as core::ops::function::FnOnce<()>>::call_once::{shim:vtable#0}
             at /rustc/b940084d7eb6a299eb4bfeb8e34901bc051e7ac4/library/core/src/ops/function.rs:250:5
  22: <alloc::boxed::Box<dyn core::ops::function::FnOnce<(), Output = ()>> as core::ops::function::FnOnce<()>>::call_once
             at /rustc/b940084d7eb6a299eb4bfeb8e34901bc051e7ac4/library/alloc/src/boxed.rs:2320:9
  23: loom::rt::scheduler::spawn_thread::{closure#0}
             at /home/gate/.cargo/git/checkouts/loom-906f299ec1581ba6/dfe3797/src/rt/scheduler.rs:142:17
  24: <loom::rt::scheduler::spawn_thread::{closure#0} as core::ops::function::FnOnce<()>>::call_once
             at /rustc/b940084d7eb6a299eb4bfeb8e34901bc051e7ac4/library/core/src/ops/function.rs:250:5
  25: <generator::gen_impl::GeneratorImpl<core::option::Option<alloc::boxed::Box<dyn core::ops::function::FnOnce<(), Output = ()>>>, ()>>::init_code::<loom::rt::scheduler::spawn_thread::{closure#0}>::{closure#0}
             at /home/gate/.cargo/registry/src/index.crates.io-1949cf8c6b5b557f/generator-0.8.9/src/gen_impl.rs:357:21
  26: <generator::stack::StackBox<<generator::gen_impl::GeneratorImpl<core::option::Option<alloc::boxed::Box<dyn core::ops::function::FnOnce<(), Output = ()>>>, ()>>::init_code<loom::rt::scheduler::spawn_thread::{closure#0}>::{closure#0}>>::call_once
             at /home/gate/.cargo/registry/src/index.crates.io-1949cf8c6b5b557f/generator-0.8.9/src/stack/mod.rs:137:13
  27: <generator::stack::Func>::call_once
             at /home/gate/.cargo/registry/src/index.crates.io-1949cf8c6b5b557f/generator-0.8.9/src/stack/mod.rs:119:9
  28: generator::detail::gen::gen_init_impl::{closure#0}
             at /home/gate/.cargo/registry/src/index.crates.io-1949cf8c6b5b557f/generator-0.8.9/src/detail/gen.rs:35:14
  29: <generator::detail::gen::gen_init_impl::{closure#0} as core::ops::function::FnOnce<()>>::call_once
             at /rustc/b940084d7eb6a299eb4bfeb8e34901bc051e7ac4/library/core/src/ops/function.rs:250:5
  30: std::panicking::catch_unwind::do_call::<generator::detail::gen::gen_init_impl::{closure#0}, ()>
             at /rustc/b940084d7eb6a299eb4bfeb8e34901bc051e7ac4/library/std/src/panicking.rs:576:43
  31: std::panicking::catch_unwind::<(), generator::detail::gen::gen_init_impl::{closure#0}>
             at /rustc/b940084d7eb6a299eb4bfeb8e34901bc051e7ac4/library/std/src/panicking.rs:544:19
  32: std::panic::catch_unwind::<generator::detail::gen::gen_init_impl::{closure#0}, ()>
             at /rustc/b940084d7eb6a299eb4bfeb8e34901bc051e7ac4/library/std/src/panic.rs:359:14
  33: generator::detail::gen::catch_unwind_filter::<generator::detail::gen::gen_init_impl::{closure#0}, ()>
             at /home/gate/.cargo/registry/src/index.crates.io-1949cf8c6b5b557f/generator-0.8.9/src/detail/gen.rs:23:5
  34: generator::detail::gen::gen_init_impl
             at /home/gate/.cargo/registry/src/index.crates.io-1949cf8c6b5b557f/generator-0.8.9/src/detail/gen.rs:50:25
  35: generator::detail::asm::gen_init
             at /home/gate/.cargo/registry/src/index.crates.io-1949cf8c6b5b557f/generator-0.8.9/src/detail/x86_64_unix.rs:8:5
note: Some details are omitted, run with `RUST_BACKTRACE=full` for a verbose backtrace.

---- a_slot_is_reused_only_after_its_record_was_read stdout ----

thread 'a_slot_is_reused_only_after_its_record_was_read' (11066) panicked at /home/gate/.cargo/git/checkouts/loom-906f299ec1581ba6/dfe3797/src/rt/location.rs:115:9:
Causality violation: Concurrent read and write accesses.

stack backtrace:
   0: __rustc::rust_begin_unwind
             at /rustc/b940084d7eb6a299eb4bfeb8e34901bc051e7ac4/library/std/src/panicking.rs:679:5
   1: core::panicking::panic_fmt
             at /rustc/b940084d7eb6a299eb4bfeb8e34901bc051e7ac4/library/core/src/panicking.rs:80:14
   2: <loom::rt::location::PanicBuilder>::fire
             at /home/gate/.cargo/git/checkouts/loom-906f299ec1581ba6/dfe3797/src/rt/location.rs:115:9
   3: <loom::rt::cell::State>::track_read
             at /home/gate/.cargo/git/checkouts/loom-906f299ec1581ba6/dfe3797/src/rt/cell.rs:113:18
   4: <loom::rt::cell::Cell>::start_read::{closure#0}
             at /home/gate/.cargo/git/checkouts/loom-906f299ec1581ba6/dfe3797/src/rt/cell.rs:64:19
   5: loom::rt::synchronize::<<loom::rt::cell::Cell>::start_read::{closure#0}, loom::rt::cell::Reading>::{closure#0}
             at /home/gate/.cargo/git/checkouts/loom-906f299ec1581ba6/dfe3797/src/rt/mod.rs:144:9
   6: <loom::rt::scheduler::Scheduler>::with_execution::<loom::rt::synchronize<<loom::rt::cell::Cell>::start_read::{closure#0}, loom::rt::cell::Reading>::{closure#0}, loom::rt::cell::Reading>::{closure#0}
             at /home/gate/.cargo/git/checkouts/loom-906f299ec1581ba6/dfe3797/src/rt/scheduler.rs:43:34
   7: <loom::rt::scheduler::Scheduler>::with_state::<<loom::rt::scheduler::Scheduler>::with_execution<loom::rt::synchronize<<loom::rt::cell::Cell>::start_read::{closure#0}, loom::rt::cell::Reading>::{closure#0}, loom::rt::cell::Reading>::{closure#0}, loom::rt::cell::Reading>::{closure#0}
             at /home/gate/.cargo/git/checkouts/loom-906f299ec1581ba6/dfe3797/src/rt/scheduler.rs:131:28
   8: <scoped_tls::ScopedKey<core::cell::RefCell<loom::rt::scheduler::State>>>::with::<<loom::rt::scheduler::Scheduler>::with_state<<loom::rt::scheduler::Scheduler>::with_execution<loom::rt::synchronize<<loom::rt::cell::Cell>::start_read::{closure#0}, loom::rt::cell::Reading>::{closure#0}, loom::rt::cell::Reading>::{closure#0}, loom::rt::cell::Reading>::{closure#0}, loom::rt::cell::Reading>
             at /home/gate/.cargo/registry/src/index.crates.io-1949cf8c6b5b557f/scoped-tls-1.0.1/src/lib.rs:171:13
   9: <loom::rt::scheduler::Scheduler>::with_state::<<loom::rt::scheduler::Scheduler>::with_execution<loom::rt::synchronize<<loom::rt::cell::Cell>::start_read::{closure#0}, loom::rt::cell::Reading>::{closure#0}, loom::rt::cell::Reading>::{closure#0}, loom::rt::cell::Reading>
             at /home/gate/.cargo/git/checkouts/loom-906f299ec1581ba6/dfe3797/src/rt/scheduler.rs:131:15
  10: <loom::rt::scheduler::Scheduler>::with_execution::<loom::rt::synchronize<<loom::rt::cell::Cell>::start_read::{closure#0}, loom::rt::cell::Reading>::{closure#0}, loom::rt::cell::Reading>
             at /home/gate/.cargo/git/checkouts/loom-906f299ec1581ba6/dfe3797/src/rt/scheduler.rs:43:9
  11: loom::rt::execution::<loom::rt::synchronize<<loom::rt::cell::Cell>::start_read::{closure#0}, loom::rt::cell::Reading>::{closure#0}, loom::rt::cell::Reading>
             at /home/gate/.cargo/git/checkouts/loom-906f299ec1581ba6/dfe3797/src/rt/mod.rs:174:5
  12: loom::rt::synchronize::<<loom::rt::cell::Cell>::start_read::{closure#0}, loom::rt::cell::Reading>
             at /home/gate/.cargo/git/checkouts/loom-906f299ec1581ba6/dfe3797/src/rt/mod.rs:141:5
  13: <loom::rt::cell::Cell>::start_read
             at /home/gate/.cargo/git/checkouts/loom-906f299ec1581ba6/dfe3797/src/rt/cell.rs:57:9
  14: <loom::cell::unsafe_cell::UnsafeCell<(u64, u64)>>::with::<<log_ring::Ring as kernel_loom::log_ring::Slots>::read::{closure#0}, (u64, u64)>
             at /home/gate/.cargo/git/checkouts/loom-906f299ec1581ba6/dfe3797/src/cell/unsafe_cell.rs:134:35
  15: <log_ring::Ring as kernel_loom::log_ring::Slots>::read
             at ./tests/log_ring.rs:88:27
  16: <kernel_loom::log_ring::Reader>::consume::<log_ring::Ring>
             at ./src/../../../toyos/src/log/ring.rs:215:26
  17: <kernel_loom::log_ring::Reader>::next::<log_ring::Ring>
             at ./src/../../../toyos/src/log/ring.rs:202:19
  18: log_ring::a_slot_is_reused_only_after_its_record_was_read::{closure#0}
             at ./tests/log_ring.rs:159:40
  19: <loom::model::Builder>::check::<log_ring::a_slot_is_reused_only_after_its_record_was_read::{closure#0}>::{closure#0}
             at /home/gate/.cargo/git/checkouts/loom-906f299ec1581ba6/dfe3797/src/model.rs:194:17
  20: <<loom::model::Builder>::check<log_ring::a_slot_is_reused_only_after_its_record_was_read::{closure#0}>::{closure#0} as core::ops::function::FnOnce<()>>::call_once::{shim:vtable#0}
             at /rustc/b940084d7eb6a299eb4bfeb8e34901bc051e7ac4/library/core/src/ops/function.rs:250:5
  21: <alloc::boxed::Box<dyn core::ops::function::FnOnce<(), Output = ()>> as core::ops::function::FnOnce<()>>::call_once
             at /rustc/b940084d7eb6a299eb4bfeb8e34901bc051e7ac4/library/alloc/src/boxed.rs:2320:9
  22: loom::rt::scheduler::spawn_thread::{closure#0}
             at /home/gate/.cargo/git/checkouts/loom-906f299ec1581ba6/dfe3797/src/rt/scheduler.rs:142:17
  23: <loom::rt::scheduler::spawn_thread::{closure#0} as core::ops::function::FnOnce<()>>::call_once
             at /rustc/b940084d7eb6a299eb4bfeb8e34901bc051e7ac4/library/core/src/ops/function.rs:250:5
  24: <generator::gen_impl::GeneratorImpl<core::option::Option<alloc::boxed::Box<dyn core::ops::function::FnOnce<(), Output = ()>>>, ()>>::init_code::<loom::rt::scheduler::spawn_thread::{closure#0}>::{closure#0}
             at /home/gate/.cargo/registry/src/index.crates.io-1949cf8c6b5b557f/generator-0.8.9/src/gen_impl.rs:357:21
  25: <generator::stack::StackBox<<generator::gen_impl::GeneratorImpl<core::option::Option<alloc::boxed::Box<dyn core::ops::function::FnOnce<(), Output = ()>>>, ()>>::init_code<loom::rt::scheduler::spawn_thread::{closure#0}>::{closure#0}>>::call_once
             at /home/gate/.cargo/registry/src/index.crates.io-1949cf8c6b5b557f/generator-0.8.9/src/stack/mod.rs:137:13
  26: <generator::stack::Func>::call_once
             at /home/gate/.cargo/registry/src/index.crates.io-1949cf8c6b5b557f/generator-0.8.9/src/stack/mod.rs:119:9
  27: generator::detail::gen::gen_init_impl::{closure#0}
             at /home/gate/.cargo/registry/src/index.crates.io-1949cf8c6b5b557f/generator-0.8.9/src/detail/gen.rs:35:14
  28: <generator::detail::gen::gen_init_impl::{closure#0} as core::ops::function::FnOnce<()>>::call_once
             at /rustc/b940084d7eb6a299eb4bfeb8e34901bc051e7ac4/library/core/src/ops/function.rs:250:5
  29: std::panicking::catch_unwind::do_call::<generator::detail::gen::gen_init_impl::{closure#0}, ()>
             at /rustc/b940084d7eb6a299eb4bfeb8e34901bc051e7ac4/library/std/src/panicking.rs:576:43
  30: std::panicking::catch_unwind::<(), generator::detail::gen::gen_init_impl::{closure#0}>
             at /rustc/b940084d7eb6a299eb4bfeb8e34901bc051e7ac4/library/std/src/panicking.rs:544:19
  31: std::panic::catch_unwind::<generator::detail::gen::gen_init_impl::{closure#0}, ()>
             at /rustc/b940084d7eb6a299eb4bfeb8e34901bc051e7ac4/library/std/src/panic.rs:359:14
  32: generator::detail::gen::catch_unwind_filter::<generator::detail::gen::gen_init_impl::{closure#0}, ()>
             at /home/gate/.cargo/registry/src/index.crates.io-1949cf8c6b5b557f/generator-0.8.9/src/detail/gen.rs:23:5
  33: generator::detail::gen::gen_init_impl
             at /home/gate/.cargo/registry/src/index.crates.io-1949cf8c6b5b557f/generator-0.8.9/src/detail/gen.rs:50:25
  34: generator::detail::asm::gen_init
             at /home/gate/.cargo/registry/src/index.crates.io-1949cf8c6b5b557f/generator-0.8.9/src/detail/x86_64_unix.rs:8:5
note: Some details are omitted, run with `RUST_BACKTRACE=full` for a verbose backtrace.

---- a_published_record_is_whole_and_read_once stdout ----

thread 'a_published_record_is_whole_and_read_once' (11065) panicked at /home/gate/.cargo/git/checkouts/loom-906f299ec1581ba6/dfe3797/src/rt/location.rs:115:9:
Causality violation: Concurrent read and write accesses.

stack backtrace:
   0: __rustc::rust_begin_unwind
             at /rustc/b940084d7eb6a299eb4bfeb8e34901bc051e7ac4/library/std/src/panicking.rs:679:5
   1: core::panicking::panic_fmt
             at /rustc/b940084d7eb6a299eb4bfeb8e34901bc051e7ac4/library/core/src/panicking.rs:80:14
   2: <loom::rt::location::PanicBuilder>::fire
             at /home/gate/.cargo/git/checkouts/loom-906f299ec1581ba6/dfe3797/src/rt/location.rs:115:9
   3: <loom::rt::cell::State>::track_read
             at /home/gate/.cargo/git/checkouts/loom-906f299ec1581ba6/dfe3797/src/rt/cell.rs:113:18
   4: <loom::rt::cell::Cell>::start_read::{closure#0}
             at /home/gate/.cargo/git/checkouts/loom-906f299ec1581ba6/dfe3797/src/rt/cell.rs:64:19
   5: loom::rt::synchronize::<<loom::rt::cell::Cell>::start_read::{closure#0}, loom::rt::cell::Reading>::{closure#0}
             at /home/gate/.cargo/git/checkouts/loom-906f299ec1581ba6/dfe3797/src/rt/mod.rs:144:9
   6: <loom::rt::scheduler::Scheduler>::with_execution::<loom::rt::synchronize<<loom::rt::cell::Cell>::start_read::{closure#0}, loom::rt::cell::Reading>::{closure#0}, loom::rt::cell::Reading>::{closure#0}
             at /home/gate/.cargo/git/checkouts/loom-906f299ec1581ba6/dfe3797/src/rt/scheduler.rs:43:34
   7: <loom::rt::scheduler::Scheduler>::with_state::<<loom::rt::scheduler::Scheduler>::with_execution<loom::rt::synchronize<<loom::rt::cell::Cell>::start_read::{closure#0}, loom::rt::cell::Reading>::{closure#0}, loom::rt::cell::Reading>::{closure#0}, loom::rt::cell::Reading>::{closure#0}
             at /home/gate/.cargo/git/checkouts/loom-906f299ec1581ba6/dfe3797/src/rt/scheduler.rs:131:28
   8: <scoped_tls::ScopedKey<core::cell::RefCell<loom::rt::scheduler::State>>>::with::<<loom::rt::scheduler::Scheduler>::with_state<<loom::rt::scheduler::Scheduler>::with_execution<loom::rt::synchronize<<loom::rt::cell::Cell>::start_read::{closure#0}, loom::rt::cell::Reading>::{closure#0}, loom::rt::cell::Reading>::{closure#0}, loom::rt::cell::Reading>::{closure#0}, loom::rt::cell::Reading>
             at /home/gate/.cargo/registry/src/index.crates.io-1949cf8c6b5b557f/scoped-tls-1.0.1/src/lib.rs:171:13
   9: <loom::rt::scheduler::Scheduler>::with_state::<<loom::rt::scheduler::Scheduler>::with_execution<loom::rt::synchronize<<loom::rt::cell::Cell>::start_read::{closure#0}, loom::rt::cell::Reading>::{closure#0}, loom::rt::cell::Reading>::{closure#0}, loom::rt::cell::Reading>
             at /home/gate/.cargo/git/checkouts/loom-906f299ec1581ba6/dfe3797/src/rt/scheduler.rs:131:15
  10: <loom::rt::scheduler::Scheduler>::with_execution::<loom::rt::synchronize<<loom::rt::cell::Cell>::start_read::{closure#0}, loom::rt::cell::Reading>::{closure#0}, loom::rt::cell::Reading>
             at /home/gate/.cargo/git/checkouts/loom-906f299ec1581ba6/dfe3797/src/rt/scheduler.rs:43:9
  11: loom::rt::execution::<loom::rt::synchronize<<loom::rt::cell::Cell>::start_read::{closure#0}, loom::rt::cell::Reading>::{closure#0}, loom::rt::cell::Reading>
             at /home/gate/.cargo/git/checkouts/loom-906f299ec1581ba6/dfe3797/src/rt/mod.rs:174:5
  12: loom::rt::synchronize::<<loom::rt::cell::Cell>::start_read::{closure#0}, loom::rt::cell::Reading>
             at /home/gate/.cargo/git/checkouts/loom-906f299ec1581ba6/dfe3797/src/rt/mod.rs:141:5
  13: <loom::rt::cell::Cell>::start_read
             at /home/gate/.cargo/git/checkouts/loom-906f299ec1581ba6/dfe3797/src/rt/cell.rs:57:9
  14: <loom::cell::unsafe_cell::UnsafeCell<(u64, u64)>>::with::<<log_ring::Ring as kernel_loom::log_ring::Slots>::read::{closure#0}, (u64, u64)>
             at /home/gate/.cargo/git/checkouts/loom-906f299ec1581ba6/dfe3797/src/cell/unsafe_cell.rs:134:35
  15: <log_ring::Ring as kernel_loom::log_ring::Slots>::read
             at ./tests/log_ring.rs:88:27
  16: <kernel_loom::log_ring::Reader>::consume::<log_ring::Ring>
             at ./src/../../../toyos/src/log/ring.rs:215:26
  17: <kernel_loom::log_ring::Reader>::next::<log_ring::Ring>
             at ./src/../../../toyos/src/log/ring.rs:202:19
  18: log_ring::a_published_record_is_whole_and_read_once::{closure#0}
             at ./tests/log_ring.rs:124:36
  19: <loom::model::Builder>::check::<log_ring::a_published_record_is_whole_and_read_once::{closure#0}>::{closure#0}
             at /home/gate/.cargo/git/checkouts/loom-906f299ec1581ba6/dfe3797/src/model.rs:194:17
  20: <<loom::model::Builder>::check<log_ring::a_published_record_is_whole_and_read_once::{closure#0}>::{closure#0} as core::ops::function::FnOnce<()>>::call_once::{shim:vtable#0}
             at /rustc/b940084d7eb6a299eb4bfeb8e34901bc051e7ac4/library/core/src/ops/function.rs:250:5
  21: <alloc::boxed::Box<dyn core::ops::function::FnOnce<(), Output = ()>> as core::ops::function::FnOnce<()>>::call_once
             at /rustc/b940084d7eb6a299eb4bfeb8e34901bc051e7ac4/library/alloc/src/boxed.rs:2320:9
  22: loom::rt::scheduler::spawn_thread::{closure#0}
             at /home/gate/.cargo/git/checkouts/loom-906f299ec1581ba6/dfe3797/src/rt/scheduler.rs:142:17
  23: <loom::rt::scheduler::spawn_thread::{closure#0} as core::ops::function::FnOnce<()>>::call_once
             at /rustc/b940084d7eb6a299eb4bfeb8e34901bc051e7ac4/library/core/src/ops/function.rs:250:5
  24: <generator::gen_impl::GeneratorImpl<core::option::Option<alloc::boxed::Box<dyn core::ops::function::FnOnce<(), Output = ()>>>, ()>>::init_code::<loom::rt::scheduler::spawn_thread::{closure#0}>::{closure#0}
             at /home/gate/.cargo/registry/src/index.crates.io-1949cf8c6b5b557f/generator-0.8.9/src/gen_impl.rs:357:21
  25: <generator::stack::StackBox<<generator::gen_impl::GeneratorImpl<core::option::Option<alloc::boxed::Box<dyn core::ops::function::FnOnce<(), Output = ()>>>, ()>>::init_code<loom::rt::scheduler::spawn_thread::{closure#0}>::{closure#0}>>::call_once
             at /home/gate/.cargo/registry/src/index.crates.io-1949cf8c6b5b557f/generator-0.8.9/src/stack/mod.rs:137:13
  26: <generator::stack::Func>::call_once
             at /home/gate/.cargo/registry/src/index.crates.io-1949cf8c6b5b557f/generator-0.8.9/src/stack/mod.rs:119:9
  27: generator::detail::gen::gen_init_impl::{closure#0}
             at /home/gate/.cargo/registry/src/index.crates.io-1949cf8c6b5b557f/generator-0.8.9/src/detail/gen.rs:35:14
  28: <generator::detail::gen::gen_init_impl::{closure#0} as core::ops::function::FnOnce<()>>::call_once
             at /rustc/b940084d7eb6a299eb4bfeb8e34901bc051e7ac4/library/core/src/ops/function.rs:250:5
  29: std::panicking::catch_unwind::do_call::<generator::detail::gen::gen_init_impl::{closure#0}, ()>
             at /rustc/b940084d7eb6a299eb4bfeb8e34901bc051e7ac4/library/std/src/panicking.rs:576:43
  30: std::panicking::catch_unwind::<(), generator::detail::gen::gen_init_impl::{closure#0}>
             at /rustc/b940084d7eb6a299eb4bfeb8e34901bc051e7ac4/library/std/src/panicking.rs:544:19
  31: std::panic::catch_unwind::<generator::detail::gen::gen_init_impl::{closure#0}, ()>
             at /rustc/b940084d7eb6a299eb4bfeb8e34901bc051e7ac4/library/std/src/panic.rs:359:14
  32: generator::detail::gen::catch_unwind_filter::<generator::detail::gen::gen_init_impl::{closure#0}, ()>
             at /home/gate/.cargo/registry/src/index.crates.io-1949cf8c6b5b557f/generator-0.8.9/src/detail/gen.rs:23:5
  33: generator::detail::gen::gen_init_impl
             at /home/gate/.cargo/registry/src/index.crates.io-1949cf8c6b5b557f/generator-0.8.9/src/detail/gen.rs:50:25
  34: generator::detail::asm::gen_init
             at /home/gate/.cargo/registry/src/index.crates.io-1949cf8c6b5b557f/generator-0.8.9/src/detail/x86_64_unix.rs:8:5
note: Some details are omitted, run with `RUST_BACKTRACE=full` for a verbose backtrace.


failures:
    a_lane_publishes_whole_and_reuses_only_after_a_read
    a_published_record_is_whole_and_read_once
    a_slot_is_reused_only_after_its_record_was_read

test result: FAILED. 0 passed; 3 failed; 0 ignored; 0 measured; 0 filtered out; finished in 0.05s

error: test failed, to rerun pass `-p kernel-loom --test log_ring`
11:26:25 [ci] control `log-ring-publish-relaxed`: 3 verdict(s) reached

11:26:25 === [ci] control `log-ring-tail-relaxed`
   Compiling kernel-loom v0.1.0 (/home/user/toyos-sessionshares/kernel/loom)
    Finished `test` profile [optimized + debuginfo] target(s) in 3.70s
     Running tests/log_ring.rs (target/debug/deps/log_ring-ba43b258ff0c0563)

running 3 tests
test a_slot_is_reused_only_after_its_record_was_read ... FAILED
test a_lane_publishes_whole_and_reuses_only_after_a_read ... FAILED
test a_published_record_is_whole_and_read_once ... FAILED

failures:

---- a_slot_is_reused_only_after_its_record_was_read stdout ----

thread 'a_slot_is_reused_only_after_its_record_was_read' (11407) panicked at /home/gate/.cargo/git/checkouts/loom-906f299ec1581ba6/dfe3797/src/rt/location.rs:115:9:
Causality violation: Concurrent read and write accesses to `UnsafeCell`.

stack backtrace:
   0: __rustc::rust_begin_unwind
             at /rustc/b940084d7eb6a299eb4bfeb8e34901bc051e7ac4/library/std/src/panicking.rs:679:5
   1: core::panicking::panic_fmt
             at /rustc/b940084d7eb6a299eb4bfeb8e34901bc051e7ac4/library/core/src/panicking.rs:80:14
   2: <loom::rt::location::PanicBuilder>::fire
             at /home/gate/.cargo/git/checkouts/loom-906f299ec1581ba6/dfe3797/src/rt/location.rs:115:9
   3: <loom::rt::cell::State>::track_write
             at /home/gate/.cargo/git/checkouts/loom-906f299ec1581ba6/dfe3797/src/rt/cell.rs:145:14
   4: <loom::rt::cell::Cell>::start_write::{closure#0}
             at /home/gate/.cargo/git/checkouts/loom-906f299ec1581ba6/dfe3797/src/rt/cell.rs:80:19
   5: loom::rt::synchronize::<<loom::rt::cell::Cell>::start_write::{closure#0}, loom::rt::cell::Writing>::{closure#0}
             at /home/gate/.cargo/git/checkouts/loom-906f299ec1581ba6/dfe3797/src/rt/mod.rs:144:9
   6: <loom::rt::scheduler::Scheduler>::with_execution::<loom::rt::synchronize<<loom::rt::cell::Cell>::start_write::{closure#0}, loom::rt::cell::Writing>::{closure#0}, loom::rt::cell::Writing>::{closure#0}
             at /home/gate/.cargo/git/checkouts/loom-906f299ec1581ba6/dfe3797/src/rt/scheduler.rs:43:34
   7: <loom::rt::scheduler::Scheduler>::with_state::<<loom::rt::scheduler::Scheduler>::with_execution<loom::rt::synchronize<<loom::rt::cell::Cell>::start_write::{closure#0}, loom::rt::cell::Writing>::{closure#0}, loom::rt::cell::Writing>::{closure#0}, loom::rt::cell::Writing>::{closure#0}
             at /home/gate/.cargo/git/checkouts/loom-906f299ec1581ba6/dfe3797/src/rt/scheduler.rs:131:28
   8: <scoped_tls::ScopedKey<core::cell::RefCell<loom::rt::scheduler::State>>>::with::<<loom::rt::scheduler::Scheduler>::with_state<<loom::rt::scheduler::Scheduler>::with_execution<loom::rt::synchronize<<loom::rt::cell::Cell>::start_write::{closure#0}, loom::rt::cell::Writing>::{closure#0}, loom::rt::cell::Writing>::{closure#0}, loom::rt::cell::Writing>::{closure#0}, loom::rt::cell::Writing>
             at /home/gate/.cargo/registry/src/index.crates.io-1949cf8c6b5b557f/scoped-tls-1.0.1/src/lib.rs:171:13
   9: <loom::rt::scheduler::Scheduler>::with_state::<<loom::rt::scheduler::Scheduler>::with_execution<loom::rt::synchronize<<loom::rt::cell::Cell>::start_write::{closure#0}, loom::rt::cell::Writing>::{closure#0}, loom::rt::cell::Writing>::{closure#0}, loom::rt::cell::Writing>
             at /home/gate/.cargo/git/checkouts/loom-906f299ec1581ba6/dfe3797/src/rt/scheduler.rs:131:15
  10: <loom::rt::scheduler::Scheduler>::with_execution::<loom::rt::synchronize<<loom::rt::cell::Cell>::start_write::{closure#0}, loom::rt::cell::Writing>::{closure#0}, loom::rt::cell::Writing>
             at /home/gate/.cargo/git/checkouts/loom-906f299ec1581ba6/dfe3797/src/rt/scheduler.rs:43:9
  11: loom::rt::execution::<loom::rt::synchronize<<loom::rt::cell::Cell>::start_write::{closure#0}, loom::rt::cell::Writing>::{closure#0}, loom::rt::cell::Writing>
             at /home/gate/.cargo/git/checkouts/loom-906f299ec1581ba6/dfe3797/src/rt/mod.rs:174:5
  12: loom::rt::synchronize::<<loom::rt::cell::Cell>::start_write::{closure#0}, loom::rt::cell::Writing>
             at /home/gate/.cargo/git/checkouts/loom-906f299ec1581ba6/dfe3797/src/rt/mod.rs:141:5
  13: <loom::rt::cell::Cell>::start_write
             at /home/gate/.cargo/git/checkouts/loom-906f299ec1581ba6/dfe3797/src/rt/cell.rs:72:9
  14: <loom::cell::unsafe_cell::UnsafeCell<(u64, u64)>>::with_mut::<<log_ring::Ring as kernel_loom::log_ring::Slots>::write::{closure#0}, ()>
             at /home/gate/.cargo/git/checkouts/loom-906f299ec1581ba6/dfe3797/src/cell/unsafe_cell.rs:149:35
  15: <log_ring::Ring as kernel_loom::log_ring::Slots>::write
             at ./tests/log_ring.rs:84:27
  16: kernel_loom::log_ring::push_leaving::<log_ring::Ring>
             at ./src/../../../toyos/src/log/ring.rs:121:10
  17: kernel_loom::log_ring::push::<log_ring::Ring>
             at ./src/../../../toyos/src/log/ring.rs:92:5
  18: log_ring::a_slot_is_reused_only_after_its_record_was_read::{closure#0}::{closure#0}
             at ./tests/log_ring.rs:152:30
  19: loom::thread::spawn_internal::<log_ring::a_slot_is_reused_only_after_its_record_was_read::{closure#0}::{closure#0}, (kernel_loom::log_ring::Pushed, kernel_loom::log_ring::Pushed)>::{closure#0}
             at /home/gate/.cargo/git/checkouts/loom-906f299ec1581ba6/dfe3797/src/thread.rs:168:47
  20: loom::rt::spawn::<loom::thread::spawn_internal<log_ring::a_slot_is_reused_only_after_its_record_was_read::{closure#0}::{closure#0}, (kernel_loom::log_ring::Pushed, kernel_loom::log_ring::Pushed)>::{closure#0}>::{closure#1}
             at /home/gate/.cargo/git/checkouts/loom-906f299ec1581ba6/dfe3797/src/rt/mod.rs:78:13
  21: <loom::rt::spawn<loom::thread::spawn_internal<log_ring::a_slot_is_reused_only_after_its_record_was_read::{closure#0}::{closure#0}, (kernel_loom::log_ring::Pushed, kernel_loom::log_ring::Pushed)>::{closure#0}>::{closure#1} as core::ops::function::FnOnce<()>>::call_once::{shim:vtable#0}
             at /rustc/b940084d7eb6a299eb4bfeb8e34901bc051e7ac4/library/core/src/ops/function.rs:250:5
  22: <alloc::boxed::Box<dyn core::ops::function::FnOnce<(), Output = ()>> as core::ops::function::FnOnce<()>>::call_once
             at /rustc/b940084d7eb6a299eb4bfeb8e34901bc051e7ac4/library/alloc/src/boxed.rs:2320:9
  23: loom::rt::scheduler::spawn_thread::{closure#0}
             at /home/gate/.cargo/git/checkouts/loom-906f299ec1581ba6/dfe3797/src/rt/scheduler.rs:142:17
  24: <loom::rt::scheduler::spawn_thread::{closure#0} as core::ops::function::FnOnce<()>>::call_once
             at /rustc/b940084d7eb6a299eb4bfeb8e34901bc051e7ac4/library/core/src/ops/function.rs:250:5
  25: <generator::gen_impl::GeneratorImpl<core::option::Option<alloc::boxed::Box<dyn core::ops::function::FnOnce<(), Output = ()>>>, ()>>::init_code::<loom::rt::scheduler::spawn_thread::{closure#0}>::{closure#0}
             at /home/gate/.cargo/registry/src/index.crates.io-1949cf8c6b5b557f/generator-0.8.9/src/gen_impl.rs:357:21
  26: <generator::stack::StackBox<<generator::gen_impl::GeneratorImpl<core::option::Option<alloc::boxed::Box<dyn core::ops::function::FnOnce<(), Output = ()>>>, ()>>::init_code<loom::rt::scheduler::spawn_thread::{closure#0}>::{closure#0}>>::call_once
             at /home/gate/.cargo/registry/src/index.crates.io-1949cf8c6b5b557f/generator-0.8.9/src/stack/mod.rs:137:13
  27: <generator::stack::Func>::call_once
             at /home/gate/.cargo/registry/src/index.crates.io-1949cf8c6b5b557f/generator-0.8.9/src/stack/mod.rs:119:9
  28: generator::detail::gen::gen_init_impl::{closure#0}
             at /home/gate/.cargo/registry/src/index.crates.io-1949cf8c6b5b557f/generator-0.8.9/src/detail/gen.rs:35:14
  29: <generator::detail::gen::gen_init_impl::{closure#0} as core::ops::function::FnOnce<()>>::call_once
             at /rustc/b940084d7eb6a299eb4bfeb8e34901bc051e7ac4/library/core/src/ops/function.rs:250:5
  30: std::panicking::catch_unwind::do_call::<generator::detail::gen::gen_init_impl::{closure#0}, ()>
             at /rustc/b940084d7eb6a299eb4bfeb8e34901bc051e7ac4/library/std/src/panicking.rs:576:43
  31: std::panicking::catch_unwind::<(), generator::detail::gen::gen_init_impl::{closure#0}>
             at /rustc/b940084d7eb6a299eb4bfeb8e34901bc051e7ac4/library/std/src/panicking.rs:544:19
  32: std::panic::catch_unwind::<generator::detail::gen::gen_init_impl::{closure#0}, ()>
             at /rustc/b940084d7eb6a299eb4bfeb8e34901bc051e7ac4/library/std/src/panic.rs:359:14
  33: generator::detail::gen::catch_unwind_filter::<generator::detail::gen::gen_init_impl::{closure#0}, ()>
             at /home/gate/.cargo/registry/src/index.crates.io-1949cf8c6b5b557f/generator-0.8.9/src/detail/gen.rs:23:5
  34: generator::detail::gen::gen_init_impl
             at /home/gate/.cargo/registry/src/index.crates.io-1949cf8c6b5b557f/generator-0.8.9/src/detail/gen.rs:50:25
  35: generator::detail::asm::gen_init
             at /home/gate/.cargo/registry/src/index.crates.io-1949cf8c6b5b557f/generator-0.8.9/src/detail/x86_64_unix.rs:8:5
note: Some details are omitted, run with `RUST_BACKTRACE=full` for a verbose backtrace.

---- a_lane_publishes_whole_and_reuses_only_after_a_read stdout ----

thread 'a_lane_publishes_whole_and_reuses_only_after_a_read' (11405) panicked at /home/gate/.cargo/git/checkouts/loom-906f299ec1581ba6/dfe3797/src/rt/location.rs:115:9:
Causality violation: Concurrent read and write accesses to `UnsafeCell`.

stack backtrace:
   0: __rustc::rust_begin_unwind
             at /rustc/b940084d7eb6a299eb4bfeb8e34901bc051e7ac4/library/std/src/panicking.rs:679:5
   1: core::panicking::panic_fmt
             at /rustc/b940084d7eb6a299eb4bfeb8e34901bc051e7ac4/library/core/src/panicking.rs:80:14
   2: <loom::rt::location::PanicBuilder>::fire
             at /home/gate/.cargo/git/checkouts/loom-906f299ec1581ba6/dfe3797/src/rt/location.rs:115:9
   3: <loom::rt::cell::State>::track_write
             at /home/gate/.cargo/git/checkouts/loom-906f299ec1581ba6/dfe3797/src/rt/cell.rs:145:14
   4: <loom::rt::cell::Cell>::start_write::{closure#0}
             at /home/gate/.cargo/git/checkouts/loom-906f299ec1581ba6/dfe3797/src/rt/cell.rs:80:19
   5: loom::rt::synchronize::<<loom::rt::cell::Cell>::start_write::{closure#0}, loom::rt::cell::Writing>::{closure#0}
             at /home/gate/.cargo/git/checkouts/loom-906f299ec1581ba6/dfe3797/src/rt/mod.rs:144:9
   6: <loom::rt::scheduler::Scheduler>::with_execution::<loom::rt::synchronize<<loom::rt::cell::Cell>::start_write::{closure#0}, loom::rt::cell::Writing>::{closure#0}, loom::rt::cell::Writing>::{closure#0}
             at /home/gate/.cargo/git/checkouts/loom-906f299ec1581ba6/dfe3797/src/rt/scheduler.rs:43:34
   7: <loom::rt::scheduler::Scheduler>::with_state::<<loom::rt::scheduler::Scheduler>::with_execution<loom::rt::synchronize<<loom::rt::cell::Cell>::start_write::{closure#0}, loom::rt::cell::Writing>::{closure#0}, loom::rt::cell::Writing>::{closure#0}, loom::rt::cell::Writing>::{closure#0}
             at /home/gate/.cargo/git/checkouts/loom-906f299ec1581ba6/dfe3797/src/rt/scheduler.rs:131:28
   8: <scoped_tls::ScopedKey<core::cell::RefCell<loom::rt::scheduler::State>>>::with::<<loom::rt::scheduler::Scheduler>::with_state<<loom::rt::scheduler::Scheduler>::with_execution<loom::rt::synchronize<<loom::rt::cell::Cell>::start_write::{closure#0}, loom::rt::cell::Writing>::{closure#0}, loom::rt::cell::Writing>::{closure#0}, loom::rt::cell::Writing>::{closure#0}, loom::rt::cell::Writing>
             at /home/gate/.cargo/registry/src/index.crates.io-1949cf8c6b5b557f/scoped-tls-1.0.1/src/lib.rs:171:13
   9: <loom::rt::scheduler::Scheduler>::with_state::<<loom::rt::scheduler::Scheduler>::with_execution<loom::rt::synchronize<<loom::rt::cell::Cell>::start_write::{closure#0}, loom::rt::cell::Writing>::{closure#0}, loom::rt::cell::Writing>::{closure#0}, loom::rt::cell::Writing>
             at /home/gate/.cargo/git/checkouts/loom-906f299ec1581ba6/dfe3797/src/rt/scheduler.rs:131:15
  10: <loom::rt::scheduler::Scheduler>::with_execution::<loom::rt::synchronize<<loom::rt::cell::Cell>::start_write::{closure#0}, loom::rt::cell::Writing>::{closure#0}, loom::rt::cell::Writing>
             at /home/gate/.cargo/git/checkouts/loom-906f299ec1581ba6/dfe3797/src/rt/scheduler.rs:43:9
  11: loom::rt::execution::<loom::rt::synchronize<<loom::rt::cell::Cell>::start_write::{closure#0}, loom::rt::cell::Writing>::{closure#0}, loom::rt::cell::Writing>
             at /home/gate/.cargo/git/checkouts/loom-906f299ec1581ba6/dfe3797/src/rt/mod.rs:174:5
  12: loom::rt::synchronize::<<loom::rt::cell::Cell>::start_write::{closure#0}, loom::rt::cell::Writing>
             at /home/gate/.cargo/git/checkouts/loom-906f299ec1581ba6/dfe3797/src/rt/mod.rs:141:5
  13: <loom::rt::cell::Cell>::start_write
             at /home/gate/.cargo/git/checkouts/loom-906f299ec1581ba6/dfe3797/src/rt/cell.rs:72:9
  14: <loom::cell::unsafe_cell::UnsafeCell<(u64, u64)>>::with_mut::<<log_ring::Ring as kernel_loom::log_ring::Slots>::write::{closure#0}, ()>
             at /home/gate/.cargo/git/checkouts/loom-906f299ec1581ba6/dfe3797/src/cell/unsafe_cell.rs:149:35
  15: <log_ring::Ring as kernel_loom::log_ring::Slots>::write
             at ./tests/log_ring.rs:84:27
  16: kernel_loom::log_ring::push_lane::<log_ring::Ring>
             at ./src/../../../toyos/src/log/ring.rs:136:10
  17: log_ring::a_lane_publishes_whole_and_reuses_only_after_a_read::{closure#0}
             at ./tests/log_ring.rs:202:22
  18: <loom::model::Builder>::check::<log_ring::a_lane_publishes_whole_and_reuses_only_after_a_read::{closure#0}>::{closure#0}
             at /home/gate/.cargo/git/checkouts/loom-906f299ec1581ba6/dfe3797/src/model.rs:194:17
  19: <<loom::model::Builder>::check<log_ring::a_lane_publishes_whole_and_reuses_only_after_a_read::{closure#0}>::{closure#0} as core::ops::function::FnOnce<()>>::call_once::{shim:vtable#0}
             at /rustc/b940084d7eb6a299eb4bfeb8e34901bc051e7ac4/library/core/src/ops/function.rs:250:5
  20: <alloc::boxed::Box<dyn core::ops::function::FnOnce<(), Output = ()>> as core::ops::function::FnOnce<()>>::call_once
             at /rustc/b940084d7eb6a299eb4bfeb8e34901bc051e7ac4/library/alloc/src/boxed.rs:2320:9
  21: loom::rt::scheduler::spawn_thread::{closure#0}
             at /home/gate/.cargo/git/checkouts/loom-906f299ec1581ba6/dfe3797/src/rt/scheduler.rs:142:17
  22: <loom::rt::scheduler::spawn_thread::{closure#0} as core::ops::function::FnOnce<()>>::call_once
             at /rustc/b940084d7eb6a299eb4bfeb8e34901bc051e7ac4/library/core/src/ops/function.rs:250:5
  23: <generator::gen_impl::GeneratorImpl<core::option::Option<alloc::boxed::Box<dyn core::ops::function::FnOnce<(), Output = ()>>>, ()>>::init_code::<loom::rt::scheduler::spawn_thread::{closure#0}>::{closure#0}
             at /home/gate/.cargo/registry/src/index.crates.io-1949cf8c6b5b557f/generator-0.8.9/src/gen_impl.rs:357:21
  24: <generator::stack::StackBox<<generator::gen_impl::GeneratorImpl<core::option::Option<alloc::boxed::Box<dyn core::ops::function::FnOnce<(), Output = ()>>>, ()>>::init_code<loom::rt::scheduler::spawn_thread::{closure#0}>::{closure#0}>>::call_once
             at /home/gate/.cargo/registry/src/index.crates.io-1949cf8c6b5b557f/generator-0.8.9/src/stack/mod.rs:137:13
  25: <generator::stack::Func>::call_once
             at /home/gate/.cargo/registry/src/index.crates.io-1949cf8c6b5b557f/generator-0.8.9/src/stack/mod.rs:119:9
  26: generator::detail::gen::gen_init_impl::{closure#0}
             at /home/gate/.cargo/registry/src/index.crates.io-1949cf8c6b5b557f/generator-0.8.9/src/detail/gen.rs:35:14
  27: <generator::detail::gen::gen_init_impl::{closure#0} as core::ops::function::FnOnce<()>>::call_once
             at /rustc/b940084d7eb6a299eb4bfeb8e34901bc051e7ac4/library/core/src/ops/function.rs:250:5
  28: std::panicking::catch_unwind::do_call::<generator::detail::gen::gen_init_impl::{closure#0}, ()>
             at /rustc/b940084d7eb6a299eb4bfeb8e34901bc051e7ac4/library/std/src/panicking.rs:576:43
  29: std::panicking::catch_unwind::<(), generator::detail::gen::gen_init_impl::{closure#0}>
             at /rustc/b940084d7eb6a299eb4bfeb8e34901bc051e7ac4/library/std/src/panicking.rs:544:19
  30: std::panic::catch_unwind::<generator::detail::gen::gen_init_impl::{closure#0}, ()>
             at /rustc/b940084d7eb6a299eb4bfeb8e34901bc051e7ac4/library/std/src/panic.rs:359:14
  31: generator::detail::gen::catch_unwind_filter::<generator::detail::gen::gen_init_impl::{closure#0}, ()>
             at /home/gate/.cargo/registry/src/index.crates.io-1949cf8c6b5b557f/generator-0.8.9/src/detail/gen.rs:23:5
  32: generator::detail::gen::gen_init_impl
             at /home/gate/.cargo/registry/src/index.crates.io-1949cf8c6b5b557f/generator-0.8.9/src/detail/gen.rs:50:25
  33: generator::detail::asm::gen_init
             at /home/gate/.cargo/registry/src/index.crates.io-1949cf8c6b5b557f/generator-0.8.9/src/detail/x86_64_unix.rs:8:5
note: Some details are omitted, run with `RUST_BACKTRACE=full` for a verbose backtrace.

---- a_published_record_is_whole_and_read_once stdout ----

thread 'a_published_record_is_whole_and_read_once' (11406) panicked at kernel/loom/tests/log_ring.rs:119:45:
assertion `left == right` failed
  left: Refused
 right: Written
stack backtrace:
   0: __rustc::rust_begin_unwind
             at /rustc/b940084d7eb6a299eb4bfeb8e34901bc051e7ac4/library/std/src/panicking.rs:679:5
   1: core::panicking::panic_fmt
             at /rustc/b940084d7eb6a299eb4bfeb8e34901bc051e7ac4/library/core/src/panicking.rs:80:14
   2: core::panicking::assert_failed_inner
             at /rustc/b940084d7eb6a299eb4bfeb8e34901bc051e7ac4/library/core/src/panicking.rs:452:17
   3: core::panicking::assert_failed::<kernel_loom::log_ring::Pushed, kernel_loom::log_ring::Pushed>
             at /rustc/b940084d7eb6a299eb4bfeb8e34901bc051e7ac4/library/core/src/panicking.rs:407:5
   4: log_ring::a_published_record_is_whole_and_read_once::{closure#0}::{closure#0}::{closure#0}
             at ./tests/log_ring.rs:119:45
   5: loom::thread::spawn_internal::<log_ring::a_published_record_is_whole_and_read_once::{closure#0}::{closure#0}::{closure#0}, ()>::{closure#0}
             at /home/gate/.cargo/git/checkouts/loom-906f299ec1581ba6/dfe3797/src/thread.rs:168:47
   6: loom::rt::spawn::<loom::thread::spawn_internal<log_ring::a_published_record_is_whole_and_read_once::{closure#0}::{closure#0}::{closure#0}, ()>::{closure#0}>::{closure#1}
             at /home/gate/.cargo/git/checkouts/loom-906f299ec1581ba6/dfe3797/src/rt/mod.rs:78:13
   7: <loom::rt::spawn<loom::thread::spawn_internal<log_ring::a_published_record_is_whole_and_read_once::{closure#0}::{closure#0}::{closure#0}, ()>::{closure#0}>::{closure#1} as core::ops::function::FnOnce<()>>::call_once::{shim:vtable#0}
             at /rustc/b940084d7eb6a299eb4bfeb8e34901bc051e7ac4/library/core/src/ops/function.rs:250:5
   8: <alloc::boxed::Box<dyn core::ops::function::FnOnce<(), Output = ()>> as core::ops::function::FnOnce<()>>::call_once
             at /rustc/b940084d7eb6a299eb4bfeb8e34901bc051e7ac4/library/alloc/src/boxed.rs:2320:9
   9: loom::rt::scheduler::spawn_thread::{closure#0}
             at /home/gate/.cargo/git/checkouts/loom-906f299ec1581ba6/dfe3797/src/rt/scheduler.rs:142:17
  10: <loom::rt::scheduler::spawn_thread::{closure#0} as core::ops::function::FnOnce<()>>::call_once
             at /rustc/b940084d7eb6a299eb4bfeb8e34901bc051e7ac4/library/core/src/ops/function.rs:250:5
  11: <generator::gen_impl::GeneratorImpl<core::option::Option<alloc::boxed::Box<dyn core::ops::function::FnOnce<(), Output = ()>>>, ()>>::init_code::<loom::rt::scheduler::spawn_thread::{closure#0}>::{closure#0}
             at /home/gate/.cargo/registry/src/index.crates.io-1949cf8c6b5b557f/generator-0.8.9/src/gen_impl.rs:357:21
  12: <generator::stack::StackBox<<generator::gen_impl::GeneratorImpl<core::option::Option<alloc::boxed::Box<dyn core::ops::function::FnOnce<(), Output = ()>>>, ()>>::init_code<loom::rt::scheduler::spawn_thread::{closure#0}>::{closure#0}>>::call_once
             at /home/gate/.cargo/registry/src/index.crates.io-1949cf8c6b5b557f/generator-0.8.9/src/stack/mod.rs:137:13
  13: <generator::stack::Func>::call_once
             at /home/gate/.cargo/registry/src/index.crates.io-1949cf8c6b5b557f/generator-0.8.9/src/stack/mod.rs:119:9
  14: generator::detail::gen::gen_init_impl::{closure#0}
             at /home/gate/.cargo/registry/src/index.crates.io-1949cf8c6b5b557f/generator-0.8.9/src/detail/gen.rs:35:14
  15: <generator::detail::gen::gen_init_impl::{closure#0} as core::ops::function::FnOnce<()>>::call_once
             at /rustc/b940084d7eb6a299eb4bfeb8e34901bc051e7ac4/library/core/src/ops/function.rs:250:5
  16: std::panicking::catch_unwind::do_call::<generator::detail::gen::gen_init_impl::{closure#0}, ()>
             at /rustc/b940084d7eb6a299eb4bfeb8e34901bc051e7ac4/library/std/src/panicking.rs:576:43
  17: std::panicking::catch_unwind::<(), generator::detail::gen::gen_init_impl::{closure#0}>
             at /rustc/b940084d7eb6a299eb4bfeb8e34901bc051e7ac4/library/std/src/panicking.rs:544:19
  18: std::panic::catch_unwind::<generator::detail::gen::gen_init_impl::{closure#0}, ()>
             at /rustc/b940084d7eb6a299eb4bfeb8e34901bc051e7ac4/library/std/src/panic.rs:359:14
  19: generator::detail::gen::catch_unwind_filter::<generator::detail::gen::gen_init_impl::{closure#0}, ()>
             at /home/gate/.cargo/registry/src/index.crates.io-1949cf8c6b5b557f/generator-0.8.9/src/detail/gen.rs:23:5
  20: generator::detail::gen::gen_init_impl
             at /home/gate/.cargo/registry/src/index.crates.io-1949cf8c6b5b557f/generator-0.8.9/src/detail/gen.rs:50:25
  21: generator::detail::asm::gen_init
             at /home/gate/.cargo/registry/src/index.crates.io-1949cf8c6b5b557f/generator-0.8.9/src/detail/x86_64_unix.rs:8:5
note: Some details are omitted, run with `RUST_BACKTRACE=full` for a verbose backtrace.


failures:
    a_lane_publishes_whole_and_reuses_only_after_a_read
    a_published_record_is_whole_and_read_once
    a_slot_is_reused_only_after_its_record_was_read

test result: FAILED. 0 passed; 3 failed; 0 ignored; 0 measured; 0 filtered out; finished in 0.06s

error: test failed, to rerun pass `-p kernel-loom --test log_ring`
11:26:29 [ci] control `log-ring-tail-relaxed`: 3 verdict(s) reached

11:26:29 === [ci] control `log-ring-loads-swapped`
   Compiling kernel-loom v0.1.0 (/home/user/toyos-sessionshares/kernel/loom)
    Finished `test` profile [optimized + debuginfo] target(s) in 3.46s
     Running tests/log_ring.rs (target/debug/deps/log_ring-8e42f76bddac3bb3)

running 1 test
test a_published_record_is_whole_and_read_once ... FAILED

failures:

---- a_published_record_is_whole_and_read_once stdout ----

thread 'a_published_record_is_whole_and_read_once' (11741) panicked at kernel/loom/tests/log_ring.rs:119:45:
assertion `left == right` failed
  left: Refused
 right: Written
stack backtrace:
   0: __rustc::rust_begin_unwind
             at /rustc/b940084d7eb6a299eb4bfeb8e34901bc051e7ac4/library/std/src/panicking.rs:679:5
   1: core::panicking::panic_fmt
             at /rustc/b940084d7eb6a299eb4bfeb8e34901bc051e7ac4/library/core/src/panicking.rs:80:14
   2: core::panicking::assert_failed_inner
             at /rustc/b940084d7eb6a299eb4bfeb8e34901bc051e7ac4/library/core/src/panicking.rs:452:17
   3: core::panicking::assert_failed::<kernel_loom::log_ring::Pushed, kernel_loom::log_ring::Pushed>
             at /rustc/b940084d7eb6a299eb4bfeb8e34901bc051e7ac4/library/core/src/panicking.rs:407:5
   4: log_ring::a_published_record_is_whole_and_read_once::{closure#0}::{closure#0}::{closure#0}
             at ./tests/log_ring.rs:119:45
   5: loom::thread::spawn_internal::<log_ring::a_published_record_is_whole_and_read_once::{closure#0}::{closure#0}::{closure#0}, ()>::{closure#0}
             at /home/gate/.cargo/git/checkouts/loom-906f299ec1581ba6/dfe3797/src/thread.rs:168:47
   6: loom::rt::spawn::<loom::thread::spawn_internal<log_ring::a_published_record_is_whole_and_read_once::{closure#0}::{closure#0}::{closure#0}, ()>::{closure#0}>::{closure#1}
             at /home/gate/.cargo/git/checkouts/loom-906f299ec1581ba6/dfe3797/src/rt/mod.rs:78:13
   7: <loom::rt::spawn<loom::thread::spawn_internal<log_ring::a_published_record_is_whole_and_read_once::{closure#0}::{closure#0}::{closure#0}, ()>::{closure#0}>::{closure#1} as core::ops::function::FnOnce<()>>::call_once::{shim:vtable#0}
             at /rustc/b940084d7eb6a299eb4bfeb8e34901bc051e7ac4/library/core/src/ops/function.rs:250:5
   8: <alloc::boxed::Box<dyn core::ops::function::FnOnce<(), Output = ()>> as core::ops::function::FnOnce<()>>::call_once
             at /rustc/b940084d7eb6a299eb4bfeb8e34901bc051e7ac4/library/alloc/src/boxed.rs:2320:9
   9: loom::rt::scheduler::spawn_thread::{closure#0}
             at /home/gate/.cargo/git/checkouts/loom-906f299ec1581ba6/dfe3797/src/rt/scheduler.rs:142:17
  10: <loom::rt::scheduler::spawn_thread::{closure#0} as core::ops::function::FnOnce<()>>::call_once
             at /rustc/b940084d7eb6a299eb4bfeb8e34901bc051e7ac4/library/core/src/ops/function.rs:250:5
  11: <generator::gen_impl::GeneratorImpl<core::option::Option<alloc::boxed::Box<dyn core::ops::function::FnOnce<(), Output = ()>>>, ()>>::init_code::<loom::rt::scheduler::spawn_thread::{closure#0}>::{closure#0}
             at /home/gate/.cargo/registry/src/index.crates.io-1949cf8c6b5b557f/generator-0.8.9/src/gen_impl.rs:357:21
  12: <generator::stack::StackBox<<generator::gen_impl::GeneratorImpl<core::option::Option<alloc::boxed::Box<dyn core::ops::function::FnOnce<(), Output = ()>>>, ()>>::init_code<loom::rt::scheduler::spawn_thread::{closure#0}>::{closure#0}>>::call_once
             at /home/gate/.cargo/registry/src/index.crates.io-1949cf8c6b5b557f/generator-0.8.9/src/stack/mod.rs:137:13
  13: <generator::stack::Func>::call_once
             at /home/gate/.cargo/registry/src/index.crates.io-1949cf8c6b5b557f/generator-0.8.9/src/stack/mod.rs:119:9
  14: generator::detail::gen::gen_init_impl::{closure#0}
             at /home/gate/.cargo/registry/src/index.crates.io-1949cf8c6b5b557f/generator-0.8.9/src/detail/gen.rs:35:14
  15: <generator::detail::gen::gen_init_impl::{closure#0} as core::ops::function::FnOnce<()>>::call_once
             at /rustc/b940084d7eb6a299eb4bfeb8e34901bc051e7ac4/library/core/src/ops/function.rs:250:5
  16: std::panicking::catch_unwind::do_call::<generator::detail::gen::gen_init_impl::{closure#0}, ()>
             at /rustc/b940084d7eb6a299eb4bfeb8e34901bc051e7ac4/library/std/src/panicking.rs:576:43
  17: std::panicking::catch_unwind::<(), generator::detail::gen::gen_init_impl::{closure#0}>
             at /rustc/b940084d7eb6a299eb4bfeb8e34901bc051e7ac4/library/std/src/panicking.rs:544:19
  18: std::panic::catch_unwind::<generator::detail::gen::gen_init_impl::{closure#0}, ()>
             at /rustc/b940084d7eb6a299eb4bfeb8e34901bc051e7ac4/library/std/src/panic.rs:359:14
  19: generator::detail::gen::catch_unwind_filter::<generator::detail::gen::gen_init_impl::{closure#0}, ()>
             at /home/gate/.cargo/registry/src/index.crates.io-1949cf8c6b5b557f/generator-0.8.9/src/detail/gen.rs:23:5
  20: generator::detail::gen::gen_init_impl
             at /home/gate/.cargo/registry/src/index.crates.io-1949cf8c6b5b557f/generator-0.8.9/src/detail/gen.rs:50:25
  21: generator::detail::asm::gen_init
             at /home/gate/.cargo/registry/src/index.crates.io-1949cf8c6b5b557f/generator-0.8.9/src/detail/x86_64_unix.rs:8:5
note: Some details are omitted, run with `RUST_BACKTRACE=full` for a verbose backtrace.


failures:
    a_published_record_is_whole_and_read_once

test result: FAILED. 0 passed; 1 failed; 0 ignored; 0 measured; 2 filtered out; finished in 0.04s

error: test failed, to rerun pass `-p kernel-loom --test log_ring`
11:26:32 [ci] control `log-ring-loads-swapped`: 1 verdict(s) reached

11:26:32 === [ci] control `post-is-an-answer`
   Compiling kernel-loom v0.1.0 (/home/user/toyos-sessionshares/kernel/loom)
    Finished `test` profile [optimized + debuginfo] target(s) in 3.54s
     Running tests/inbox_answer.rs (target/debug/deps/inbox_answer-c59c2c9c656fccc0)

running 3 tests
test a_post_that_lands_after_its_bytes_were_read_answers_nothing ... FAILED
test a_post_with_nothing_to_read_answers_nothing ... FAILED
test a_poll_armed_again_does_not_end_the_look ... FAILED

failures:

---- a_post_that_lands_after_its_bytes_were_read_answers_nothing stdout ----

thread 'a_post_that_lands_after_its_bytes_were_read_answers_nothing' (12057) panicked at kernel/loom/tests/inbox_answer.rs:276:9:
assertion `left == right` failed: the payload's late post was answered
  left: [(7, 1)]
 right: []
stack backtrace:
   0: __rustc::rust_begin_unwind
             at /rustc/b940084d7eb6a299eb4bfeb8e34901bc051e7ac4/library/std/src/panicking.rs:679:5
   1: core::panicking::panic_fmt
             at /rustc/b940084d7eb6a299eb4bfeb8e34901bc051e7ac4/library/core/src/panicking.rs:80:14
   2: core::panicking::assert_failed_inner
             at /rustc/b940084d7eb6a299eb4bfeb8e34901bc051e7ac4/library/core/src/panicking.rs:447:23
   3: core::panicking::assert_failed::<alloc::vec::Vec<(u64, i32)>, [(u64, i32); 0]>
             at /rustc/b940084d7eb6a299eb4bfeb8e34901bc051e7ac4/library/core/src/panicking.rs:407:5
   4: inbox_answer::a_post_that_lands_after_its_bytes_were_read_answers_nothing::{closure#0}
             at ./tests/inbox_answer.rs:276:9
   5: <loom::model::Builder>::check::<inbox_answer::a_post_that_lands_after_its_bytes_were_read_answers_nothing::{closure#0}>::{closure#0}
             at /home/gate/.cargo/git/checkouts/loom-906f299ec1581ba6/dfe3797/src/model.rs:194:17
   6: <<loom::model::Builder>::check<inbox_answer::a_post_that_lands_after_its_bytes_were_read_answers_nothing::{closure#0}>::{closure#0} as core::ops::function::FnOnce<()>>::call_once::{shim:vtable#0}
             at /rustc/b940084d7eb6a299eb4bfeb8e34901bc051e7ac4/library/core/src/ops/function.rs:250:5
   7: <alloc::boxed::Box<dyn core::ops::function::FnOnce<(), Output = ()>> as core::ops::function::FnOnce<()>>::call_once
             at /rustc/b940084d7eb6a299eb4bfeb8e34901bc051e7ac4/library/alloc/src/boxed.rs:2320:9
   8: loom::rt::scheduler::spawn_thread::{closure#0}
             at /home/gate/.cargo/git/checkouts/loom-906f299ec1581ba6/dfe3797/src/rt/scheduler.rs:142:17
   9: <loom::rt::scheduler::spawn_thread::{closure#0} as core::ops::function::FnOnce<()>>::call_once
             at /rustc/b940084d7eb6a299eb4bfeb8e34901bc051e7ac4/library/core/src/ops/function.rs:250:5
  10: <generator::gen_impl::GeneratorImpl<core::option::Option<alloc::boxed::Box<dyn core::ops::function::FnOnce<(), Output = ()>>>, ()>>::init_code::<loom::rt::scheduler::spawn_thread::{closure#0}>::{closure#0}
             at /home/gate/.cargo/registry/src/index.crates.io-1949cf8c6b5b557f/generator-0.8.9/src/gen_impl.rs:357:21
  11: <generator::stack::StackBox<<generator::gen_impl::GeneratorImpl<core::option::Option<alloc::boxed::Box<dyn core::ops::function::FnOnce<(), Output = ()>>>, ()>>::init_code<loom::rt::scheduler::spawn_thread::{closure#0}>::{closure#0}>>::call_once
             at /home/gate/.cargo/registry/src/index.crates.io-1949cf8c6b5b557f/generator-0.8.9/src/stack/mod.rs:137:13
  12: <generator::stack::Func>::call_once
             at /home/gate/.cargo/registry/src/index.crates.io-1949cf8c6b5b557f/generator-0.8.9/src/stack/mod.rs:119:9
  13: generator::detail::gen::gen_init_impl::{closure#0}
             at /home/gate/.cargo/registry/src/index.crates.io-1949cf8c6b5b557f/generator-0.8.9/src/detail/gen.rs:35:14
  14: <generator::detail::gen::gen_init_impl::{closure#0} as core::ops::function::FnOnce<()>>::call_once
             at /rustc/b940084d7eb6a299eb4bfeb8e34901bc051e7ac4/library/core/src/ops/function.rs:250:5
  15: std::panicking::catch_unwind::do_call::<generator::detail::gen::gen_init_impl::{closure#0}, ()>
             at /rustc/b940084d7eb6a299eb4bfeb8e34901bc051e7ac4/library/std/src/panicking.rs:576:43
  16: std::panicking::catch_unwind::<(), generator::detail::gen::gen_init_impl::{closure#0}>
             at /rustc/b940084d7eb6a299eb4bfeb8e34901bc051e7ac4/library/std/src/panicking.rs:544:19
  17: std::panic::catch_unwind::<generator::detail::gen::gen_init_impl::{closure#0}, ()>
             at /rustc/b940084d7eb6a299eb4bfeb8e34901bc051e7ac4/library/std/src/panic.rs:359:14
  18: generator::detail::gen::catch_unwind_filter::<generator::detail::gen::gen_init_impl::{closure#0}, ()>
             at /home/gate/.cargo/registry/src/index.crates.io-1949cf8c6b5b557f/generator-0.8.9/src/detail/gen.rs:23:5
  19: generator::detail::gen::gen_init_impl
             at /home/gate/.cargo/registry/src/index.crates.io-1949cf8c6b5b557f/generator-0.8.9/src/detail/gen.rs:50:25
  20: generator::detail::asm::gen_init
             at /home/gate/.cargo/registry/src/index.crates.io-1949cf8c6b5b557f/generator-0.8.9/src/detail/x86_64_unix.rs:8:5
note: Some details are omitted, run with `RUST_BACKTRACE=full` for a verbose backtrace.

---- a_post_with_nothing_to_read_answers_nothing stdout ----

thread 'a_post_with_nothing_to_read_answers_nothing' (12058) panicked at kernel/loom/tests/inbox_answer.rs:247:9:
assertion `left == right` failed: a post with nothing behind it was answered
  left: [(7, 1)]
 right: []
stack backtrace:
   0: __rustc::rust_begin_unwind
             at /rustc/b940084d7eb6a299eb4bfeb8e34901bc051e7ac4/library/std/src/panicking.rs:679:5
   1: core::panicking::panic_fmt
             at /rustc/b940084d7eb6a299eb4bfeb8e34901bc051e7ac4/library/core/src/panicking.rs:80:14
   2: core::panicking::assert_failed_inner
             at /rustc/b940084d7eb6a299eb4bfeb8e34901bc051e7ac4/library/core/src/panicking.rs:447:23
   3: core::panicking::assert_failed::<alloc::vec::Vec<(u64, i32)>, [(u64, i32); 0]>
             at /rustc/b940084d7eb6a299eb4bfeb8e34901bc051e7ac4/library/core/src/panicking.rs:407:5
   4: inbox_answer::a_post_with_nothing_to_read_answers_nothing::{closure#0}
             at ./tests/inbox_answer.rs:247:9
   5: <loom::model::Builder>::check::<inbox_answer::a_post_with_nothing_to_read_answers_nothing::{closure#0}>::{closure#0}
             at /home/gate/.cargo/git/checkouts/loom-906f299ec1581ba6/dfe3797/src/model.rs:194:17
   6: <<loom::model::Builder>::check<inbox_answer::a_post_with_nothing_to_read_answers_nothing::{closure#0}>::{closure#0} as core::ops::function::FnOnce<()>>::call_once::{shim:vtable#0}
             at /rustc/b940084d7eb6a299eb4bfeb8e34901bc051e7ac4/library/core/src/ops/function.rs:250:5
   7: <alloc::boxed::Box<dyn core::ops::function::FnOnce<(), Output = ()>> as core::ops::function::FnOnce<()>>::call_once
             at /rustc/b940084d7eb6a299eb4bfeb8e34901bc051e7ac4/library/alloc/src/boxed.rs:2320:9
   8: loom::rt::scheduler::spawn_thread::{closure#0}
             at /home/gate/.cargo/git/checkouts/loom-906f299ec1581ba6/dfe3797/src/rt/scheduler.rs:142:17
   9: <loom::rt::scheduler::spawn_thread::{closure#0} as core::ops::function::FnOnce<()>>::call_once
             at /rustc/b940084d7eb6a299eb4bfeb8e34901bc051e7ac4/library/core/src/ops/function.rs:250:5
  10: <generator::gen_impl::GeneratorImpl<core::option::Option<alloc::boxed::Box<dyn core::ops::function::FnOnce<(), Output = ()>>>, ()>>::init_code::<loom::rt::scheduler::spawn_thread::{closure#0}>::{closure#0}
             at /home/gate/.cargo/registry/src/index.crates.io-1949cf8c6b5b557f/generator-0.8.9/src/gen_impl.rs:357:21
  11: <generator::stack::StackBox<<generator::gen_impl::GeneratorImpl<core::option::Option<alloc::boxed::Box<dyn core::ops::function::FnOnce<(), Output = ()>>>, ()>>::init_code<loom::rt::scheduler::spawn_thread::{closure#0}>::{closure#0}>>::call_once
             at /home/gate/.cargo/registry/src/index.crates.io-1949cf8c6b5b557f/generator-0.8.9/src/stack/mod.rs:137:13
  12: <generator::stack::Func>::call_once
             at /home/gate/.cargo/registry/src/index.crates.io-1949cf8c6b5b557f/generator-0.8.9/src/stack/mod.rs:119:9
  13: generator::detail::gen::gen_init_impl::{closure#0}
             at /home/gate/.cargo/registry/src/index.crates.io-1949cf8c6b5b557f/generator-0.8.9/src/detail/gen.rs:35:14
  14: <generator::detail::gen::gen_init_impl::{closure#0} as core::ops::function::FnOnce<()>>::call_once
             at /rustc/b940084d7eb6a299eb4bfeb8e34901bc051e7ac4/library/core/src/ops/function.rs:250:5
  15: std::panicking::catch_unwind::do_call::<generator::detail::gen::gen_init_impl::{closure#0}, ()>
             at /rustc/b940084d7eb6a299eb4bfeb8e34901bc051e7ac4/library/std/src/panicking.rs:576:43
  16: std::panicking::catch_unwind::<(), generator::detail::gen::gen_init_impl::{closure#0}>
             at /rustc/b940084d7eb6a299eb4bfeb8e34901bc051e7ac4/library/std/src/panicking.rs:544:19
  17: std::panic::catch_unwind::<generator::detail::gen::gen_init_impl::{closure#0}, ()>
             at /rustc/b940084d7eb6a299eb4bfeb8e34901bc051e7ac4/library/std/src/panic.rs:359:14
  18: generator::detail::gen::catch_unwind_filter::<generator::detail::gen::gen_init_impl::{closure#0}, ()>
             at /home/gate/.cargo/registry/src/index.crates.io-1949cf8c6b5b557f/generator-0.8.9/src/detail/gen.rs:23:5
  19: generator::detail::gen::gen_init_impl
             at /home/gate/.cargo/registry/src/index.crates.io-1949cf8c6b5b557f/generator-0.8.9/src/detail/gen.rs:50:25
  20: generator::detail::asm::gen_init
             at /home/gate/.cargo/registry/src/index.crates.io-1949cf8c6b5b557f/generator-0.8.9/src/detail/x86_64_unix.rs:8:5
note: Some details are omitted, run with `RUST_BACKTRACE=full` for a verbose backtrace.

---- a_poll_armed_again_does_not_end_the_look stdout ----

thread 'a_poll_armed_again_does_not_end_the_look' (12056) panicked at kernel/loom/tests/inbox_answer.rs:310:9:
assertion `left == right` failed
  left: [(3, 1), (4, 1)]
 right: [(4, 1)]
stack backtrace:
   0: __rustc::rust_begin_unwind
             at /rustc/b940084d7eb6a299eb4bfeb8e34901bc051e7ac4/library/std/src/panicking.rs:679:5
   1: core::panicking::panic_fmt
             at /rustc/b940084d7eb6a299eb4bfeb8e34901bc051e7ac4/library/core/src/panicking.rs:80:14
   2: core::panicking::assert_failed_inner
             at /rustc/b940084d7eb6a299eb4bfeb8e34901bc051e7ac4/library/core/src/panicking.rs:452:17
   3: core::panicking::assert_failed::<alloc::vec::Vec<(u64, i32)>, [(u64, i32); 1]>
             at /rustc/b940084d7eb6a299eb4bfeb8e34901bc051e7ac4/library/core/src/panicking.rs:407:5
   4: inbox_answer::a_poll_armed_again_does_not_end_the_look::{closure#0}
             at ./tests/inbox_answer.rs:310:9
   5: <loom::model::Builder>::check::<inbox_answer::a_poll_armed_again_does_not_end_the_look::{closure#0}>::{closure#0}
             at /home/gate/.cargo/git/checkouts/loom-906f299ec1581ba6/dfe3797/src/model.rs:194:17
   6: <<loom::model::Builder>::check<inbox_answer::a_poll_armed_again_does_not_end_the_look::{closure#0}>::{closure#0} as core::ops::function::FnOnce<()>>::call_once::{shim:vtable#0}
             at /rustc/b940084d7eb6a299eb4bfeb8e34901bc051e7ac4/library/core/src/ops/function.rs:250:5
   7: <alloc::boxed::Box<dyn core::ops::function::FnOnce<(), Output = ()>> as core::ops::function::FnOnce<()>>::call_once
             at /rustc/b940084d7eb6a299eb4bfeb8e34901bc051e7ac4/library/alloc/src/boxed.rs:2320:9
   8: loom::rt::scheduler::spawn_thread::{closure#0}
             at /home/gate/.cargo/git/checkouts/loom-906f299ec1581ba6/dfe3797/src/rt/scheduler.rs:142:17
   9: <loom::rt::scheduler::spawn_thread::{closure#0} as core::ops::function::FnOnce<()>>::call_once
             at /rustc/b940084d7eb6a299eb4bfeb8e34901bc051e7ac4/library/core/src/ops/function.rs:250:5
  10: <generator::gen_impl::GeneratorImpl<core::option::Option<alloc::boxed::Box<dyn core::ops::function::FnOnce<(), Output = ()>>>, ()>>::init_code::<loom::rt::scheduler::spawn_thread::{closure#0}>::{closure#0}
             at /home/gate/.cargo/registry/src/index.crates.io-1949cf8c6b5b557f/generator-0.8.9/src/gen_impl.rs:357:21
  11: <generator::stack::StackBox<<generator::gen_impl::GeneratorImpl<core::option::Option<alloc::boxed::Box<dyn core::ops::function::FnOnce<(), Output = ()>>>, ()>>::init_code<loom::rt::scheduler::spawn_thread::{closure#0}>::{closure#0}>>::call_once
             at /home/gate/.cargo/registry/src/index.crates.io-1949cf8c6b5b557f/generator-0.8.9/src/stack/mod.rs:137:13
  12: <generator::stack::Func>::call_once
             at /home/gate/.cargo/registry/src/index.crates.io-1949cf8c6b5b557f/generator-0.8.9/src/stack/mod.rs:119:9
  13: generator::detail::gen::gen_init_impl::{closure#0}
             at /home/gate/.cargo/registry/src/index.crates.io-1949cf8c6b5b557f/generator-0.8.9/src/detail/gen.rs:35:14
  14: <generator::detail::gen::gen_init_impl::{closure#0} as core::ops::function::FnOnce<()>>::call_once
             at /rustc/b940084d7eb6a299eb4bfeb8e34901bc051e7ac4/library/core/src/ops/function.rs:250:5
  15: std::panicking::catch_unwind::do_call::<generator::detail::gen::gen_init_impl::{closure#0}, ()>
             at /rustc/b940084d7eb6a299eb4bfeb8e34901bc051e7ac4/library/std/src/panicking.rs:576:43
  16: std::panicking::catch_unwind::<(), generator::detail::gen::gen_init_impl::{closure#0}>
             at /rustc/b940084d7eb6a299eb4bfeb8e34901bc051e7ac4/library/std/src/panicking.rs:544:19
  17: std::panic::catch_unwind::<generator::detail::gen::gen_init_impl::{closure#0}, ()>
             at /rustc/b940084d7eb6a299eb4bfeb8e34901bc051e7ac4/library/std/src/panic.rs:359:14
  18: generator::detail::gen::catch_unwind_filter::<generator::detail::gen::gen_init_impl::{closure#0}, ()>
             at /home/gate/.cargo/registry/src/index.crates.io-1949cf8c6b5b557f/generator-0.8.9/src/detail/gen.rs:23:5
  19: generator::detail::gen::gen_init_impl
             at /home/gate/.cargo/registry/src/index.crates.io-1949cf8c6b5b557f/generator-0.8.9/src/detail/gen.rs:50:25
  20: generator::detail::asm::gen_init
             at /home/gate/.cargo/registry/src/index.crates.io-1949cf8c6b5b557f/generator-0.8.9/src/detail/x86_64_unix.rs:8:5
note: Some details are omitted, run with `RUST_BACKTRACE=full` for a verbose backtrace.


failures:
    a_poll_armed_again_does_not_end_the_look
    a_post_that_lands_after_its_bytes_were_read_answers_nothing
    a_post_with_nothing_to_read_answers_nothing

test result: FAILED. 0 passed; 3 failed; 0 ignored; 0 measured; 13 filtered out; finished in 0.04s

error: test failed, to rerun pass `-p kernel-loom --test inbox_answer`
11:26:36 [ci] control `post-is-an-answer`: 3 verdict(s) reached

11:26:36 === [ci] control `poll-fire-load-store`
   Compiling kernel-loom v0.1.0 (/home/user/toyos-sessionshares/kernel/loom)
    Finished `test` profile [optimized + debuginfo] target(s) in 3.19s
     Running tests/poll_once.rs (target/debug/deps/poll_once-baf2a1777137cccf)

running 2 tests
test a_withdrawal_and_a_post_never_both_take_a_poll ... FAILED
test a_post_and_a_recheck_answer_a_poll_once ... FAILED

failures:

---- a_withdrawal_and_a_post_never_both_take_a_poll stdout ----

thread 'a_withdrawal_and_a_post_never_both_take_a_poll' (12377) panicked at kernel/loom/tests/poll_once.rs:72:9:
answered=true withdrawn=true
stack backtrace:
   0: __rustc::rust_begin_unwind
             at /rustc/b940084d7eb6a299eb4bfeb8e34901bc051e7ac4/library/std/src/panicking.rs:679:5
   1: core::panicking::panic_fmt
             at /rustc/b940084d7eb6a299eb4bfeb8e34901bc051e7ac4/library/core/src/panicking.rs:80:14
   2: poll_once::a_withdrawal_and_a_post_never_both_take_a_poll::{closure#0}
             at ./tests/poll_once.rs:72:9
   3: <loom::model::Builder>::check::<poll_once::a_withdrawal_and_a_post_never_both_take_a_poll::{closure#0}>::{closure#0}
             at /home/gate/.cargo/git/checkouts/loom-906f299ec1581ba6/dfe3797/src/model.rs:194:17
   4: <<loom::model::Builder>::check<poll_once::a_withdrawal_and_a_post_never_both_take_a_poll::{closure#0}>::{closure#0} as core::ops::function::FnOnce<()>>::call_once::{shim:vtable#0}
             at /rustc/b940084d7eb6a299eb4bfeb8e34901bc051e7ac4/library/core/src/ops/function.rs:250:5
   5: <alloc::boxed::Box<dyn core::ops::function::FnOnce<(), Output = ()>> as core::ops::function::FnOnce<()>>::call_once
             at /rustc/b940084d7eb6a299eb4bfeb8e34901bc051e7ac4/library/alloc/src/boxed.rs:2320:9
   6: loom::rt::scheduler::spawn_thread::{closure#0}
             at /home/gate/.cargo/git/checkouts/loom-906f299ec1581ba6/dfe3797/src/rt/scheduler.rs:142:17
   7: <loom::rt::scheduler::spawn_thread::{closure#0} as core::ops::function::FnOnce<()>>::call_once
             at /rustc/b940084d7eb6a299eb4bfeb8e34901bc051e7ac4/library/core/src/ops/function.rs:250:5
   8: <generator::gen_impl::GeneratorImpl<core::option::Option<alloc::boxed::Box<dyn core::ops::function::FnOnce<(), Output = ()>>>, ()>>::init_code::<loom::rt::scheduler::spawn_thread::{closure#0}>::{closure#0}
             at /home/gate/.cargo/registry/src/index.crates.io-1949cf8c6b5b557f/generator-0.8.9/src/gen_impl.rs:357:21
   9: <generator::stack::StackBox<<generator::gen_impl::GeneratorImpl<core::option::Option<alloc::boxed::Box<dyn core::ops::function::FnOnce<(), Output = ()>>>, ()>>::init_code<loom::rt::scheduler::spawn_thread::{closure#0}>::{closure#0}>>::call_once
             at /home/gate/.cargo/registry/src/index.crates.io-1949cf8c6b5b557f/generator-0.8.9/src/stack/mod.rs:137:13
  10: <generator::stack::Func>::call_once
             at /home/gate/.cargo/registry/src/index.crates.io-1949cf8c6b5b557f/generator-0.8.9/src/stack/mod.rs:119:9
  11: generator::detail::gen::gen_init_impl::{closure#0}
             at /home/gate/.cargo/registry/src/index.crates.io-1949cf8c6b5b557f/generator-0.8.9/src/detail/gen.rs:35:14
  12: <generator::detail::gen::gen_init_impl::{closure#0} as core::ops::function::FnOnce<()>>::call_once
             at /rustc/b940084d7eb6a299eb4bfeb8e34901bc051e7ac4/library/core/src/ops/function.rs:250:5
  13: std::panicking::catch_unwind::do_call::<generator::detail::gen::gen_init_impl::{closure#0}, ()>
             at /rustc/b940084d7eb6a299eb4bfeb8e34901bc051e7ac4/library/std/src/panicking.rs:576:43
  14: std::panicking::catch_unwind::<(), generator::detail::gen::gen_init_impl::{closure#0}>
             at /rustc/b940084d7eb6a299eb4bfeb8e34901bc051e7ac4/library/std/src/panicking.rs:544:19
  15: std::panic::catch_unwind::<generator::detail::gen::gen_init_impl::{closure#0}, ()>
             at /rustc/b940084d7eb6a299eb4bfeb8e34901bc051e7ac4/library/std/src/panic.rs:359:14
  16: generator::detail::gen::catch_unwind_filter::<generator::detail::gen::gen_init_impl::{closure#0}, ()>
             at /home/gate/.cargo/registry/src/index.crates.io-1949cf8c6b5b557f/generator-0.8.9/src/detail/gen.rs:23:5
  17: generator::detail::gen::gen_init_impl
             at /home/gate/.cargo/registry/src/index.crates.io-1949cf8c6b5b557f/generator-0.8.9/src/detail/gen.rs:50:25
  18: generator::detail::asm::gen_init
             at /home/gate/.cargo/registry/src/index.crates.io-1949cf8c6b5b557f/generator-0.8.9/src/detail/x86_64_unix.rs:8:5
note: Some details are omitted, run with `RUST_BACKTRACE=full` for a verbose backtrace.

---- a_post_and_a_recheck_answer_a_poll_once stdout ----

thread 'a_post_and_a_recheck_answer_a_poll_once' (12376) panicked at kernel/loom/tests/poll_once.rs:49:9:
assertion `left == right` failed: a ready poll is answered exactly once
  left: 2
 right: 1
stack backtrace:
   0: __rustc::rust_begin_unwind
             at /rustc/b940084d7eb6a299eb4bfeb8e34901bc051e7ac4/library/std/src/panicking.rs:679:5
   1: core::panicking::panic_fmt
             at /rustc/b940084d7eb6a299eb4bfeb8e34901bc051e7ac4/library/core/src/panicking.rs:80:14
   2: core::panicking::assert_failed_inner
             at /rustc/b940084d7eb6a299eb4bfeb8e34901bc051e7ac4/library/core/src/panicking.rs:447:23
   3: core::panicking::assert_failed::<u32, u32>
             at /rustc/b940084d7eb6a299eb4bfeb8e34901bc051e7ac4/library/core/src/panicking.rs:407:5
   4: poll_once::a_post_and_a_recheck_answer_a_poll_once::{closure#0}
             at ./tests/poll_once.rs:49:9
   5: <loom::model::Builder>::check::<poll_once::a_post_and_a_recheck_answer_a_poll_once::{closure#0}>::{closure#0}
             at /home/gate/.cargo/git/checkouts/loom-906f299ec1581ba6/dfe3797/src/model.rs:194:17
   6: <<loom::model::Builder>::check<poll_once::a_post_and_a_recheck_answer_a_poll_once::{closure#0}>::{closure#0} as core::ops::function::FnOnce<()>>::call_once::{shim:vtable#0}
             at /rustc/b940084d7eb6a299eb4bfeb8e34901bc051e7ac4/library/core/src/ops/function.rs:250:5
   7: <alloc::boxed::Box<dyn core::ops::function::FnOnce<(), Output = ()>> as core::ops::function::FnOnce<()>>::call_once
             at /rustc/b940084d7eb6a299eb4bfeb8e34901bc051e7ac4/library/alloc/src/boxed.rs:2320:9
   8: loom::rt::scheduler::spawn_thread::{closure#0}
             at /home/gate/.cargo/git/checkouts/loom-906f299ec1581ba6/dfe3797/src/rt/scheduler.rs:142:17
   9: <loom::rt::scheduler::spawn_thread::{closure#0} as core::ops::function::FnOnce<()>>::call_once
             at /rustc/b940084d7eb6a299eb4bfeb8e34901bc051e7ac4/library/core/src/ops/function.rs:250:5
  10: <generator::gen_impl::GeneratorImpl<core::option::Option<alloc::boxed::Box<dyn core::ops::function::FnOnce<(), Output = ()>>>, ()>>::init_code::<loom::rt::scheduler::spawn_thread::{closure#0}>::{closure#0}
             at /home/gate/.cargo/registry/src/index.crates.io-1949cf8c6b5b557f/generator-0.8.9/src/gen_impl.rs:357:21
  11: <generator::stack::StackBox<<generator::gen_impl::GeneratorImpl<core::option::Option<alloc::boxed::Box<dyn core::ops::function::FnOnce<(), Output = ()>>>, ()>>::init_code<loom::rt::scheduler::spawn_thread::{closure#0}>::{closure#0}>>::call_once
             at /home/gate/.cargo/registry/src/index.crates.io-1949cf8c6b5b557f/generator-0.8.9/src/stack/mod.rs:137:13
  12: <generator::stack::Func>::call_once
             at /home/gate/.cargo/registry/src/index.crates.io-1949cf8c6b5b557f/generator-0.8.9/src/stack/mod.rs:119:9
  13: generator::detail::gen::gen_init_impl::{closure#0}
             at /home/gate/.cargo/registry/src/index.crates.io-1949cf8c6b5b557f/generator-0.8.9/src/detail/gen.rs:35:14
  14: <generator::detail::gen::gen_init_impl::{closure#0} as core::ops::function::FnOnce<()>>::call_once
             at /rustc/b940084d7eb6a299eb4bfeb8e34901bc051e7ac4/library/core/src/ops/function.rs:250:5
  15: std::panicking::catch_unwind::do_call::<generator::detail::gen::gen_init_impl::{closure#0}, ()>
             at /rustc/b940084d7eb6a299eb4bfeb8e34901bc051e7ac4/library/std/src/panicking.rs:576:43
  16: std::panicking::catch_unwind::<(), generator::detail::gen::gen_init_impl::{closure#0}>
             at /rustc/b940084d7eb6a299eb4bfeb8e34901bc051e7ac4/library/std/src/panicking.rs:544:19
  17: std::panic::catch_unwind::<generator::detail::gen::gen_init_impl::{closure#0}, ()>
             at /rustc/b940084d7eb6a299eb4bfeb8e34901bc051e7ac4/library/std/src/panic.rs:359:14
  18: generator::detail::gen::catch_unwind_filter::<generator::detail::gen::gen_init_impl::{closure#0}, ()>
             at /home/gate/.cargo/registry/src/index.crates.io-1949cf8c6b5b557f/generator-0.8.9/src/detail/gen.rs:23:5
  19: generator::detail::gen::gen_init_impl
             at /home/gate/.cargo/registry/src/index.crates.io-1949cf8c6b5b557f/generator-0.8.9/src/detail/gen.rs:50:25
  20: generator::detail::asm::gen_init
             at /home/gate/.cargo/registry/src/index.crates.io-1949cf8c6b5b557f/generator-0.8.9/src/detail/x86_64_unix.rs:8:5
note: Some details are omitted, run with `RUST_BACKTRACE=full` for a verbose backtrace.


failures:
    a_post_and_a_recheck_answer_a_poll_once
    a_withdrawal_and_a_post_never_both_take_a_poll

test result: FAILED. 0 passed; 2 failed; 0 ignored; 0 measured; 0 filtered out; finished in 0.04s

error: test failed, to rerun pass `-p kernel-loom --test poll_once`
11:26:39 [ci] control `poll-fire-load-store`: 2 verdict(s) reached

11:26:39 === [ci] control `sleeplock-acquire-off`
   Compiling kernel-loom v0.1.0 (/home/user/toyos-sessionshares/kernel/loom)
    Finished `test` profile [optimized + debuginfo] target(s) in 3.25s
     Running tests/sleep_lock.rs (target/debug/deps/sleep_lock-196a86c4b1ad195c)

running 2 tests
test a_parking_contender_observes_the_holders_writes ... FAILED
test two_holders_never_overlap ... FAILED

failures:

---- a_parking_contender_observes_the_holders_writes stdout ----

thread 'a_parking_contender_observes_the_holders_writes' (12699) panicked at /home/gate/.cargo/git/checkouts/loom-906f299ec1581ba6/dfe3797/src/rt/location.rs:115:9:
Causality violation: Concurrent write accesses to `UnsafeCell`.

stack backtrace:
   0: __rustc::rust_begin_unwind
             at /rustc/b940084d7eb6a299eb4bfeb8e34901bc051e7ac4/library/std/src/panicking.rs:679:5
   1: core::panicking::panic_fmt
             at /rustc/b940084d7eb6a299eb4bfeb8e34901bc051e7ac4/library/core/src/panicking.rs:80:14
   2: <loom::rt::location::PanicBuilder>::fire
             at /home/gate/.cargo/git/checkouts/loom-906f299ec1581ba6/dfe3797/src/rt/location.rs:115:9
   3: <loom::rt::cell::State>::track_write
             at /home/gate/.cargo/git/checkouts/loom-906f299ec1581ba6/dfe3797/src/rt/cell.rs:133:18
   4: <loom::rt::cell::Cell>::start_write::{closure#0}
             at /home/gate/.cargo/git/checkouts/loom-906f299ec1581ba6/dfe3797/src/rt/cell.rs:80:19
   5: loom::rt::synchronize::<<loom::rt::cell::Cell>::start_write::{closure#0}, loom::rt::cell::Writing>::{closure#0}
             at /home/gate/.cargo/git/checkouts/loom-906f299ec1581ba6/dfe3797/src/rt/mod.rs:144:9
   6: <loom::rt::scheduler::Scheduler>::with_execution::<loom::rt::synchronize<<loom::rt::cell::Cell>::start_write::{closure#0}, loom::rt::cell::Writing>::{closure#0}, loom::rt::cell::Writing>::{closure#0}
             at /home/gate/.cargo/git/checkouts/loom-906f299ec1581ba6/dfe3797/src/rt/scheduler.rs:43:34
   7: <loom::rt::scheduler::Scheduler>::with_state::<<loom::rt::scheduler::Scheduler>::with_execution<loom::rt::synchronize<<loom::rt::cell::Cell>::start_write::{closure#0}, loom::rt::cell::Writing>::{closure#0}, loom::rt::cell::Writing>::{closure#0}, loom::rt::cell::Writing>::{closure#0}
             at /home/gate/.cargo/git/checkouts/loom-906f299ec1581ba6/dfe3797/src/rt/scheduler.rs:131:28
   8: <scoped_tls::ScopedKey<core::cell::RefCell<loom::rt::scheduler::State>>>::with::<<loom::rt::scheduler::Scheduler>::with_state<<loom::rt::scheduler::Scheduler>::with_execution<loom::rt::synchronize<<loom::rt::cell::Cell>::start_write::{closure#0}, loom::rt::cell::Writing>::{closure#0}, loom::rt::cell::Writing>::{closure#0}, loom::rt::cell::Writing>::{closure#0}, loom::rt::cell::Writing>
             at /home/gate/.cargo/registry/src/index.crates.io-1949cf8c6b5b557f/scoped-tls-1.0.1/src/lib.rs:171:13
   9: <loom::rt::scheduler::Scheduler>::with_state::<<loom::rt::scheduler::Scheduler>::with_execution<loom::rt::synchronize<<loom::rt::cell::Cell>::start_write::{closure#0}, loom::rt::cell::Writing>::{closure#0}, loom::rt::cell::Writing>::{closure#0}, loom::rt::cell::Writing>
             at /home/gate/.cargo/git/checkouts/loom-906f299ec1581ba6/dfe3797/src/rt/scheduler.rs:131:15
  10: <loom::rt::scheduler::Scheduler>::with_execution::<loom::rt::synchronize<<loom::rt::cell::Cell>::start_write::{closure#0}, loom::rt::cell::Writing>::{closure#0}, loom::rt::cell::Writing>
             at /home/gate/.cargo/git/checkouts/loom-906f299ec1581ba6/dfe3797/src/rt/scheduler.rs:43:9
  11: loom::rt::execution::<loom::rt::synchronize<<loom::rt::cell::Cell>::start_write::{closure#0}, loom::rt::cell::Writing>::{closure#0}, loom::rt::cell::Writing>
             at /home/gate/.cargo/git/checkouts/loom-906f299ec1581ba6/dfe3797/src/rt/mod.rs:174:5
  12: loom::rt::synchronize::<<loom::rt::cell::Cell>::start_write::{closure#0}, loom::rt::cell::Writing>
             at /home/gate/.cargo/git/checkouts/loom-906f299ec1581ba6/dfe3797/src/rt/mod.rs:141:5
  13: <loom::rt::cell::Cell>::start_write
             at /home/gate/.cargo/git/checkouts/loom-906f299ec1581ba6/dfe3797/src/rt/cell.rs:72:9
  14: <loom::cell::unsafe_cell::UnsafeCell<u32>>::with_mut::<<kernel_loom::cell::UnsafeCell<u32>>::get::{closure#0}, *mut u32>
             at /home/gate/.cargo/git/checkouts/loom-906f299ec1581ba6/dfe3797/src/cell/unsafe_cell.rs:149:35
  15: <kernel_loom::cell::UnsafeCell<u32>>::get
             at ./src/lib.rs:57:20
  16: <kernel_loom::sleeplock::SleepGuard<u32> as core::ops::deref::DerefMut>::deref_mut
             at ./src/../../src/sleeplock.rs:167:39
  17: sleep_lock::a_parking_contender_observes_the_holders_writes::{closure#0}::{closure#0}
             at ./tests/sleep_lock.rs:120:17
  18: loom::thread::spawn_internal::<sleep_lock::a_parking_contender_observes_the_holders_writes::{closure#0}::{closure#0}, ()>::{closure#0}
             at /home/gate/.cargo/git/checkouts/loom-906f299ec1581ba6/dfe3797/src/thread.rs:168:47
  19: loom::rt::spawn::<loom::thread::spawn_internal<sleep_lock::a_parking_contender_observes_the_holders_writes::{closure#0}::{closure#0}, ()>::{closure#0}>::{closure#1}
             at /home/gate/.cargo/git/checkouts/loom-906f299ec1581ba6/dfe3797/src/rt/mod.rs:78:13
  20: <loom::rt::spawn<loom::thread::spawn_internal<sleep_lock::a_parking_contender_observes_the_holders_writes::{closure#0}::{closure#0}, ()>::{closure#0}>::{closure#1} as core::ops::function::FnOnce<()>>::call_once::{shim:vtable#0}
             at /rustc/b940084d7eb6a299eb4bfeb8e34901bc051e7ac4/library/core/src/ops/function.rs:250:5
  21: <alloc::boxed::Box<dyn core::ops::function::FnOnce<(), Output = ()>> as core::ops::function::FnOnce<()>>::call_once
             at /rustc/b940084d7eb6a299eb4bfeb8e34901bc051e7ac4/library/alloc/src/boxed.rs:2320:9
  22: loom::rt::scheduler::spawn_thread::{closure#0}
             at /home/gate/.cargo/git/checkouts/loom-906f299ec1581ba6/dfe3797/src/rt/scheduler.rs:142:17
  23: <loom::rt::scheduler::spawn_thread::{closure#0} as core::ops::function::FnOnce<()>>::call_once
             at /rustc/b940084d7eb6a299eb4bfeb8e34901bc051e7ac4/library/core/src/ops/function.rs:250:5
  24: <generator::gen_impl::GeneratorImpl<core::option::Option<alloc::boxed::Box<dyn core::ops::function::FnOnce<(), Output = ()>>>, ()>>::init_code::<loom::rt::scheduler::spawn_thread::{closure#0}>::{closure#0}
             at /home/gate/.cargo/registry/src/index.crates.io-1949cf8c6b5b557f/generator-0.8.9/src/gen_impl.rs:357:21
  25: <generator::stack::StackBox<<generator::gen_impl::GeneratorImpl<core::option::Option<alloc::boxed::Box<dyn core::ops::function::FnOnce<(), Output = ()>>>, ()>>::init_code<loom::rt::scheduler::spawn_thread::{closure#0}>::{closure#0}>>::call_once
             at /home/gate/.cargo/registry/src/index.crates.io-1949cf8c6b5b557f/generator-0.8.9/src/stack/mod.rs:137:13
  26: <generator::stack::Func>::call_once
             at /home/gate/.cargo/registry/src/index.crates.io-1949cf8c6b5b557f/generator-0.8.9/src/stack/mod.rs:119:9
  27: generator::detail::gen::gen_init_impl::{closure#0}
             at /home/gate/.cargo/registry/src/index.crates.io-1949cf8c6b5b557f/generator-0.8.9/src/detail/gen.rs:35:14
  28: <generator::detail::gen::gen_init_impl::{closure#0} as core::ops::function::FnOnce<()>>::call_once
             at /rustc/b940084d7eb6a299eb4bfeb8e34901bc051e7ac4/library/core/src/ops/function.rs:250:5
  29: std::panicking::catch_unwind::do_call::<generator::detail::gen::gen_init_impl::{closure#0}, ()>
             at /rustc/b940084d7eb6a299eb4bfeb8e34901bc051e7ac4/library/std/src/panicking.rs:576:43
  30: std::panicking::catch_unwind::<(), generator::detail::gen::gen_init_impl::{closure#0}>
             at /rustc/b940084d7eb6a299eb4bfeb8e34901bc051e7ac4/library/std/src/panicking.rs:544:19
  31: std::panic::catch_unwind::<generator::detail::gen::gen_init_impl::{closure#0}, ()>
             at /rustc/b940084d7eb6a299eb4bfeb8e34901bc051e7ac4/library/std/src/panic.rs:359:14
  32: generator::detail::gen::catch_unwind_filter::<generator::detail::gen::gen_init_impl::{closure#0}, ()>
             at /home/gate/.cargo/registry/src/index.crates.io-1949cf8c6b5b557f/generator-0.8.9/src/detail/gen.rs:23:5
  33: generator::detail::gen::gen_init_impl
             at /home/gate/.cargo/registry/src/index.crates.io-1949cf8c6b5b557f/generator-0.8.9/src/detail/gen.rs:50:25
  34: generator::detail::asm::gen_init
             at /home/gate/.cargo/registry/src/index.crates.io-1949cf8c6b5b557f/generator-0.8.9/src/detail/x86_64_unix.rs:8:5
note: Some details are omitted, run with `RUST_BACKTRACE=full` for a verbose backtrace.

---- two_holders_never_overlap stdout ----

thread 'two_holders_never_overlap' (12700) panicked at /home/gate/.cargo/git/checkouts/loom-906f299ec1581ba6/dfe3797/src/rt/location.rs:115:9:
Causality violation: Concurrent write accesses to `UnsafeCell`.

stack backtrace:
   0: __rustc::rust_begin_unwind
             at /rustc/b940084d7eb6a299eb4bfeb8e34901bc051e7ac4/library/std/src/panicking.rs:679:5
   1: core::panicking::panic_fmt
             at /rustc/b940084d7eb6a299eb4bfeb8e34901bc051e7ac4/library/core/src/panicking.rs:80:14
   2: <loom::rt::location::PanicBuilder>::fire
             at /home/gate/.cargo/git/checkouts/loom-906f299ec1581ba6/dfe3797/src/rt/location.rs:115:9
   3: <loom::rt::cell::State>::track_write
             at /home/gate/.cargo/git/checkouts/loom-906f299ec1581ba6/dfe3797/src/rt/cell.rs:133:18
   4: <loom::rt::cell::Cell>::start_write::{closure#0}
             at /home/gate/.cargo/git/checkouts/loom-906f299ec1581ba6/dfe3797/src/rt/cell.rs:80:19
   5: loom::rt::synchronize::<<loom::rt::cell::Cell>::start_write::{closure#0}, loom::rt::cell::Writing>::{closure#0}
             at /home/gate/.cargo/git/checkouts/loom-906f299ec1581ba6/dfe3797/src/rt/mod.rs:144:9
   6: <loom::rt::scheduler::Scheduler>::with_execution::<loom::rt::synchronize<<loom::rt::cell::Cell>::start_write::{closure#0}, loom::rt::cell::Writing>::{closure#0}, loom::rt::cell::Writing>::{closure#0}
             at /home/gate/.cargo/git/checkouts/loom-906f299ec1581ba6/dfe3797/src/rt/scheduler.rs:43:34
   7: <loom::rt::scheduler::Scheduler>::with_state::<<loom::rt::scheduler::Scheduler>::with_execution<loom::rt::synchronize<<loom::rt::cell::Cell>::start_write::{closure#0}, loom::rt::cell::Writing>::{closure#0}, loom::rt::cell::Writing>::{closure#0}, loom::rt::cell::Writing>::{closure#0}
             at /home/gate/.cargo/git/checkouts/loom-906f299ec1581ba6/dfe3797/src/rt/scheduler.rs:131:28
   8: <scoped_tls::ScopedKey<core::cell::RefCell<loom::rt::scheduler::State>>>::with::<<loom::rt::scheduler::Scheduler>::with_state<<loom::rt::scheduler::Scheduler>::with_execution<loom::rt::synchronize<<loom::rt::cell::Cell>::start_write::{closure#0}, loom::rt::cell::Writing>::{closure#0}, loom::rt::cell::Writing>::{closure#0}, loom::rt::cell::Writing>::{closure#0}, loom::rt::cell::Writing>
             at /home/gate/.cargo/registry/src/index.crates.io-1949cf8c6b5b557f/scoped-tls-1.0.1/src/lib.rs:171:13
   9: <loom::rt::scheduler::Scheduler>::with_state::<<loom::rt::scheduler::Scheduler>::with_execution<loom::rt::synchronize<<loom::rt::cell::Cell>::start_write::{closure#0}, loom::rt::cell::Writing>::{closure#0}, loom::rt::cell::Writing>::{closure#0}, loom::rt::cell::Writing>
             at /home/gate/.cargo/git/checkouts/loom-906f299ec1581ba6/dfe3797/src/rt/scheduler.rs:131:15
  10: <loom::rt::scheduler::Scheduler>::with_execution::<loom::rt::synchronize<<loom::rt::cell::Cell>::start_write::{closure#0}, loom::rt::cell::Writing>::{closure#0}, loom::rt::cell::Writing>
             at /home/gate/.cargo/git/checkouts/loom-906f299ec1581ba6/dfe3797/src/rt/scheduler.rs:43:9
  11: loom::rt::execution::<loom::rt::synchronize<<loom::rt::cell::Cell>::start_write::{closure#0}, loom::rt::cell::Writing>::{closure#0}, loom::rt::cell::Writing>
             at /home/gate/.cargo/git/checkouts/loom-906f299ec1581ba6/dfe3797/src/rt/mod.rs:174:5
  12: loom::rt::synchronize::<<loom::rt::cell::Cell>::start_write::{closure#0}, loom::rt::cell::Writing>
             at /home/gate/.cargo/git/checkouts/loom-906f299ec1581ba6/dfe3797/src/rt/mod.rs:141:5
  13: <loom::rt::cell::Cell>::start_write
             at /home/gate/.cargo/git/checkouts/loom-906f299ec1581ba6/dfe3797/src/rt/cell.rs:72:9
  14: <loom::cell::unsafe_cell::UnsafeCell<bool>>::with_mut::<<kernel_loom::cell::UnsafeCell<bool>>::get::{closure#0}, *mut bool>
             at /home/gate/.cargo/git/checkouts/loom-906f299ec1581ba6/dfe3797/src/cell/unsafe_cell.rs:149:35
  15: <kernel_loom::cell::UnsafeCell<bool>>::get
             at ./src/lib.rs:57:20
  16: <kernel_loom::sleeplock::SleepGuard<bool> as core::ops::deref::Deref>::deref
             at ./src/../../src/sleeplock.rs:160:35
  17: sleep_lock::two_holders_never_overlap::{closure#0}::{closure#0}
             at ./tests/sleep_lock.rs:157:26
  18: loom::thread::spawn_internal::<sleep_lock::two_holders_never_overlap::{closure#0}::{closure#0}, ()>::{closure#0}
             at /home/gate/.cargo/git/checkouts/loom-906f299ec1581ba6/dfe3797/src/thread.rs:168:47
  19: loom::rt::spawn::<loom::thread::spawn_internal<sleep_lock::two_holders_never_overlap::{closure#0}::{closure#0}, ()>::{closure#0}>::{closure#1}
             at /home/gate/.cargo/git/checkouts/loom-906f299ec1581ba6/dfe3797/src/rt/mod.rs:78:13
  20: <loom::rt::spawn<loom::thread::spawn_internal<sleep_lock::two_holders_never_overlap::{closure#0}::{closure#0}, ()>::{closure#0}>::{closure#1} as core::ops::function::FnOnce<()>>::call_once::{shim:vtable#0}
             at /rustc/b940084d7eb6a299eb4bfeb8e34901bc051e7ac4/library/core/src/ops/function.rs:250:5
  21: <alloc::boxed::Box<dyn core::ops::function::FnOnce<(), Output = ()>> as core::ops::function::FnOnce<()>>::call_once
             at /rustc/b940084d7eb6a299eb4bfeb8e34901bc051e7ac4/library/alloc/src/boxed.rs:2320:9
  22: loom::rt::scheduler::spawn_thread::{closure#0}
             at /home/gate/.cargo/git/checkouts/loom-906f299ec1581ba6/dfe3797/src/rt/scheduler.rs:142:17
  23: <loom::rt::scheduler::spawn_thread::{closure#0} as core::ops::function::FnOnce<()>>::call_once
             at /rustc/b940084d7eb6a299eb4bfeb8e34901bc051e7ac4/library/core/src/ops/function.rs:250:5
  24: <generator::gen_impl::GeneratorImpl<core::option::Option<alloc::boxed::Box<dyn core::ops::function::FnOnce<(), Output = ()>>>, ()>>::init_code::<loom::rt::scheduler::spawn_thread::{closure#0}>::{closure#0}
             at /home/gate/.cargo/registry/src/index.crates.io-1949cf8c6b5b557f/generator-0.8.9/src/gen_impl.rs:357:21
  25: <generator::stack::StackBox<<generator::gen_impl::GeneratorImpl<core::option::Option<alloc::boxed::Box<dyn core::ops::function::FnOnce<(), Output = ()>>>, ()>>::init_code<loom::rt::scheduler::spawn_thread::{closure#0}>::{closure#0}>>::call_once
             at /home/gate/.cargo/registry/src/index.crates.io-1949cf8c6b5b557f/generator-0.8.9/src/stack/mod.rs:137:13
  26: <generator::stack::Func>::call_once
             at /home/gate/.cargo/registry/src/index.crates.io-1949cf8c6b5b557f/generator-0.8.9/src/stack/mod.rs:119:9
  27: generator::detail::gen::gen_init_impl::{closure#0}
             at /home/gate/.cargo/registry/src/index.crates.io-1949cf8c6b5b557f/generator-0.8.9/src/detail/gen.rs:35:14
  28: <generator::detail::gen::gen_init_impl::{closure#0} as core::ops::function::FnOnce<()>>::call_once
             at /rustc/b940084d7eb6a299eb4bfeb8e34901bc051e7ac4/library/core/src/ops/function.rs:250:5
  29: std::panicking::catch_unwind::do_call::<generator::detail::gen::gen_init_impl::{closure#0}, ()>
             at /rustc/b940084d7eb6a299eb4bfeb8e34901bc051e7ac4/library/std/src/panicking.rs:576:43
  30: std::panicking::catch_unwind::<(), generator::detail::gen::gen_init_impl::{closure#0}>
             at /rustc/b940084d7eb6a299eb4bfeb8e34901bc051e7ac4/library/std/src/panicking.rs:544:19
  31: std::panic::catch_unwind::<generator::detail::gen::gen_init_impl::{closure#0}, ()>
             at /rustc/b940084d7eb6a299eb4bfeb8e34901bc051e7ac4/library/std/src/panic.rs:359:14
  32: generator::detail::gen::catch_unwind_filter::<generator::detail::gen::gen_init_impl::{closure#0}, ()>
             at /home/gate/.cargo/registry/src/index.crates.io-1949cf8c6b5b557f/generator-0.8.9/src/detail/gen.rs:23:5
  33: generator::detail::gen::gen_init_impl
             at /home/gate/.cargo/registry/src/index.crates.io-1949cf8c6b5b557f/generator-0.8.9/src/detail/gen.rs:50:25
  34: generator::detail::asm::gen_init
             at /home/gate/.cargo/registry/src/index.crates.io-1949cf8c6b5b557f/generator-0.8.9/src/detail/x86_64_unix.rs:8:5
note: Some details are omitted, run with `RUST_BACKTRACE=full` for a verbose backtrace.


failures:
    a_parking_contender_observes_the_holders_writes
    two_holders_never_overlap

test result: FAILED. 0 passed; 2 failed; 0 ignored; 0 measured; 2 filtered out; finished in 0.06s

error: test failed, to rerun pass `-p kernel-loom --test sleep_lock`
11:26:43 [ci] control `sleeplock-acquire-off`: 2 verdict(s) reached

11:26:43 === [ci] control `device-irq-lossy`
   Compiling kernel-loom v0.1.0 (/home/user/toyos-sessionshares/kernel/loom)
    Finished `test` profile [optimized + debuginfo] target(s) in 3.17s
     Running tests/device_irq.rs (target/debug/deps/device_irq-852640adb70b4718)

running 1 test
test every_message_is_counted_once ... FAILED

failures:

---- every_message_is_counted_once stdout ----

thread 'every_message_is_counted_once' (13017) panicked at kernel/loom/tests/device_irq.rs:51:9:
assertion `left == right` failed: two interrupts arrived, the reader took 0 and 1 were left: a driver that misses one waits for a device that has already spoken
  left: 1
 right: 2
stack backtrace:
   0: __rustc::rust_begin_unwind
             at /rustc/b940084d7eb6a299eb4bfeb8e34901bc051e7ac4/library/std/src/panicking.rs:679:5
   1: core::panicking::panic_fmt
             at /rustc/b940084d7eb6a299eb4bfeb8e34901bc051e7ac4/library/core/src/panicking.rs:80:14
   2: core::panicking::assert_failed_inner
             at /rustc/b940084d7eb6a299eb4bfeb8e34901bc051e7ac4/library/core/src/panicking.rs:447:23
   3: core::panicking::assert_failed::<u32, u32>
             at /rustc/b940084d7eb6a299eb4bfeb8e34901bc051e7ac4/library/core/src/panicking.rs:407:5
   4: device_irq::every_message_is_counted_once::{closure#0}
             at ./tests/device_irq.rs:51:9
   5: <loom::model::Builder>::check::<device_irq::every_message_is_counted_once::{closure#0}>::{closure#0}
             at /home/gate/.cargo/git/checkouts/loom-906f299ec1581ba6/dfe3797/src/model.rs:194:17
   6: <<loom::model::Builder>::check<device_irq::every_message_is_counted_once::{closure#0}>::{closure#0} as core::ops::function::FnOnce<()>>::call_once::{shim:vtable#0}
             at /rustc/b940084d7eb6a299eb4bfeb8e34901bc051e7ac4/library/core/src/ops/function.rs:250:5
   7: <alloc::boxed::Box<dyn core::ops::function::FnOnce<(), Output = ()>> as core::ops::function::FnOnce<()>>::call_once
             at /rustc/b940084d7eb6a299eb4bfeb8e34901bc051e7ac4/library/alloc/src/boxed.rs:2320:9
   8: loom::rt::scheduler::spawn_thread::{closure#0}
             at /home/gate/.cargo/git/checkouts/loom-906f299ec1581ba6/dfe3797/src/rt/scheduler.rs:142:17
   9: <loom::rt::scheduler::spawn_thread::{closure#0} as core::ops::function::FnOnce<()>>::call_once
             at /rustc/b940084d7eb6a299eb4bfeb8e34901bc051e7ac4/library/core/src/ops/function.rs:250:5
  10: <generator::gen_impl::GeneratorImpl<core::option::Option<alloc::boxed::Box<dyn core::ops::function::FnOnce<(), Output = ()>>>, ()>>::init_code::<loom::rt::scheduler::spawn_thread::{closure#0}>::{closure#0}
             at /home/gate/.cargo/registry/src/index.crates.io-1949cf8c6b5b557f/generator-0.8.9/src/gen_impl.rs:357:21
  11: <generator::stack::StackBox<<generator::gen_impl::GeneratorImpl<core::option::Option<alloc::boxed::Box<dyn core::ops::function::FnOnce<(), Output = ()>>>, ()>>::init_code<loom::rt::scheduler::spawn_thread::{closure#0}>::{closure#0}>>::call_once
             at /home/gate/.cargo/registry/src/index.crates.io-1949cf8c6b5b557f/generator-0.8.9/src/stack/mod.rs:137:13
  12: <generator::stack::Func>::call_once
             at /home/gate/.cargo/registry/src/index.crates.io-1949cf8c6b5b557f/generator-0.8.9/src/stack/mod.rs:119:9
  13: generator::detail::gen::gen_init_impl::{closure#0}
             at /home/gate/.cargo/registry/src/index.crates.io-1949cf8c6b5b557f/generator-0.8.9/src/detail/gen.rs:35:14
  14: <generator::detail::gen::gen_init_impl::{closure#0} as core::ops::function::FnOnce<()>>::call_once
             at /rustc/b940084d7eb6a299eb4bfeb8e34901bc051e7ac4/library/core/src/ops/function.rs:250:5
  15: std::panicking::catch_unwind::do_call::<generator::detail::gen::gen_init_impl::{closure#0}, ()>
             at /rustc/b940084d7eb6a299eb4bfeb8e34901bc051e7ac4/library/std/src/panicking.rs:576:43
  16: std::panicking::catch_unwind::<(), generator::detail::gen::gen_init_impl::{closure#0}>
             at /rustc/b940084d7eb6a299eb4bfeb8e34901bc051e7ac4/library/std/src/panicking.rs:544:19
  17: std::panic::catch_unwind::<generator::detail::gen::gen_init_impl::{closure#0}, ()>
             at /rustc/b940084d7eb6a299eb4bfeb8e34901bc051e7ac4/library/std/src/panic.rs:359:14
  18: generator::detail::gen::catch_unwind_filter::<generator::detail::gen::gen_init_impl::{closure#0}, ()>
             at /home/gate/.cargo/registry/src/index.crates.io-1949cf8c6b5b557f/generator-0.8.9/src/detail/gen.rs:23:5
  19: generator::detail::gen::gen_init_impl
             at /home/gate/.cargo/registry/src/index.crates.io-1949cf8c6b5b557f/generator-0.8.9/src/detail/gen.rs:50:25
  20: generator::detail::asm::gen_init
             at /home/gate/.cargo/registry/src/index.crates.io-1949cf8c6b5b557f/generator-0.8.9/src/detail/x86_64_unix.rs:8:5
note: Some details are omitted, run with `RUST_BACKTRACE=full` for a verbose backtrace.


failures:
    every_message_is_counted_once

test result: FAILED. 0 passed; 1 failed; 0 ignored; 0 measured; 1 filtered out; finished in 0.03s

error: test failed, to rerun pass `-p kernel-loom --test device_irq`
11:26:46 [ci] control `device-irq-lossy`: 1 verdict(s) reached

11:26:46 === [ci] control `dump-report-relaxed`
   Compiling kernel-loom v0.1.0 (/home/user/toyos-sessionshares/kernel/loom)
    Finished `test` profile [optimized + debuginfo] target(s) in 3.51s
     Running tests/dump_request.rs (target/debug/deps/dump_request-ecb318a7175f78e6)

running 1 test
test a_request_filed_during_a_report_is_reported ... FAILED

failures:

---- a_request_filed_during_a_report_is_reported stdout ----

thread 'a_request_filed_during_a_report_is_reported' (13338) panicked at /home/gate/.cargo/git/checkouts/loom-906f299ec1581ba6/dfe3797/src/rt/location.rs:115:9:
Causality violation: Concurrent write accesses to `UnsafeCell`.

stack backtrace:
   0: __rustc::rust_begin_unwind
             at /rustc/b940084d7eb6a299eb4bfeb8e34901bc051e7ac4/library/std/src/panicking.rs:679:5
   1: core::panicking::panic_fmt
             at /rustc/b940084d7eb6a299eb4bfeb8e34901bc051e7ac4/library/core/src/panicking.rs:80:14
   2: <loom::rt::location::PanicBuilder>::fire
             at /home/gate/.cargo/git/checkouts/loom-906f299ec1581ba6/dfe3797/src/rt/location.rs:115:9
   3: <loom::rt::cell::State>::track_write
             at /home/gate/.cargo/git/checkouts/loom-906f299ec1581ba6/dfe3797/src/rt/cell.rs:133:18
   4: <loom::rt::cell::Cell>::start_write::{closure#0}
             at /home/gate/.cargo/git/checkouts/loom-906f299ec1581ba6/dfe3797/src/rt/cell.rs:80:19
   5: loom::rt::synchronize::<<loom::rt::cell::Cell>::start_write::{closure#0}, loom::rt::cell::Writing>::{closure#0}
             at /home/gate/.cargo/git/checkouts/loom-906f299ec1581ba6/dfe3797/src/rt/mod.rs:144:9
   6: <loom::rt::scheduler::Scheduler>::with_execution::<loom::rt::synchronize<<loom::rt::cell::Cell>::start_write::{closure#0}, loom::rt::cell::Writing>::{closure#0}, loom::rt::cell::Writing>::{closure#0}
             at /home/gate/.cargo/git/checkouts/loom-906f299ec1581ba6/dfe3797/src/rt/scheduler.rs:43:34
   7: <loom::rt::scheduler::Scheduler>::with_state::<<loom::rt::scheduler::Scheduler>::with_execution<loom::rt::synchronize<<loom::rt::cell::Cell>::start_write::{closure#0}, loom::rt::cell::Writing>::{closure#0}, loom::rt::cell::Writing>::{closure#0}, loom::rt::cell::Writing>::{closure#0}
             at /home/gate/.cargo/git/checkouts/loom-906f299ec1581ba6/dfe3797/src/rt/scheduler.rs:131:28
   8: <scoped_tls::ScopedKey<core::cell::RefCell<loom::rt::scheduler::State>>>::with::<<loom::rt::scheduler::Scheduler>::with_state<<loom::rt::scheduler::Scheduler>::with_execution<loom::rt::synchronize<<loom::rt::cell::Cell>::start_write::{closure#0}, loom::rt::cell::Writing>::{closure#0}, loom::rt::cell::Writing>::{closure#0}, loom::rt::cell::Writing>::{closure#0}, loom::rt::cell::Writing>
             at /home/gate/.cargo/registry/src/index.crates.io-1949cf8c6b5b557f/scoped-tls-1.0.1/src/lib.rs:171:13
   9: <loom::rt::scheduler::Scheduler>::with_state::<<loom::rt::scheduler::Scheduler>::with_execution<loom::rt::synchronize<<loom::rt::cell::Cell>::start_write::{closure#0}, loom::rt::cell::Writing>::{closure#0}, loom::rt::cell::Writing>::{closure#0}, loom::rt::cell::Writing>
             at /home/gate/.cargo/git/checkouts/loom-906f299ec1581ba6/dfe3797/src/rt/scheduler.rs:131:15
  10: <loom::rt::scheduler::Scheduler>::with_execution::<loom::rt::synchronize<<loom::rt::cell::Cell>::start_write::{closure#0}, loom::rt::cell::Writing>::{closure#0}, loom::rt::cell::Writing>
             at /home/gate/.cargo/git/checkouts/loom-906f299ec1581ba6/dfe3797/src/rt/scheduler.rs:43:9
  11: loom::rt::execution::<loom::rt::synchronize<<loom::rt::cell::Cell>::start_write::{closure#0}, loom::rt::cell::Writing>::{closure#0}, loom::rt::cell::Writing>
             at /home/gate/.cargo/git/checkouts/loom-906f299ec1581ba6/dfe3797/src/rt/mod.rs:174:5
  12: loom::rt::synchronize::<<loom::rt::cell::Cell>::start_write::{closure#0}, loom::rt::cell::Writing>
             at /home/gate/.cargo/git/checkouts/loom-906f299ec1581ba6/dfe3797/src/rt/mod.rs:141:5
  13: <loom::rt::cell::Cell>::start_write
             at /home/gate/.cargo/git/checkouts/loom-906f299ec1581ba6/dfe3797/src/rt/cell.rs:72:9
  14: <loom::cell::unsafe_cell::UnsafeCell<u32>>::with_mut::<<dump_request::Machine>::report::{closure#0}, ()>
             at /home/gate/.cargo/git/checkouts/loom-906f299ec1581ba6/dfe3797/src/cell/unsafe_cell.rs:149:35
  15: <dump_request::Machine>::report
             at ./tests/dump_request.rs:31:22
  16: <dump_request::Machine>::serve
             at ./tests/dump_request.rs:43:18
  17: dump_request::a_request_filed_during_a_report_is_reported::{closure#0}::{closure#0}
             at ./tests/dump_request.rs:72:25
  18: loom::thread::spawn_internal::<dump_request::a_request_filed_during_a_report_is_reported::{closure#0}::{closure#0}, ()>::{closure#0}
             at /home/gate/.cargo/git/checkouts/loom-906f299ec1581ba6/dfe3797/src/thread.rs:168:47
  19: loom::rt::spawn::<loom::thread::spawn_internal<dump_request::a_request_filed_during_a_report_is_reported::{closure#0}::{closure#0}, ()>::{closure#0}>::{closure#1}
             at /home/gate/.cargo/git/checkouts/loom-906f299ec1581ba6/dfe3797/src/rt/mod.rs:78:13
  20: <loom::rt::spawn<loom::thread::spawn_internal<dump_request::a_request_filed_during_a_report_is_reported::{closure#0}::{closure#0}, ()>::{closure#0}>::{closure#1} as core::ops::function::FnOnce<()>>::call_once::{shim:vtable#0}
             at /rustc/b940084d7eb6a299eb4bfeb8e34901bc051e7ac4/library/core/src/ops/function.rs:250:5
  21: <alloc::boxed::Box<dyn core::ops::function::FnOnce<(), Output = ()>> as core::ops::function::FnOnce<()>>::call_once
             at /rustc/b940084d7eb6a299eb4bfeb8e34901bc051e7ac4/library/alloc/src/boxed.rs:2320:9
  22: loom::rt::scheduler::spawn_thread::{closure#0}
             at /home/gate/.cargo/git/checkouts/loom-906f299ec1581ba6/dfe3797/src/rt/scheduler.rs:142:17
  23: <loom::rt::scheduler::spawn_thread::{closure#0} as core::ops::function::FnOnce<()>>::call_once
             at /rustc/b940084d7eb6a299eb4bfeb8e34901bc051e7ac4/library/core/src/ops/function.rs:250:5
  24: <generator::gen_impl::GeneratorImpl<core::option::Option<alloc::boxed::Box<dyn core::ops::function::FnOnce<(), Output = ()>>>, ()>>::init_code::<loom::rt::scheduler::spawn_thread::{closure#0}>::{closure#0}
             at /home/gate/.cargo/registry/src/index.crates.io-1949cf8c6b5b557f/generator-0.8.9/src/gen_impl.rs:357:21
  25: <generator::stack::StackBox<<generator::gen_impl::GeneratorImpl<core::option::Option<alloc::boxed::Box<dyn core::ops::function::FnOnce<(), Output = ()>>>, ()>>::init_code<loom::rt::scheduler::spawn_thread::{closure#0}>::{closure#0}>>::call_once
             at /home/gate/.cargo/registry/src/index.crates.io-1949cf8c6b5b557f/generator-0.8.9/src/stack/mod.rs:137:13
  26: <generator::stack::Func>::call_once
             at /home/gate/.cargo/registry/src/index.crates.io-1949cf8c6b5b557f/generator-0.8.9/src/stack/mod.rs:119:9
  27: generator::detail::gen::gen_init_impl::{closure#0}
             at /home/gate/.cargo/registry/src/index.crates.io-1949cf8c6b5b557f/generator-0.8.9/src/detail/gen.rs:35:14
  28: <generator::detail::gen::gen_init_impl::{closure#0} as core::ops::function::FnOnce<()>>::call_once
             at /rustc/b940084d7eb6a299eb4bfeb8e34901bc051e7ac4/library/core/src/ops/function.rs:250:5
  29: std::panicking::catch_unwind::do_call::<generator::detail::gen::gen_init_impl::{closure#0}, ()>
             at /rustc/b940084d7eb6a299eb4bfeb8e34901bc051e7ac4/library/std/src/panicking.rs:576:43
  30: std::panicking::catch_unwind::<(), generator::detail::gen::gen_init_impl::{closure#0}>
             at /rustc/b940084d7eb6a299eb4bfeb8e34901bc051e7ac4/library/std/src/panicking.rs:544:19
  31: std::panic::catch_unwind::<generator::detail::gen::gen_init_impl::{closure#0}, ()>
             at /rustc/b940084d7eb6a299eb4bfeb8e34901bc051e7ac4/library/std/src/panic.rs:359:14
  32: generator::detail::gen::catch_unwind_filter::<generator::detail::gen::gen_init_impl::{closure#0}, ()>
             at /home/gate/.cargo/registry/src/index.crates.io-1949cf8c6b5b557f/generator-0.8.9/src/detail/gen.rs:23:5
  33: generator::detail::gen::gen_init_impl
             at /home/gate/.cargo/registry/src/index.crates.io-1949cf8c6b5b557f/generator-0.8.9/src/detail/gen.rs:50:25
  34: generator::detail::asm::gen_init
             at /home/gate/.cargo/registry/src/index.crates.io-1949cf8c6b5b557f/generator-0.8.9/src/detail/x86_64_unix.rs:8:5
note: Some details are omitted, run with `RUST_BACKTRACE=full` for a verbose backtrace.


failures:
    a_request_filed_during_a_report_is_reported

test result: FAILED. 0 passed; 1 failed; 0 ignored; 0 measured; 4 filtered out; finished in 0.04s

error: test failed, to rerun pass `-p kernel-loom --test dump_request`
11:26:49 [ci] control `dump-report-relaxed`: 1 verdict(s) reached

11:26:49 === [ci] control `no-preempt-guard`
   Compiling kernel-loom v0.1.0 (/home/user/toyos-sessionshares/kernel/loom)
    Finished `test` profile [optimized + debuginfo] target(s) in 2.45s
     Running tests/loom_mailbox.rs (target/debug/deps/loom_mailbox-aa64e327dbb81bde)

running 1 test

thread 'preempted_producer_strands_suffix' (13609) panicked at kernel/loom/tests/loom_mailbox.rs:76:9:
I2: this CPU halted while its own interrupted context is inside a push. That context cannot resume while the CPU sleeps, so every message queued behind its unlinked node stays invisible with no doorbell edge left to raise. Drained so far: []
stack backtrace:
   0: __rustc::rust_begin_unwind
             at /rustc/b940084d7eb6a299eb4bfeb8e34901bc051e7ac4/library/std/src/panicking.rs:679:5
   1: core::panicking::panic_fmt
             at /rustc/b940084d7eb6a299eb4bfeb8e34901bc051e7ac4/library/core/src/panicking.rs:80:14
   2: loom_mailbox::pass
             at ./tests/loom_mailbox.rs:76:9
   3: loom_mailbox::mailbox_model::{closure#2}
             at ./tests/loom_mailbox.rs:129:13
   4: loom::thread::spawn_internal::<loom_mailbox::mailbox_model::{closure#2}, (kernel_loom::sched::mailbox::MailboxConsumer<kernel_loom::sched_model::Msg>, alloc::vec::Vec<kernel_loom::sched_model::Msg>)>::{closure#0}
             at /home/gate/.cargo/git/checkouts/loom-906f299ec1581ba6/dfe3797/src/thread.rs:168:47
   5: loom::rt::spawn::<loom::thread::spawn_internal<loom_mailbox::mailbox_model::{closure#2}, (kernel_loom::sched::mailbox::MailboxConsumer<kernel_loom::sched_model::Msg>, alloc::vec::Vec<kernel_loom::sched_model::Msg>)>::{closure#0}>::{closure#1}
             at /home/gate/.cargo/git/checkouts/loom-906f299ec1581ba6/dfe3797/src/rt/mod.rs:78:13
   6: <loom::rt::spawn<loom::thread::spawn_internal<loom_mailbox::mailbox_model::{closure#2}, (kernel_loom::sched::mailbox::MailboxConsumer<kernel_loom::sched_model::Msg>, alloc::vec::Vec<kernel_loom::sched_model::Msg>)>::{closure#0}>::{closure#1} as core::ops::function::FnOnce<()>>::call_once::{shim:vtable#0}
             at /rustc/b940084d7eb6a299eb4bfeb8e34901bc051e7ac4/library/core/src/ops/function.rs:250:5
   7: <alloc::boxed::Box<dyn core::ops::function::FnOnce<(), Output = ()>> as core::ops::function::FnOnce<()>>::call_once
             at /rustc/b940084d7eb6a299eb4bfeb8e34901bc051e7ac4/library/alloc/src/boxed.rs:2320:9
   8: loom::rt::scheduler::spawn_thread::{closure#0}
             at /home/gate/.cargo/git/checkouts/loom-906f299ec1581ba6/dfe3797/src/rt/scheduler.rs:142:17
   9: <loom::rt::scheduler::spawn_thread::{closure#0} as core::ops::function::FnOnce<()>>::call_once
             at /rustc/b940084d7eb6a299eb4bfeb8e34901bc051e7ac4/library/core/src/ops/function.rs:250:5
  10: <generator::gen_impl::GeneratorImpl<core::option::Option<alloc::boxed::Box<dyn core::ops::function::FnOnce<(), Output = ()>>>, ()>>::init_code::<loom::rt::scheduler::spawn_thread::{closure#0}>::{closure#0}
             at /home/gate/.cargo/registry/src/index.crates.io-1949cf8c6b5b557f/generator-0.8.9/src/gen_impl.rs:357:21
  11: <generator::stack::StackBox<<generator::gen_impl::GeneratorImpl<core::option::Option<alloc::boxed::Box<dyn core::ops::function::FnOnce<(), Output = ()>>>, ()>>::init_code<loom::rt::scheduler::spawn_thread::{closure#0}>::{closure#0}>>::call_once
             at /home/gate/.cargo/registry/src/index.crates.io-1949cf8c6b5b557f/generator-0.8.9/src/stack/mod.rs:137:13
  12: <generator::stack::Func>::call_once
             at /home/gate/.cargo/registry/src/index.crates.io-1949cf8c6b5b557f/generator-0.8.9/src/stack/mod.rs:119:9
  13: generator::detail::gen::gen_init_impl::{closure#0}
             at /home/gate/.cargo/registry/src/index.crates.io-1949cf8c6b5b557f/generator-0.8.9/src/detail/gen.rs:35:14
  14: <generator::detail::gen::gen_init_impl::{closure#0} as core::ops::function::FnOnce<()>>::call_once
             at /rustc/b940084d7eb6a299eb4bfeb8e34901bc051e7ac4/library/core/src/ops/function.rs:250:5
  15: std::panicking::catch_unwind::do_call::<generator::detail::gen::gen_init_impl::{closure#0}, ()>
             at /rustc/b940084d7eb6a299eb4bfeb8e34901bc051e7ac4/library/std/src/panicking.rs:576:43
  16: std::panicking::catch_unwind::<(), generator::detail::gen::gen_init_impl::{closure#0}>
             at /rustc/b940084d7eb6a299eb4bfeb8e34901bc051e7ac4/library/std/src/panicking.rs:544:19
  17: std::panic::catch_unwind::<generator::detail::gen::gen_init_impl::{closure#0}, ()>
             at /rustc/b940084d7eb6a299eb4bfeb8e34901bc051e7ac4/library/std/src/panic.rs:359:14
  18: generator::detail::gen::catch_unwind_filter::<generator::detail::gen::gen_init_impl::{closure#0}, ()>
             at /home/gate/.cargo/registry/src/index.crates.io-1949cf8c6b5b557f/generator-0.8.9/src/detail/gen.rs:23:5
  19: generator::detail::gen::gen_init_impl
             at /home/gate/.cargo/registry/src/index.crates.io-1949cf8c6b5b557f/generator-0.8.9/src/detail/gen.rs:50:25
  20: generator::detail::asm::gen_init
             at /home/gate/.cargo/registry/src/index.crates.io-1949cf8c6b5b557f/generator-0.8.9/src/detail/x86_64_unix.rs:8:5
note: Some details are omitted, run with `RUST_BACKTRACE=full` for a verbose backtrace.
test preempted_producer_strands_suffix ... ok

test result: ok. 1 passed; 0 failed; 0 ignored; 0 measured; 0 filtered out; finished in 0.40s

11:26:52 [ci] control `no-preempt-guard`: 1 verdict(s) reached

11:26:52 === [ci] control `doorbell-kick-relaxed`
   Compiling kernel-loom v0.1.0 (/home/user/toyos-sessionshares/kernel/loom)
    Finished `test` profile [optimized + debuginfo] target(s) in 2.34s
     Running tests/loom_sleep.rs (target/debug/deps/loom_sleep-02c7e7e52b7b4758)

running 1 test

thread 'a_halted_cpu_with_queued_work_was_kicked' (13883) panicked at kernel/loom/tests/loom_sleep.rs:104:13:
halted with 2 of 2 messages queued and no IPI in flight — a sleep-through
stack backtrace:
   0: __rustc::rust_begin_unwind
             at /rustc/b940084d7eb6a299eb4bfeb8e34901bc051e7ac4/library/std/src/panicking.rs:679:5
   1: core::panicking::panic_fmt
             at /rustc/b940084d7eb6a299eb4bfeb8e34901bc051e7ac4/library/core/src/panicking.rs:80:14
   2: loom_sleep::a_halted_cpu_with_queued_work_was_kicked::{closure#0}
             at ./tests/loom_sleep.rs:104:13
   3: <loom::model::Builder>::check::<loom_sleep::a_halted_cpu_with_queued_work_was_kicked::{closure#0}>::{closure#0}
             at /home/gate/.cargo/git/checkouts/loom-906f299ec1581ba6/dfe3797/src/model.rs:194:17
   4: <<loom::model::Builder>::check<loom_sleep::a_halted_cpu_with_queued_work_was_kicked::{closure#0}>::{closure#0} as core::ops::function::FnOnce<()>>::call_once::{shim:vtable#0}
             at /rustc/b940084d7eb6a299eb4bfeb8e34901bc051e7ac4/library/core/src/ops/function.rs:250:5
   5: <alloc::boxed::Box<dyn core::ops::function::FnOnce<(), Output = ()>> as core::ops::function::FnOnce<()>>::call_once
             at /rustc/b940084d7eb6a299eb4bfeb8e34901bc051e7ac4/library/alloc/src/boxed.rs:2320:9
   6: loom::rt::scheduler::spawn_thread::{closure#0}
             at /home/gate/.cargo/git/checkouts/loom-906f299ec1581ba6/dfe3797/src/rt/scheduler.rs:142:17
   7: <loom::rt::scheduler::spawn_thread::{closure#0} as core::ops::function::FnOnce<()>>::call_once
             at /rustc/b940084d7eb6a299eb4bfeb8e34901bc051e7ac4/library/core/src/ops/function.rs:250:5
   8: <generator::gen_impl::GeneratorImpl<core::option::Option<alloc::boxed::Box<dyn core::ops::function::FnOnce<(), Output = ()>>>, ()>>::init_code::<loom::rt::scheduler::spawn_thread::{closure#0}>::{closure#0}
             at /home/gate/.cargo/registry/src/index.crates.io-1949cf8c6b5b557f/generator-0.8.9/src/gen_impl.rs:357:21
   9: <generator::stack::StackBox<<generator::gen_impl::GeneratorImpl<core::option::Option<alloc::boxed::Box<dyn core::ops::function::FnOnce<(), Output = ()>>>, ()>>::init_code<loom::rt::scheduler::spawn_thread::{closure#0}>::{closure#0}>>::call_once
             at /home/gate/.cargo/registry/src/index.crates.io-1949cf8c6b5b557f/generator-0.8.9/src/stack/mod.rs:137:13
  10: <generator::stack::Func>::call_once
             at /home/gate/.cargo/registry/src/index.crates.io-1949cf8c6b5b557f/generator-0.8.9/src/stack/mod.rs:119:9
  11: generator::detail::gen::gen_init_impl::{closure#0}
             at /home/gate/.cargo/registry/src/index.crates.io-1949cf8c6b5b557f/generator-0.8.9/src/detail/gen.rs:35:14
  12: <generator::detail::gen::gen_init_impl::{closure#0} as core::ops::function::FnOnce<()>>::call_once
             at /rustc/b940084d7eb6a299eb4bfeb8e34901bc051e7ac4/library/core/src/ops/function.rs:250:5
  13: std::panicking::catch_unwind::do_call::<generator::detail::gen::gen_init_impl::{closure#0}, ()>
             at /rustc/b940084d7eb6a299eb4bfeb8e34901bc051e7ac4/library/std/src/panicking.rs:576:43
  14: std::panicking::catch_unwind::<(), generator::detail::gen::gen_init_impl::{closure#0}>
             at /rustc/b940084d7eb6a299eb4bfeb8e34901bc051e7ac4/library/std/src/panicking.rs:544:19
  15: std::panic::catch_unwind::<generator::detail::gen::gen_init_impl::{closure#0}, ()>
             at /rustc/b940084d7eb6a299eb4bfeb8e34901bc051e7ac4/library/std/src/panic.rs:359:14
  16: generator::detail::gen::catch_unwind_filter::<generator::detail::gen::gen_init_impl::{closure#0}, ()>
             at /home/gate/.cargo/registry/src/index.crates.io-1949cf8c6b5b557f/generator-0.8.9/src/detail/gen.rs:23:5
  17: generator::detail::gen::gen_init_impl
             at /home/gate/.cargo/registry/src/index.crates.io-1949cf8c6b5b557f/generator-0.8.9/src/detail/gen.rs:50:25
  18: generator::detail::asm::gen_init
             at /home/gate/.cargo/registry/src/index.crates.io-1949cf8c6b5b557f/generator-0.8.9/src/detail/x86_64_unix.rs:8:5
note: Some details are omitted, run with `RUST_BACKTRACE=full` for a verbose backtrace.

thread 'a_halted_cpu_with_queued_work_was_kicked' (13883) panicked at kernel/loom/src/../../pure/sched/mailbox.rs:178:9:
mailbox node dropped with a message in flight
stack backtrace:
   0:     0x55902e990901 - std[c29fa2d9dbea2b0e]::backtrace_rs::backtrace::libunwind::trace
                               at /rustc/b940084d7eb6a299eb4bfeb8e34901bc051e7ac4/library/std/src/../../backtrace/src/backtrace/libunwind.rs:117:9
   1:     0x55902e990901 - std[c29fa2d9dbea2b0e]::backtrace_rs::backtrace::trace_unsynchronized::<std[c29fa2d9dbea2b0e]::sys::backtrace::_print_fmt::{closure#1}>
                               at /rustc/b940084d7eb6a299eb4bfeb8e34901bc051e7ac4/library/std/src/../../backtrace/src/backtrace/mod.rs:66:14
   2:     0x55902e990901 - std[c29fa2d9dbea2b0e]::sys::backtrace::_print_fmt
                               at /rustc/b940084d7eb6a299eb4bfeb8e34901bc051e7ac4/library/std/src/sys/backtrace.rs:74:9
   3:     0x55902e990901 - <<std[c29fa2d9dbea2b0e]::sys::backtrace::BacktraceLock>::print::DisplayBacktrace as core[a9090a07a7fa7517]::fmt::Display>::fmt
                               at /rustc/b940084d7eb6a299eb4bfeb8e34901bc051e7ac4/library/std/src/sys/backtrace.rs:44:26
   4:     0x55902e9a575a - <core[a9090a07a7fa7517]::fmt::rt::Argument>::fmt
                               at /rustc/b940084d7eb6a299eb4bfeb8e34901bc051e7ac4/library/core/src/fmt/rt.rs:152:76
   5:     0x55902e9a575a - core[a9090a07a7fa7517]::fmt::write
   6:     0x55902e99539c - core[a9090a07a7fa7517]::io::write::default_write_fmt::<alloc[12ca63220423dfc2]::vec::Vec<u8>>
                               at /rustc/b940084d7eb6a299eb4bfeb8e34901bc051e7ac4/library/core/src/io/write.rs:402:11
   7:     0x55902e99539c - <alloc[12ca63220423dfc2]::vec::Vec<u8> as core[a9090a07a7fa7517]::io::write::Write>::write_fmt
                               at /rustc/b940084d7eb6a299eb4bfeb8e34901bc051e7ac4/library/core/src/io/write.rs:335:13
   8:     0x55902e96c816 - <std[c29fa2d9dbea2b0e]::sys::backtrace::BacktraceLock>::print
                               at /rustc/b940084d7eb6a299eb4bfeb8e34901bc051e7ac4/library/std/src/sys/backtrace.rs:47:9
   9:     0x55902e96c816 - std[c29fa2d9dbea2b0e]::panicking::default_hook::{closure#0}
                               at /rustc/b940084d7eb6a299eb4bfeb8e34901bc051e7ac4/library/std/src/panicking.rs:292:27
  10:     0x55902e988c99 - std[c29fa2d9dbea2b0e]::panicking::default_hook
                               at /rustc/b940084d7eb6a299eb4bfeb8e34901bc051e7ac4/library/std/src/panicking.rs:316:9
  11:     0x55902e905af0 - <alloc[12ca63220423dfc2]::boxed::Box<dyn for<'a, 'b> core[a9090a07a7fa7517]::ops::function::Fn<(&'a std[c29fa2d9dbea2b0e]::panic::PanicHookInfo<'b>,), Output = ()> + core[a9090a07a7fa7517]::marker::Send + core[a9090a07a7fa7517]::marker::Sync> as core[a9090a07a7fa7517]::ops::function::Fn<(&std[c29fa2d9dbea2b0e]::panic::PanicHookInfo,)>>::call
                               at /rustc/b940084d7eb6a299eb4bfeb8e34901bc051e7ac4/library/alloc/src/boxed.rs:2334:9
  12:     0x55902e905af0 - test[de0ab365ed256f3]::test_main_inner::<test[de0ab365ed256f3]::test_main_static::{closure#0}>::{closure#0}
                               at /rustc/b940084d7eb6a299eb4bfeb8e34901bc051e7ac4/library/test/src/lib.rs:155:21
  13:     0x55902e954aca - <alloc[12ca63220423dfc2]::boxed::Box<dyn for<'a, 'b> core[a9090a07a7fa7517]::ops::function::Fn<(&'a std[c29fa2d9dbea2b0e]::panic::PanicHookInfo<'b>,), Output = ()> + core[a9090a07a7fa7517]::marker::Send + core[a9090a07a7fa7517]::marker::Sync> as core[a9090a07a7fa7517]::ops::function::Fn<(&std[c29fa2d9dbea2b0e]::panic::PanicHookInfo,)>>::call
                               at /rustc/b940084d7eb6a299eb4bfeb8e34901bc051e7ac4/library/alloc/src/boxed.rs:2334:9
  14:     0x55902e954aca - generator[5d01b9439377bc31]::detail::gen::catch_unwind_filter::<generator[5d01b9439377bc31]::detail::gen::gen_init_impl::{closure#0}, ()>::{closure#0}::{closure#0}
                               at /home/gate/.cargo/registry/src/index.crates.io-1949cf8c6b5b557f/generator-0.8.9/src/detail/gen.rs:19:13
  15:     0x55902e988fc2 - <alloc[12ca63220423dfc2]::boxed::Box<dyn for<'a, 'b> core[a9090a07a7fa7517]::ops::function::Fn<(&'a std[c29fa2d9dbea2b0e]::panic::PanicHookInfo<'b>,), Output = ()> + core[a9090a07a7fa7517]::marker::Send + core[a9090a07a7fa7517]::marker::Sync> as core[a9090a07a7fa7517]::ops::function::Fn<(&std[c29fa2d9dbea2b0e]::panic::PanicHookInfo,)>>::call
                               at /rustc/b940084d7eb6a299eb4bfeb8e34901bc051e7ac4/library/alloc/src/boxed.rs:2334:9
  16:     0x55902e988fc2 - std[c29fa2d9dbea2b0e]::panicking::panic_with_hook
                               at /rustc/b940084d7eb6a299eb4bfeb8e34901bc051e7ac4/library/std/src/panicking.rs:823:13
  17:     0x55902e96c8f4 - std[c29fa2d9dbea2b0e]::panicking::panic_handler::{closure#0}
                               at /rustc/b940084d7eb6a299eb4bfeb8e34901bc051e7ac4/library/std/src/panicking.rs:681:13
  18:     0x55902e965089 - std[c29fa2d9dbea2b0e]::sys::backtrace::__rust_end_short_backtrace::<std[c29fa2d9dbea2b0e]::panicking::panic_handler::{closure#0}, !>
                               at /rustc/b940084d7eb6a299eb4bfeb8e34901bc051e7ac4/library/std/src/sys/backtrace.rs:182:18
  19:     0x55902e96d5cd - __rustc[9d087a5ab36ea756]::rust_begin_unwind
                               at /rustc/b940084d7eb6a299eb4bfeb8e34901bc051e7ac4/library/std/src/panicking.rs:679:5
  20:     0x55902e9a5f6c - core[a9090a07a7fa7517]::panicking::panic_fmt
                               at /rustc/b940084d7eb6a299eb4bfeb8e34901bc051e7ac4/library/core/src/panicking.rs:80:14
  21:     0x55902e8f4624 - <kernel_loom[22abcf02c1904b77]::sched::mailbox::MailboxNode<kernel_loom[22abcf02c1904b77]::sched_model::Msg> as core[a9090a07a7fa7517]::ops::drop::Drop>::drop
                               at /home/user/toyos-sessionshares/kernel/loom/src/../../pure/sched/mailbox.rs:178:9
  22:     0x55902e8f4624 - core[a9090a07a7fa7517]::ptr::drop_glue::<kernel_loom[22abcf02c1904b77]::sched::mailbox::MailboxNode<kernel_loom[22abcf02c1904b77]::sched_model::Msg>>
                               at /rustc/b940084d7eb6a299eb4bfeb8e34901bc051e7ac4/library/core/src/ptr/mod.rs:847:1
  23:     0x55902e8f4624 - core[a9090a07a7fa7517]::ptr::drop_glue::<[kernel_loom[22abcf02c1904b77]::sched::mailbox::MailboxNode<kernel_loom[22abcf02c1904b77]::sched_model::Msg>]>
                               at /rustc/b940084d7eb6a299eb4bfeb8e34901bc051e7ac4/library/core/src/ptr/mod.rs:847:1
  24:     0x55902e8f4624 - core[a9090a07a7fa7517]::ptr::drop_glue::<[kernel_loom[22abcf02c1904b77]::sched::mailbox::MailboxNode<kernel_loom[22abcf02c1904b77]::sched_model::Msg>; 2usize]>
                               at /rustc/b940084d7eb6a299eb4bfeb8e34901bc051e7ac4/library/core/src/ptr/mod.rs:847:1
  25:     0x55902e8f4624 - core[a9090a07a7fa7517]::ptr::drop_glue::<loom_sleep[f9009116fab043cd]::World>
                               at /rustc/b940084d7eb6a299eb4bfeb8e34901bc051e7ac4/library/core/src/ptr/mod.rs:847:1
  26:     0x55902e8f0fa0 - core[a9090a07a7fa7517]::ptr::drop_in_place::<loom_sleep[f9009116fab043cd]::World>
                               at /rustc/b940084d7eb6a299eb4bfeb8e34901bc051e7ac4/library/core/src/ptr/mod.rs:842:14
  27:     0x55902e8f0fa0 - <alloc[12ca63220423dfc2]::sync::Arc<loom_sleep[f9009116fab043cd]::World>>::drop_slow
                               at /rustc/b940084d7eb6a299eb4bfeb8e34901bc051e7ac4/library/alloc/src/sync.rs:2149:18
  28:     0x55902e8efeea - loom_sleep[f9009116fab043cd]::a_halted_cpu_with_queued_work_was_kicked::{closure#0}
                               at /home/user/toyos-sessionshares/kernel/loom/tests/loom_sleep.rs:121:5
  29:     0x55902e8efeea - <loom[bcf8177440e2df24]::model::Builder>::check::<loom_sleep[f9009116fab043cd]::a_halted_cpu_with_queued_work_was_kicked::{closure#0}>::{closure#0}
                               at /home/gate/.cargo/git/checkouts/loom-906f299ec1581ba6/dfe3797/src/model.rs:194:17
  30:     0x55902e8efeea - <<loom[bcf8177440e2df24]::model::Builder>::check<loom_sleep[f9009116fab043cd]::a_halted_cpu_with_queued_work_was_kicked::{closure#0}>::{closure#0} as core[a9090a07a7fa7517]::ops::function::FnOnce<()>>::call_once::{shim:vtable#0}
                               at /rustc/b940084d7eb6a299eb4bfeb8e34901bc051e7ac4/library/core/src/ops/function.rs:250:5
  31:     0x55902e9506c5 - <alloc[12ca63220423dfc2]::boxed::Box<dyn core[a9090a07a7fa7517]::ops::function::FnOnce<(), Output = ()>> as core[a9090a07a7fa7517]::ops::function::FnOnce<()>>::call_once
                               at /rustc/b940084d7eb6a299eb4bfeb8e34901bc051e7ac4/library/alloc/src/boxed.rs:2320:9
  32:     0x55902e9506c5 - loom[bcf8177440e2df24]::rt::scheduler::spawn_thread::{closure#0}
                               at /home/gate/.cargo/git/checkouts/loom-906f299ec1581ba6/dfe3797/src/rt/scheduler.rs:142:17
  33:     0x55902e9506c5 - <loom[bcf8177440e2df24]::rt::scheduler::spawn_thread::{closure#0} as core[a9090a07a7fa7517]::ops::function::FnOnce<()>>::call_once
                               at /rustc/b940084d7eb6a299eb4bfeb8e34901bc051e7ac4/library/core/src/ops/function.rs:250:5
  34:     0x55902e9506c5 - <generator[5d01b9439377bc31]::gen_impl::GeneratorImpl<core[a9090a07a7fa7517]::option::Option<alloc[12ca63220423dfc2]::boxed::Box<dyn core[a9090a07a7fa7517]::ops::function::FnOnce<(), Output = ()>>>, ()>>::init_code::<loom[bcf8177440e2df24]::rt::scheduler::spawn_thread::{closure#0}>::{closure#0}
                               at /home/gate/.cargo/registry/src/index.crates.io-1949cf8c6b5b557f/generator-0.8.9/src/gen_impl.rs:357:21
  35:     0x55902e9506c5 - <generator[5d01b9439377bc31]::stack::StackBox<<generator[5d01b9439377bc31]::gen_impl::GeneratorImpl<core[a9090a07a7fa7517]::option::Option<alloc[12ca63220423dfc2]::boxed::Box<dyn core[a9090a07a7fa7517]::ops::function::FnOnce<(), Output = ()>>>, ()>>::init_code<loom[bcf8177440e2df24]::rt::scheduler::spawn_thread::{closure#0}>::{closure#0}>>::call_once
                               at /home/gate/.cargo/registry/src/index.crates.io-1949cf8c6b5b557f/generator-0.8.9/src/stack/mod.rs:137:13
  36:     0x55902e955555 - <generator[5d01b9439377bc31]::stack::Func>::call_once
                               at /home/gate/.cargo/registry/src/index.crates.io-1949cf8c6b5b557f/generator-0.8.9/src/stack/mod.rs:119:9
  37:     0x55902e955555 - generator[5d01b9439377bc31]::detail::gen::gen_init_impl::{closure#0}
                               at /home/gate/.cargo/registry/src/index.crates.io-1949cf8c6b5b557f/generator-0.8.9/src/detail/gen.rs:35:14
  38:     0x55902e955555 - <generator[5d01b9439377bc31]::detail::gen::gen_init_impl::{closure#0} as core[a9090a07a7fa7517]::ops::function::FnOnce<()>>::call_once
                               at /rustc/b940084d7eb6a299eb4bfeb8e34901bc051e7ac4/library/core/src/ops/function.rs:250:5
  39:     0x55902e955555 - std[c29fa2d9dbea2b0e]::panicking::catch_unwind::do_call::<generator[5d01b9439377bc31]::detail::gen::gen_init_impl::{closure#0}, ()>
                               at /rustc/b940084d7eb6a299eb4bfeb8e34901bc051e7ac4/library/std/src/panicking.rs:576:43
  40:     0x55902e955555 - std[c29fa2d9dbea2b0e]::panicking::catch_unwind::<(), generator[5d01b9439377bc31]::detail::gen::gen_init_impl::{closure#0}>
                               at /rustc/b940084d7eb6a299eb4bfeb8e34901bc051e7ac4/library/std/src/panicking.rs:544:19
  41:     0x55902e955555 - std[c29fa2d9dbea2b0e]::panic::catch_unwind::<generator[5d01b9439377bc31]::detail::gen::gen_init_impl::{closure#0}, ()>
                               at /rustc/b940084d7eb6a299eb4bfeb8e34901bc051e7ac4/library/std/src/panic.rs:359:14
  42:     0x55902e955555 - generator[5d01b9439377bc31]::detail::gen::catch_unwind_filter::<generator[5d01b9439377bc31]::detail::gen::gen_init_impl::{closure#0}, ()>
                               at /home/gate/.cargo/registry/src/index.crates.io-1949cf8c6b5b557f/generator-0.8.9/src/detail/gen.rs:23:5
  43:     0x55902e955555 - generator[5d01b9439377bc31]::detail::gen::gen_init_impl
                               at /home/gate/.cargo/registry/src/index.crates.io-1949cf8c6b5b557f/generator-0.8.9/src/detail/gen.rs:50:25
  44:     0x55902e9554d9 - generator[5d01b9439377bc31]::detail::asm::gen_init
                               at /home/gate/.cargo/registry/src/index.crates.io-1949cf8c6b5b557f/generator-0.8.9/src/detail/x86_64_unix.rs:8:5
  45:                0x0 - <unknown>

thread 'a_halted_cpu_with_queued_work_was_kicked' (13883) panicked at kernel/loom/src/../../pure/sched/mailbox.rs:178:9:
mailbox node dropped with a message in flight
stack backtrace:
   0:     0x55902e990901 - std[c29fa2d9dbea2b0e]::backtrace_rs::backtrace::libunwind::trace
                               at /rustc/b940084d7eb6a299eb4bfeb8e34901bc051e7ac4/library/std/src/../../backtrace/src/backtrace/libunwind.rs:117:9
   1:     0x55902e990901 - std[c29fa2d9dbea2b0e]::backtrace_rs::backtrace::trace_unsynchronized::<std[c29fa2d9dbea2b0e]::sys::backtrace::_print_fmt::{closure#1}>
                               at /rustc/b940084d7eb6a299eb4bfeb8e34901bc051e7ac4/library/std/src/../../backtrace/src/backtrace/mod.rs:66:14
   2:     0x55902e990901 - std[c29fa2d9dbea2b0e]::sys::backtrace::_print_fmt
                               at /rustc/b940084d7eb6a299eb4bfeb8e34901bc051e7ac4/library/std/src/sys/backtrace.rs:74:9
   3:     0x55902e990901 - <<std[c29fa2d9dbea2b0e]::sys::backtrace::BacktraceLock>::print::DisplayBacktrace as core[a9090a07a7fa7517]::fmt::Display>::fmt
                               at /rustc/b940084d7eb6a299eb4bfeb8e34901bc051e7ac4/library/std/src/sys/backtrace.rs:44:26
   4:     0x55902e9a575a - <core[a9090a07a7fa7517]::fmt::rt::Argument>::fmt
                               at /rustc/b940084d7eb6a299eb4bfeb8e34901bc051e7ac4/library/core/src/fmt/rt.rs:152:76
   5:     0x55902e9a575a - core[a9090a07a7fa7517]::fmt::write
   6:     0x55902e99539c - core[a9090a07a7fa7517]::io::write::default_write_fmt::<alloc[12ca63220423dfc2]::vec::Vec<u8>>
                               at /rustc/b940084d7eb6a299eb4bfeb8e34901bc051e7ac4/library/core/src/io/write.rs:402:11
   7:     0x55902e99539c - <alloc[12ca63220423dfc2]::vec::Vec<u8> as core[a9090a07a7fa7517]::io::write::Write>::write_fmt
                               at /rustc/b940084d7eb6a299eb4bfeb8e34901bc051e7ac4/library/core/src/io/write.rs:335:13
   8:     0x55902e96c816 - <std[c29fa2d9dbea2b0e]::sys::backtrace::BacktraceLock>::print
                               at /rustc/b940084d7eb6a299eb4bfeb8e34901bc051e7ac4/library/std/src/sys/backtrace.rs:47:9
   9:     0x55902e96c816 - std[c29fa2d9dbea2b0e]::panicking::default_hook::{closure#0}
                               at /rustc/b940084d7eb6a299eb4bfeb8e34901bc051e7ac4/library/std/src/panicking.rs:292:27
  10:     0x55902e988c99 - std[c29fa2d9dbea2b0e]::panicking::default_hook
                               at /rustc/b940084d7eb6a299eb4bfeb8e34901bc051e7ac4/library/std/src/panicking.rs:316:9
  11:     0x55902e905af0 - <alloc[12ca63220423dfc2]::boxed::Box<dyn for<'a, 'b> core[a9090a07a7fa7517]::ops::function::Fn<(&'a std[c29fa2d9dbea2b0e]::panic::PanicHookInfo<'b>,), Output = ()> + core[a9090a07a7fa7517]::marker::Send + core[a9090a07a7fa7517]::marker::Sync> as core[a9090a07a7fa7517]::ops::function::Fn<(&std[c29fa2d9dbea2b0e]::panic::PanicHookInfo,)>>::call
                               at /rustc/b940084d7eb6a299eb4bfeb8e34901bc051e7ac4/library/alloc/src/boxed.rs:2334:9
  12:     0x55902e905af0 - test[de0ab365ed256f3]::test_main_inner::<test[de0ab365ed256f3]::test_main_static::{closure#0}>::{closure#0}
                               at /rustc/b940084d7eb6a299eb4bfeb8e34901bc051e7ac4/library/test/src/lib.rs:155:21
  13:     0x55902e954aca - <alloc[12ca63220423dfc2]::boxed::Box<dyn for<'a, 'b> core[a9090a07a7fa7517]::ops::function::Fn<(&'a std[c29fa2d9dbea2b0e]::panic::PanicHookInfo<'b>,), Output = ()> + core[a9090a07a7fa7517]::marker::Send + core[a9090a07a7fa7517]::marker::Sync> as core[a9090a07a7fa7517]::ops::function::Fn<(&std[c29fa2d9dbea2b0e]::panic::PanicHookInfo,)>>::call
                               at /rustc/b940084d7eb6a299eb4bfeb8e34901bc051e7ac4/library/alloc/src/boxed.rs:2334:9
  14:     0x55902e954aca - generator[5d01b9439377bc31]::detail::gen::catch_unwind_filter::<generator[5d01b9439377bc31]::detail::gen::gen_init_impl::{closure#0}, ()>::{closure#0}::{closure#0}
                               at /home/gate/.cargo/registry/src/index.crates.io-1949cf8c6b5b557f/generator-0.8.9/src/detail/gen.rs:19:13
  15:     0x55902e988fc2 - <alloc[12ca63220423dfc2]::boxed::Box<dyn for<'a, 'b> core[a9090a07a7fa7517]::ops::function::Fn<(&'a std[c29fa2d9dbea2b0e]::panic::PanicHookInfo<'b>,), Output = ()> + core[a9090a07a7fa7517]::marker::Send + core[a9090a07a7fa7517]::marker::Sync> as core[a9090a07a7fa7517]::ops::function::Fn<(&std[c29fa2d9dbea2b0e]::panic::PanicHookInfo,)>>::call
                               at /rustc/b940084d7eb6a299eb4bfeb8e34901bc051e7ac4/library/alloc/src/boxed.rs:2334:9
  16:     0x55902e988fc2 - std[c29fa2d9dbea2b0e]::panicking::panic_with_hook
                               at /rustc/b940084d7eb6a299eb4bfeb8e34901bc051e7ac4/library/std/src/panicking.rs:823:13
  17:     0x55902e96c8f4 - std[c29fa2d9dbea2b0e]::panicking::panic_handler::{closure#0}
                               at /rustc/b940084d7eb6a299eb4bfeb8e34901bc051e7ac4/library/std/src/panicking.rs:681:13
  18:     0x55902e965089 - std[c29fa2d9dbea2b0e]::sys::backtrace::__rust_end_short_backtrace::<std[c29fa2d9dbea2b0e]::panicking::panic_handler::{closure#0}, !>
                               at /rustc/b940084d7eb6a299eb4bfeb8e34901bc051e7ac4/library/std/src/sys/backtrace.rs:182:18
  19:     0x55902e96d5cd - __rustc[9d087a5ab36ea756]::rust_begin_unwind
                               at /rustc/b940084d7eb6a299eb4bfeb8e34901bc051e7ac4/library/std/src/panicking.rs:679:5
  20:     0x55902e9a5f6c - core[a9090a07a7fa7517]::panicking::panic_fmt
                               at /rustc/b940084d7eb6a299eb4bfeb8e34901bc051e7ac4/library/core/src/panicking.rs:80:14
  21:     0x55902e8f3f33 - <kernel_loom[22abcf02c1904b77]::sched::mailbox::MailboxNode<kernel_loom[22abcf02c1904b77]::sched_model::Msg> as core[a9090a07a7fa7517]::ops::drop::Drop>::drop
                               at /home/user/toyos-sessionshares/kernel/loom/src/../../pure/sched/mailbox.rs:178:9
  22:     0x55902e8f3f33 - core[a9090a07a7fa7517]::ptr::drop_glue::<kernel_loom[22abcf02c1904b77]::sched::mailbox::MailboxNode<kernel_loom[22abcf02c1904b77]::sched_model::Msg>>
                               at /rustc/b940084d7eb6a299eb4bfeb8e34901bc051e7ac4/library/core/src/ptr/mod.rs:847:1
  23:     0x55902e8f4654 - core[a9090a07a7fa7517]::ptr::drop_glue::<[kernel_loom[22abcf02c1904b77]::sched::mailbox::MailboxNode<kernel_loom[22abcf02c1904b77]::sched_model::Msg>]>
                               at /rustc/b940084d7eb6a299eb4bfeb8e34901bc051e7ac4/library/core/src/ptr/mod.rs:847:1
  24:     0x55902e8f4654 - core[a9090a07a7fa7517]::ptr::drop_glue::<[kernel_loom[22abcf02c1904b77]::sched::mailbox::MailboxNode<kernel_loom[22abcf02c1904b77]::sched_model::Msg>; 2usize]>
                               at /rustc/b940084d7eb6a299eb4bfeb8e34901bc051e7ac4/library/core/src/ptr/mod.rs:847:1
  25:     0x55902e8f4654 - core[a9090a07a7fa7517]::ptr::drop_glue::<loom_sleep[f9009116fab043cd]::World>
                               at /rustc/b940084d7eb6a299eb4bfeb8e34901bc051e7ac4/library/core/src/ptr/mod.rs:847:1
  26:     0x55902e8f0fa0 - core[a9090a07a7fa7517]::ptr::drop_in_place::<loom_sleep[f9009116fab043cd]::World>
                               at /rustc/b940084d7eb6a299eb4bfeb8e34901bc051e7ac4/library/core/src/ptr/mod.rs:842:14
  27:     0x55902e8f0fa0 - <alloc[12ca63220423dfc2]::sync::Arc<loom_sleep[f9009116fab043cd]::World>>::drop_slow
                               at /rustc/b940084d7eb6a299eb4bfeb8e34901bc051e7ac4/library/alloc/src/sync.rs:2149:18
  28:     0x55902e8efeea - loom_sleep[f9009116fab043cd]::a_halted_cpu_with_queued_work_was_kicked::{closure#0}
                               at /home/user/toyos-sessionshares/kernel/loom/tests/loom_sleep.rs:121:5
  29:     0x55902e8efeea - <loom[bcf8177440e2df24]::model::Builder>::check::<loom_sleep[f9009116fab043cd]::a_halted_cpu_with_queued_work_was_kicked::{closure#0}>::{closure#0}
                               at /home/gate/.cargo/git/checkouts/loom-906f299ec1581ba6/dfe3797/src/model.rs:194:17
  30:     0x55902e8efeea - <<loom[bcf8177440e2df24]::model::Builder>::check<loom_sleep[f9009116fab043cd]::a_halted_cpu_with_queued_work_was_kicked::{closure#0}>::{closure#0} as core[a9090a07a7fa7517]::ops::function::FnOnce<()>>::call_once::{shim:vtable#0}
                               at /rustc/b940084d7eb6a299eb4bfeb8e34901bc051e7ac4/library/core/src/ops/function.rs:250:5
  31:     0x55902e9506c5 - <alloc[12ca63220423dfc2]::boxed::Box<dyn core[a9090a07a7fa7517]::ops::function::FnOnce<(), Output = ()>> as core[a9090a07a7fa7517]::ops::function::FnOnce<()>>::call_once
                               at /rustc/b940084d7eb6a299eb4bfeb8e34901bc051e7ac4/library/alloc/src/boxed.rs:2320:9
  32:     0x55902e9506c5 - loom[bcf8177440e2df24]::rt::scheduler::spawn_thread::{closure#0}
                               at /home/gate/.cargo/git/checkouts/loom-906f299ec1581ba6/dfe3797/src/rt/scheduler.rs:142:17
  33:     0x55902e9506c5 - <loom[bcf8177440e2df24]::rt::scheduler::spawn_thread::{closure#0} as core[a9090a07a7fa7517]::ops::function::FnOnce<()>>::call_once
                               at /rustc/b940084d7eb6a299eb4bfeb8e34901bc051e7ac4/library/core/src/ops/function.rs:250:5
  34:     0x55902e9506c5 - <generator[5d01b9439377bc31]::gen_impl::GeneratorImpl<core[a9090a07a7fa7517]::option::Option<alloc[12ca63220423dfc2]::boxed::Box<dyn core[a9090a07a7fa7517]::ops::function::FnOnce<(), Output = ()>>>, ()>>::init_code::<loom[bcf8177440e2df24]::rt::scheduler::spawn_thread::{closure#0}>::{closure#0}
                               at /home/gate/.cargo/registry/src/index.crates.io-1949cf8c6b5b557f/generator-0.8.9/src/gen_impl.rs:357:21
  35:     0x55902e9506c5 - <generator[5d01b9439377bc31]::stack::StackBox<<generator[5d01b9439377bc31]::gen_impl::GeneratorImpl<core[a9090a07a7fa7517]::option::Option<alloc[12ca63220423dfc2]::boxed::Box<dyn core[a9090a07a7fa7517]::ops::function::FnOnce<(), Output = ()>>>, ()>>::init_code<loom[bcf8177440e2df24]::rt::scheduler::spawn_thread::{closure#0}>::{closure#0}>>::call_once
                               at /home/gate/.cargo/registry/src/index.crates.io-1949cf8c6b5b557f/generator-0.8.9/src/stack/mod.rs:137:13
  36:     0x55902e955555 - <generator[5d01b9439377bc31]::stack::Func>::call_once
                               at /home/gate/.cargo/registry/src/index.crates.io-1949cf8c6b5b557f/generator-0.8.9/src/stack/mod.rs:119:9
  37:     0x55902e955555 - generator[5d01b9439377bc31]::detail::gen::gen_init_impl::{closure#0}
                               at /home/gate/.cargo/registry/src/index.crates.io-1949cf8c6b5b557f/generator-0.8.9/src/detail/gen.rs:35:14
  38:     0x55902e955555 - <generator[5d01b9439377bc31]::detail::gen::gen_init_impl::{closure#0} as core[a9090a07a7fa7517]::ops::function::FnOnce<()>>::call_once
                               at /rustc/b940084d7eb6a299eb4bfeb8e34901bc051e7ac4/library/core/src/ops/function.rs:250:5
  39:     0x55902e955555 - std[c29fa2d9dbea2b0e]::panicking::catch_unwind::do_call::<generator[5d01b9439377bc31]::detail::gen::gen_init_impl::{closure#0}, ()>
                               at /rustc/b940084d7eb6a299eb4bfeb8e34901bc051e7ac4/library/std/src/panicking.rs:576:43
  40:     0x55902e955555 - std[c29fa2d9dbea2b0e]::panicking::catch_unwind::<(), generator[5d01b9439377bc31]::detail::gen::gen_init_impl::{closure#0}>
                               at /rustc/b940084d7eb6a299eb4bfeb8e34901bc051e7ac4/library/std/src/panicking.rs:544:19
  41:     0x55902e955555 - std[c29fa2d9dbea2b0e]::panic::catch_unwind::<generator[5d01b9439377bc31]::detail::gen::gen_init_impl::{closure#0}, ()>
                               at /rustc/b940084d7eb6a299eb4bfeb8e34901bc051e7ac4/library/std/src/panic.rs:359:14
  42:     0x55902e955555 - generator[5d01b9439377bc31]::detail::gen::catch_unwind_filter::<generator[5d01b9439377bc31]::detail::gen::gen_init_impl::{closure#0}, ()>
                               at /home/gate/.cargo/registry/src/index.crates.io-1949cf8c6b5b557f/generator-0.8.9/src/detail/gen.rs:23:5
  43:     0x55902e955555 - generator[5d01b9439377bc31]::detail::gen::gen_init_impl
                               at /home/gate/.cargo/registry/src/index.crates.io-1949cf8c6b5b557f/generator-0.8.9/src/detail/gen.rs:50:25
  44:     0x55902e9554d9 - generator[5d01b9439377bc31]::detail::asm::gen_init
                               at /home/gate/.cargo/registry/src/index.crates.io-1949cf8c6b5b557f/generator-0.8.9/src/detail/x86_64_unix.rs:8:5
  45:                0x0 - <unknown>

thread 'a_halted_cpu_with_queued_work_was_kicked' (13883) panicked at /rustc/b940084d7eb6a299eb4bfeb8e34901bc051e7ac4/library/core/src/panicking.rs:233:5:
panic in a destructor during cleanup
thread caused non-unwinding panic. aborting.
error: test failed, to rerun pass `-p kernel-loom --test loom_sleep`

Caused by:
  process didn't exit successfully: `/home/user/toyos-sessionshares/target/debug/deps/loom_sleep-02c7e7e52b7b4758 --exact a_halted_cpu_with_queued_work_was_kicked` (signal: 6, SIGABRT: process abort signal)
11:26:55 [ci] control `doorbell-kick-relaxed`: 1 verdict(s) reached

11:26:55 === [ci] control `push-fence-relaxed`
   Compiling kernel-loom v0.1.0 (/home/user/toyos-sessionshares/kernel/loom)
    Finished `test` profile [optimized + debuginfo] target(s) in 2.42s
     Running tests/loom_push.rs (target/debug/deps/loom_push-af872d149ad423cc)

running 1 test
test a_cpu_that_halts_without_seeing_the_surplus_was_pushed ... FAILED

failures:

---- a_cpu_that_halts_without_seeing_the_surplus_was_pushed stdout ----

thread 'a_cpu_that_halts_without_seeing_the_surplus_was_pushed' (14141) panicked at kernel/loom/tests/loom_push.rs:143:9:
cpu1 halted with cpu0's surplus of 2 published and no push behind it — both sides of the store-buffer pair missed, which is the pull path's slept-before-the-surplus defect back again, in a window a fence would have closed
stack backtrace:
   0: __rustc::rust_begin_unwind
             at /rustc/b940084d7eb6a299eb4bfeb8e34901bc051e7ac4/library/std/src/panicking.rs:679:5
   1: core::panicking::panic_fmt
             at /rustc/b940084d7eb6a299eb4bfeb8e34901bc051e7ac4/library/core/src/panicking.rs:80:14
   2: loom_push::a_cpu_that_halts_without_seeing_the_surplus_was_pushed::{closure#0}
             at ./tests/loom_push.rs:143:9
   3: <loom::model::Builder>::check::<loom_push::a_cpu_that_halts_without_seeing_the_surplus_was_pushed::{closure#0}>::{closure#0}
             at /home/gate/.cargo/git/checkouts/loom-906f299ec1581ba6/dfe3797/src/model.rs:194:17
   4: <<loom::model::Builder>::check<loom_push::a_cpu_that_halts_without_seeing_the_surplus_was_pushed::{closure#0}>::{closure#0} as core::ops::function::FnOnce<()>>::call_once::{shim:vtable#0}
             at /rustc/b940084d7eb6a299eb4bfeb8e34901bc051e7ac4/library/core/src/ops/function.rs:250:5
   5: <alloc::boxed::Box<dyn core::ops::function::FnOnce<(), Output = ()>> as core::ops::function::FnOnce<()>>::call_once
             at /rustc/b940084d7eb6a299eb4bfeb8e34901bc051e7ac4/library/alloc/src/boxed.rs:2320:9
   6: loom::rt::scheduler::spawn_thread::{closure#0}
             at /home/gate/.cargo/git/checkouts/loom-906f299ec1581ba6/dfe3797/src/rt/scheduler.rs:142:17
   7: <loom::rt::scheduler::spawn_thread::{closure#0} as core::ops::function::FnOnce<()>>::call_once
             at /rustc/b940084d7eb6a299eb4bfeb8e34901bc051e7ac4/library/core/src/ops/function.rs:250:5
   8: <generator::gen_impl::GeneratorImpl<core::option::Option<alloc::boxed::Box<dyn core::ops::function::FnOnce<(), Output = ()>>>, ()>>::init_code::<loom::rt::scheduler::spawn_thread::{closure#0}>::{closure#0}
             at /home/gate/.cargo/registry/src/index.crates.io-1949cf8c6b5b557f/generator-0.8.9/src/gen_impl.rs:357:21
   9: <generator::stack::StackBox<<generator::gen_impl::GeneratorImpl<core::option::Option<alloc::boxed::Box<dyn core::ops::function::FnOnce<(), Output = ()>>>, ()>>::init_code<loom::rt::scheduler::spawn_thread::{closure#0}>::{closure#0}>>::call_once
             at /home/gate/.cargo/registry/src/index.crates.io-1949cf8c6b5b557f/generator-0.8.9/src/stack/mod.rs:137:13
  10: <generator::stack::Func>::call_once
             at /home/gate/.cargo/registry/src/index.crates.io-1949cf8c6b5b557f/generator-0.8.9/src/stack/mod.rs:119:9
  11: generator::detail::gen::gen_init_impl::{closure#0}
             at /home/gate/.cargo/registry/src/index.crates.io-1949cf8c6b5b557f/generator-0.8.9/src/detail/gen.rs:35:14
  12: <generator::detail::gen::gen_init_impl::{closure#0} as core::ops::function::FnOnce<()>>::call_once
             at /rustc/b940084d7eb6a299eb4bfeb8e34901bc051e7ac4/library/core/src/ops/function.rs:250:5
  13: std::panicking::catch_unwind::do_call::<generator::detail::gen::gen_init_impl::{closure#0}, ()>
             at /rustc/b940084d7eb6a299eb4bfeb8e34901bc051e7ac4/library/std/src/panicking.rs:576:43
  14: std::panicking::catch_unwind::<(), generator::detail::gen::gen_init_impl::{closure#0}>
             at /rustc/b940084d7eb6a299eb4bfeb8e34901bc051e7ac4/library/std/src/panicking.rs:544:19
  15: std::panic::catch_unwind::<generator::detail::gen::gen_init_impl::{closure#0}, ()>
             at /rustc/b940084d7eb6a299eb4bfeb8e34901bc051e7ac4/library/std/src/panic.rs:359:14
  16: generator::detail::gen::catch_unwind_filter::<generator::detail::gen::gen_init_impl::{closure#0}, ()>
             at /home/gate/.cargo/registry/src/index.crates.io-1949cf8c6b5b557f/generator-0.8.9/src/detail/gen.rs:23:5
  17: generator::detail::gen::gen_init_impl
             at /home/gate/.cargo/registry/src/index.crates.io-1949cf8c6b5b557f/generator-0.8.9/src/detail/gen.rs:50:25
  18: generator::detail::asm::gen_init
             at /home/gate/.cargo/registry/src/index.crates.io-1949cf8c6b5b557f/generator-0.8.9/src/detail/x86_64_unix.rs:8:5
note: Some details are omitted, run with `RUST_BACKTRACE=full` for a verbose backtrace.


failures:
    a_cpu_that_halts_without_seeing_the_surplus_was_pushed

test result: FAILED. 0 passed; 1 failed; 0 ignored; 0 measured; 1 filtered out; finished in 0.02s

error: test failed, to rerun pass `-p kernel-loom --test loom_push`
11:26:57 [ci] control `push-fence-relaxed`: 1 verdict(s) reached

11:26:57 === [ci] control `commit-ignores-notify`
   Compiling kernel-loom v0.1.0 (/home/user/toyos-sessionshares/kernel/loom)
    Finished `test` profile [optimized + debuginfo] target(s) in 4.54s
     Running tests/loom_watch.rs (target/debug/deps/loom_watch-430f48164fd0ca89)

running 2 tests
test a_post_racing_a_registration_leaves_nobody_parked ... FAILED
test a_fire_racing_a_submitters_park_is_never_lost ... FAILED

failures:

---- a_post_racing_a_registration_leaves_nobody_parked stdout ----

thread 'a_post_racing_a_registration_leaves_nobody_parked' (14427) panicked at kernel/loom/tests/loom_watch.rs:244:13:
assertion `left == right` failed: parked with the condition true and no wake owed: the post was lost
  left: []
 right: [Wake(TaskKey(1), Woken)]
stack backtrace:
   0: __rustc::rust_begin_unwind
             at /rustc/b940084d7eb6a299eb4bfeb8e34901bc051e7ac4/library/std/src/panicking.rs:679:5
   1: core::panicking::panic_fmt
             at /rustc/b940084d7eb6a299eb4bfeb8e34901bc051e7ac4/library/core/src/panicking.rs:80:14
   2: core::panicking::assert_failed_inner
             at /rustc/b940084d7eb6a299eb4bfeb8e34901bc051e7ac4/library/core/src/panicking.rs:447:23
   3: core::panicking::assert_failed::<alloc::vec::Vec<kernel_loom::sched_model::Msg>, [kernel_loom::sched_model::Msg; 1]>
             at /rustc/b940084d7eb6a299eb4bfeb8e34901bc051e7ac4/library/core/src/panicking.rs:407:5
   4: loom_watch::a_post_racing_a_registration_leaves_nobody_parked::{closure#0}
             at ./tests/loom_watch.rs:244:13
   5: <loom::model::Builder>::check::<loom_watch::a_post_racing_a_registration_leaves_nobody_parked::{closure#0}>::{closure#0}
             at /home/gate/.cargo/git/checkouts/loom-906f299ec1581ba6/dfe3797/src/model.rs:194:17
   6: <<loom::model::Builder>::check<loom_watch::a_post_racing_a_registration_leaves_nobody_parked::{closure#0}>::{closure#0} as core::ops::function::FnOnce<()>>::call_once::{shim:vtable#0}
             at /rustc/b940084d7eb6a299eb4bfeb8e34901bc051e7ac4/library/core/src/ops/function.rs:250:5
   7: <alloc::boxed::Box<dyn core::ops::function::FnOnce<(), Output = ()>> as core::ops::function::FnOnce<()>>::call_once
             at /rustc/b940084d7eb6a299eb4bfeb8e34901bc051e7ac4/library/alloc/src/boxed.rs:2320:9
   8: loom::rt::scheduler::spawn_thread::{closure#0}
             at /home/gate/.cargo/git/checkouts/loom-906f299ec1581ba6/dfe3797/src/rt/scheduler.rs:142:17
   9: <loom::rt::scheduler::spawn_thread::{closure#0} as core::ops::function::FnOnce<()>>::call_once
             at /rustc/b940084d7eb6a299eb4bfeb8e34901bc051e7ac4/library/core/src/ops/function.rs:250:5
  10: <generator::gen_impl::GeneratorImpl<core::option::Option<alloc::boxed::Box<dyn core::ops::function::FnOnce<(), Output = ()>>>, ()>>::init_code::<loom::rt::scheduler::spawn_thread::{closure#0}>::{closure#0}
             at /home/gate/.cargo/registry/src/index.crates.io-1949cf8c6b5b557f/generator-0.8.9/src/gen_impl.rs:357:21
  11: <generator::stack::StackBox<<generator::gen_impl::GeneratorImpl<core::option::Option<alloc::boxed::Box<dyn core::ops::function::FnOnce<(), Output = ()>>>, ()>>::init_code<loom::rt::scheduler::spawn_thread::{closure#0}>::{closure#0}>>::call_once
             at /home/gate/.cargo/registry/src/index.crates.io-1949cf8c6b5b557f/generator-0.8.9/src/stack/mod.rs:137:13
  12: <generator::stack::Func>::call_once
             at /home/gate/.cargo/registry/src/index.crates.io-1949cf8c6b5b557f/generator-0.8.9/src/stack/mod.rs:119:9
  13: generator::detail::gen::gen_init_impl::{closure#0}
             at /home/gate/.cargo/registry/src/index.crates.io-1949cf8c6b5b557f/generator-0.8.9/src/detail/gen.rs:35:14
  14: <generator::detail::gen::gen_init_impl::{closure#0} as core::ops::function::FnOnce<()>>::call_once
             at /rustc/b940084d7eb6a299eb4bfeb8e34901bc051e7ac4/library/core/src/ops/function.rs:250:5
  15: std::panicking::catch_unwind::do_call::<generator::detail::gen::gen_init_impl::{closure#0}, ()>
             at /rustc/b940084d7eb6a299eb4bfeb8e34901bc051e7ac4/library/std/src/panicking.rs:576:43
  16: std::panicking::catch_unwind::<(), generator::detail::gen::gen_init_impl::{closure#0}>
             at /rustc/b940084d7eb6a299eb4bfeb8e34901bc051e7ac4/library/std/src/panicking.rs:544:19
  17: std::panic::catch_unwind::<generator::detail::gen::gen_init_impl::{closure#0}, ()>
             at /rustc/b940084d7eb6a299eb4bfeb8e34901bc051e7ac4/library/std/src/panic.rs:359:14
  18: generator::detail::gen::catch_unwind_filter::<generator::detail::gen::gen_init_impl::{closure#0}, ()>
             at /home/gate/.cargo/registry/src/index.crates.io-1949cf8c6b5b557f/generator-0.8.9/src/detail/gen.rs:23:5
  19: generator::detail::gen::gen_init_impl
             at /home/gate/.cargo/registry/src/index.crates.io-1949cf8c6b5b557f/generator-0.8.9/src/detail/gen.rs:50:25
  20: generator::detail::asm::gen_init
             at /home/gate/.cargo/registry/src/index.crates.io-1949cf8c6b5b557f/generator-0.8.9/src/detail/x86_64_unix.rs:8:5
note: Some details are omitted, run with `RUST_BACKTRACE=full` for a verbose backtrace.

---- a_fire_racing_a_submitters_park_is_never_lost stdout ----

thread 'a_fire_racing_a_submitters_park_is_never_lost' (14426) panicked at kernel/loom/tests/loom_watch.rs:850:13:
assertion `left == right` failed: parked over a fired poll and no wake owed: a fire was lost
  left: []
 right: [Wake(TaskKey(1), Woken)]
stack backtrace:
   0: __rustc::rust_begin_unwind
             at /rustc/b940084d7eb6a299eb4bfeb8e34901bc051e7ac4/library/std/src/panicking.rs:679:5
   1: core::panicking::panic_fmt
             at /rustc/b940084d7eb6a299eb4bfeb8e34901bc051e7ac4/library/core/src/panicking.rs:80:14
   2: core::panicking::assert_failed_inner
             at /rustc/b940084d7eb6a299eb4bfeb8e34901bc051e7ac4/library/core/src/panicking.rs:447:23
   3: core::panicking::assert_failed::<alloc::vec::Vec<kernel_loom::sched_model::Msg>, [kernel_loom::sched_model::Msg; 1]>
             at /rustc/b940084d7eb6a299eb4bfeb8e34901bc051e7ac4/library/core/src/panicking.rs:407:5
   4: loom_watch::a_fire_racing_a_submitters_park_is_never_lost::{closure#0}
             at ./tests/loom_watch.rs:850:13
   5: <loom::model::Builder>::check::<loom_watch::a_fire_racing_a_submitters_park_is_never_lost::{closure#0}>::{closure#0}
             at /home/gate/.cargo/git/checkouts/loom-906f299ec1581ba6/dfe3797/src/model.rs:194:17
   6: <<loom::model::Builder>::check<loom_watch::a_fire_racing_a_submitters_park_is_never_lost::{closure#0}>::{closure#0} as core::ops::function::FnOnce<()>>::call_once::{shim:vtable#0}
             at /rustc/b940084d7eb6a299eb4bfeb8e34901bc051e7ac4/library/core/src/ops/function.rs:250:5
   7: <alloc::boxed::Box<dyn core::ops::function::FnOnce<(), Output = ()>> as core::ops::function::FnOnce<()>>::call_once
             at /rustc/b940084d7eb6a299eb4bfeb8e34901bc051e7ac4/library/alloc/src/boxed.rs:2320:9
   8: loom::rt::scheduler::spawn_thread::{closure#0}
             at /home/gate/.cargo/git/checkouts/loom-906f299ec1581ba6/dfe3797/src/rt/scheduler.rs:142:17
   9: <loom::rt::scheduler::spawn_thread::{closure#0} as core::ops::function::FnOnce<()>>::call_once
             at /rustc/b940084d7eb6a299eb4bfeb8e34901bc051e7ac4/library/core/src/ops/function.rs:250:5
  10: <generator::gen_impl::GeneratorImpl<core::option::Option<alloc::boxed::Box<dyn core::ops::function::FnOnce<(), Output = ()>>>, ()>>::init_code::<loom::rt::scheduler::spawn_thread::{closure#0}>::{closure#0}
             at /home/gate/.cargo/registry/src/index.crates.io-1949cf8c6b5b557f/generator-0.8.9/src/gen_impl.rs:357:21
  11: <generator::stack::StackBox<<generator::gen_impl::GeneratorImpl<core::option::Option<alloc::boxed::Box<dyn core::ops::function::FnOnce<(), Output = ()>>>, ()>>::init_code<loom::rt::scheduler::spawn_thread::{closure#0}>::{closure#0}>>::call_once
             at /home/gate/.cargo/registry/src/index.crates.io-1949cf8c6b5b557f/generator-0.8.9/src/stack/mod.rs:137:13
  12: <generator::stack::Func>::call_once
             at /home/gate/.cargo/registry/src/index.crates.io-1949cf8c6b5b557f/generator-0.8.9/src/stack/mod.rs:119:9
  13: generator::detail::gen::gen_init_impl::{closure#0}
             at /home/gate/.cargo/registry/src/index.crates.io-1949cf8c6b5b557f/generator-0.8.9/src/detail/gen.rs:35:14
  14: <generator::detail::gen::gen_init_impl::{closure#0} as core::ops::function::FnOnce<()>>::call_once
             at /rustc/b940084d7eb6a299eb4bfeb8e34901bc051e7ac4/library/core/src/ops/function.rs:250:5
  15: std::panicking::catch_unwind::do_call::<generator::detail::gen::gen_init_impl::{closure#0}, ()>
             at /rustc/b940084d7eb6a299eb4bfeb8e34901bc051e7ac4/library/std/src/panicking.rs:576:43
  16: std::panicking::catch_unwind::<(), generator::detail::gen::gen_init_impl::{closure#0}>
             at /rustc/b940084d7eb6a299eb4bfeb8e34901bc051e7ac4/library/std/src/panicking.rs:544:19
  17: std::panic::catch_unwind::<generator::detail::gen::gen_init_impl::{closure#0}, ()>
             at /rustc/b940084d7eb6a299eb4bfeb8e34901bc051e7ac4/library/std/src/panic.rs:359:14
  18: generator::detail::gen::catch_unwind_filter::<generator::detail::gen::gen_init_impl::{closure#0}, ()>
             at /home/gate/.cargo/registry/src/index.crates.io-1949cf8c6b5b557f/generator-0.8.9/src/detail/gen.rs:23:5
  19: generator::detail::gen::gen_init_impl
             at /home/gate/.cargo/registry/src/index.crates.io-1949cf8c6b5b557f/generator-0.8.9/src/detail/gen.rs:50:25
  20: generator::detail::asm::gen_init
             at /home/gate/.cargo/registry/src/index.crates.io-1949cf8c6b5b557f/generator-0.8.9/src/detail/x86_64_unix.rs:8:5
note: Some details are omitted, run with `RUST_BACKTRACE=full` for a verbose backtrace.


failures:
    a_fire_racing_a_submitters_park_is_never_lost
    a_post_racing_a_registration_leaves_nobody_parked

test result: FAILED. 0 passed; 2 failed; 0 ignored; 0 measured; 10 filtered out; finished in 0.17s

error: test failed, to rerun pass `-p kernel-loom --test loom_watch`
11:27:02 [ci] control `commit-ignores-notify`: 2 verdict(s) reached

11:27:02 === [ci] control `notify-flag-load-only`
   Compiling kernel-loom v0.1.0 (/home/user/toyos-sessionshares/kernel/loom)
    Finished `test` profile [optimized + debuginfo] target(s) in 4.23s
     Running tests/loom_watch.rs (target/debug/deps/loom_watch-7c339298e1b43e5c)

running 1 test
test a_second_post_is_not_lost_to_a_flag_the_waiter_consumed ... FAILED

failures:

---- a_second_post_is_not_lost_to_a_flag_the_waiter_consumed stdout ----

thread 'a_second_post_is_not_lost_to_a_flag_the_waiter_consumed' (14715) panicked at kernel/loom/tests/loom_watch.rs:454:13:
assertion `left == right` failed: parked with both conditions true and no wake owed: a post answered off a load
  left: []
 right: [Wake(TaskKey(1), Woken)]
stack backtrace:
   0: __rustc::rust_begin_unwind
             at /rustc/b940084d7eb6a299eb4bfeb8e34901bc051e7ac4/library/std/src/panicking.rs:679:5
   1: core::panicking::panic_fmt
             at /rustc/b940084d7eb6a299eb4bfeb8e34901bc051e7ac4/library/core/src/panicking.rs:80:14
   2: core::panicking::assert_failed_inner
             at /rustc/b940084d7eb6a299eb4bfeb8e34901bc051e7ac4/library/core/src/panicking.rs:447:23
   3: core::panicking::assert_failed::<alloc::vec::Vec<kernel_loom::sched_model::Msg>, [kernel_loom::sched_model::Msg; 1]>
             at /rustc/b940084d7eb6a299eb4bfeb8e34901bc051e7ac4/library/core/src/panicking.rs:407:5
   4: loom_watch::a_second_post_is_not_lost_to_a_flag_the_waiter_consumed::{closure#0}
             at ./tests/loom_watch.rs:454:13
   5: <loom::model::Builder>::check::<loom_watch::a_second_post_is_not_lost_to_a_flag_the_waiter_consumed::{closure#0}>::{closure#0}
             at /home/gate/.cargo/git/checkouts/loom-906f299ec1581ba6/dfe3797/src/model.rs:194:17
   6: <<loom::model::Builder>::check<loom_watch::a_second_post_is_not_lost_to_a_flag_the_waiter_consumed::{closure#0}>::{closure#0} as core::ops::function::FnOnce<()>>::call_once::{shim:vtable#0}
             at /rustc/b940084d7eb6a299eb4bfeb8e34901bc051e7ac4/library/core/src/ops/function.rs:250:5
   7: <alloc::boxed::Box<dyn core::ops::function::FnOnce<(), Output = ()>> as core::ops::function::FnOnce<()>>::call_once
             at /rustc/b940084d7eb6a299eb4bfeb8e34901bc051e7ac4/library/alloc/src/boxed.rs:2320:9
   8: loom::rt::scheduler::spawn_thread::{closure#0}
             at /home/gate/.cargo/git/checkouts/loom-906f299ec1581ba6/dfe3797/src/rt/scheduler.rs:142:17
   9: <loom::rt::scheduler::spawn_thread::{closure#0} as core::ops::function::FnOnce<()>>::call_once
             at /rustc/b940084d7eb6a299eb4bfeb8e34901bc051e7ac4/library/core/src/ops/function.rs:250:5
  10: <generator::gen_impl::GeneratorImpl<core::option::Option<alloc::boxed::Box<dyn core::ops::function::FnOnce<(), Output = ()>>>, ()>>::init_code::<loom::rt::scheduler::spawn_thread::{closure#0}>::{closure#0}
             at /home/gate/.cargo/registry/src/index.crates.io-1949cf8c6b5b557f/generator-0.8.9/src/gen_impl.rs:357:21
  11: <generator::stack::StackBox<<generator::gen_impl::GeneratorImpl<core::option::Option<alloc::boxed::Box<dyn core::ops::function::FnOnce<(), Output = ()>>>, ()>>::init_code<loom::rt::scheduler::spawn_thread::{closure#0}>::{closure#0}>>::call_once
             at /home/gate/.cargo/registry/src/index.crates.io-1949cf8c6b5b557f/generator-0.8.9/src/stack/mod.rs:137:13
  12: <generator::stack::Func>::call_once
             at /home/gate/.cargo/registry/src/index.crates.io-1949cf8c6b5b557f/generator-0.8.9/src/stack/mod.rs:119:9
  13: generator::detail::gen::gen_init_impl::{closure#0}
             at /home/gate/.cargo/registry/src/index.crates.io-1949cf8c6b5b557f/generator-0.8.9/src/detail/gen.rs:35:14
  14: <generator::detail::gen::gen_init_impl::{closure#0} as core::ops::function::FnOnce<()>>::call_once
             at /rustc/b940084d7eb6a299eb4bfeb8e34901bc051e7ac4/library/core/src/ops/function.rs:250:5
  15: std::panicking::catch_unwind::do_call::<generator::detail::gen::gen_init_impl::{closure#0}, ()>
             at /rustc/b940084d7eb6a299eb4bfeb8e34901bc051e7ac4/library/std/src/panicking.rs:576:43
  16: std::panicking::catch_unwind::<(), generator::detail::gen::gen_init_impl::{closure#0}>
             at /rustc/b940084d7eb6a299eb4bfeb8e34901bc051e7ac4/library/std/src/panicking.rs:544:19
  17: std::panic::catch_unwind::<generator::detail::gen::gen_init_impl::{closure#0}, ()>
             at /rustc/b940084d7eb6a299eb4bfeb8e34901bc051e7ac4/library/std/src/panic.rs:359:14
  18: generator::detail::gen::catch_unwind_filter::<generator::detail::gen::gen_init_impl::{closure#0}, ()>
             at /home/gate/.cargo/registry/src/index.crates.io-1949cf8c6b5b557f/generator-0.8.9/src/detail/gen.rs:23:5
  19: generator::detail::gen::gen_init_impl
             at /home/gate/.cargo/registry/src/index.crates.io-1949cf8c6b5b557f/generator-0.8.9/src/detail/gen.rs:50:25
  20: generator::detail::asm::gen_init
             at /home/gate/.cargo/registry/src/index.crates.io-1949cf8c6b5b557f/generator-0.8.9/src/detail/x86_64_unix.rs:8:5
note: Some details are omitted, run with `RUST_BACKTRACE=full` for a verbose backtrace.


failures:
    a_second_post_is_not_lost_to_a_flag_the_waiter_consumed

test result: FAILED. 0 passed; 1 failed; 0 ignored; 0 measured; 11 filtered out; finished in 3.07s

error: test failed, to rerun pass `-p kernel-loom --test loom_watch`
11:27:09 [ci] control `notify-flag-load-only`: 1 verdict(s) reached

11:27:09 === [ci] control `gate-fence-off`
   Compiling kernel-loom v0.1.0 (/home/user/toyos-sessionshares/kernel/loom)
    Finished `test` profile [optimized + debuginfo] target(s) in 4.15s
     Running tests/loom_watch.rs (target/debug/deps/loom_watch-9d2989de70f4dd56)

running 1 test
test a_transition_racing_an_opening_gate_is_never_missed ... FAILED

failures:

---- a_transition_racing_an_opening_gate_is_never_missed stdout ----

thread 'a_transition_racing_an_opening_gate_is_never_missed' (15009) panicked at kernel/loom/tests/loom_watch.rs:602:13:
assertion `left == right` failed: the stop parked over a thread that had parked, and nothing posted it
  left: []
 right: [Wake(TaskKey(1), Woken)]
stack backtrace:
   0: __rustc::rust_begin_unwind
             at /rustc/b940084d7eb6a299eb4bfeb8e34901bc051e7ac4/library/std/src/panicking.rs:679:5
   1: core::panicking::panic_fmt
             at /rustc/b940084d7eb6a299eb4bfeb8e34901bc051e7ac4/library/core/src/panicking.rs:80:14
   2: core::panicking::assert_failed_inner
             at /rustc/b940084d7eb6a299eb4bfeb8e34901bc051e7ac4/library/core/src/panicking.rs:447:23
   3: core::panicking::assert_failed::<alloc::vec::Vec<kernel_loom::sched_model::Msg>, [kernel_loom::sched_model::Msg; 1]>
             at /rustc/b940084d7eb6a299eb4bfeb8e34901bc051e7ac4/library/core/src/panicking.rs:407:5
   4: loom_watch::a_transition_racing_an_opening_gate_is_never_missed::{closure#0}
             at ./tests/loom_watch.rs:602:13
   5: <loom::model::Builder>::check::<loom_watch::a_transition_racing_an_opening_gate_is_never_missed::{closure#0}>::{closure#0}
             at /home/gate/.cargo/git/checkouts/loom-906f299ec1581ba6/dfe3797/src/model.rs:194:17
   6: <<loom::model::Builder>::check<loom_watch::a_transition_racing_an_opening_gate_is_never_missed::{closure#0}>::{closure#0} as core::ops::function::FnOnce<()>>::call_once::{shim:vtable#0}
             at /rustc/b940084d7eb6a299eb4bfeb8e34901bc051e7ac4/library/core/src/ops/function.rs:250:5
   7: <alloc::boxed::Box<dyn core::ops::function::FnOnce<(), Output = ()>> as core::ops::function::FnOnce<()>>::call_once
             at /rustc/b940084d7eb6a299eb4bfeb8e34901bc051e7ac4/library/alloc/src/boxed.rs:2320:9
   8: loom::rt::scheduler::spawn_thread::{closure#0}
             at /home/gate/.cargo/git/checkouts/loom-906f299ec1581ba6/dfe3797/src/rt/scheduler.rs:142:17
   9: <loom::rt::scheduler::spawn_thread::{closure#0} as core::ops::function::FnOnce<()>>::call_once
             at /rustc/b940084d7eb6a299eb4bfeb8e34901bc051e7ac4/library/core/src/ops/function.rs:250:5
  10: <generator::gen_impl::GeneratorImpl<core::option::Option<alloc::boxed::Box<dyn core::ops::function::FnOnce<(), Output = ()>>>, ()>>::init_code::<loom::rt::scheduler::spawn_thread::{closure#0}>::{closure#0}
             at /home/gate/.cargo/registry/src/index.crates.io-1949cf8c6b5b557f/generator-0.8.9/src/gen_impl.rs:357:21
  11: <generator::stack::StackBox<<generator::gen_impl::GeneratorImpl<core::option::Option<alloc::boxed::Box<dyn core::ops::function::FnOnce<(), Output = ()>>>, ()>>::init_code<loom::rt::scheduler::spawn_thread::{closure#0}>::{closure#0}>>::call_once
             at /home/gate/.cargo/registry/src/index.crates.io-1949cf8c6b5b557f/generator-0.8.9/src/stack/mod.rs:137:13
  12: <generator::stack::Func>::call_once
             at /home/gate/.cargo/registry/src/index.crates.io-1949cf8c6b5b557f/generator-0.8.9/src/stack/mod.rs:119:9
  13: generator::detail::gen::gen_init_impl::{closure#0}
             at /home/gate/.cargo/registry/src/index.crates.io-1949cf8c6b5b557f/generator-0.8.9/src/detail/gen.rs:35:14
  14: <generator::detail::gen::gen_init_impl::{closure#0} as core::ops::function::FnOnce<()>>::call_once
             at /rustc/b940084d7eb6a299eb4bfeb8e34901bc051e7ac4/library/core/src/ops/function.rs:250:5
  15: std::panicking::catch_unwind::do_call::<generator::detail::gen::gen_init_impl::{closure#0}, ()>
             at /rustc/b940084d7eb6a299eb4bfeb8e34901bc051e7ac4/library/std/src/panicking.rs:576:43
  16: std::panicking::catch_unwind::<(), generator::detail::gen::gen_init_impl::{closure#0}>
             at /rustc/b940084d7eb6a299eb4bfeb8e34901bc051e7ac4/library/std/src/panicking.rs:544:19
  17: std::panic::catch_unwind::<generator::detail::gen::gen_init_impl::{closure#0}, ()>
             at /rustc/b940084d7eb6a299eb4bfeb8e34901bc051e7ac4/library/std/src/panic.rs:359:14
  18: generator::detail::gen::catch_unwind_filter::<generator::detail::gen::gen_init_impl::{closure#0}, ()>
             at /home/gate/.cargo/registry/src/index.crates.io-1949cf8c6b5b557f/generator-0.8.9/src/detail/gen.rs:23:5
  19: generator::detail::gen::gen_init_impl
             at /home/gate/.cargo/registry/src/index.crates.io-1949cf8c6b5b557f/generator-0.8.9/src/detail/gen.rs:50:25
  20: generator::detail::asm::gen_init
             at /home/gate/.cargo/registry/src/index.crates.io-1949cf8c6b5b557f/generator-0.8.9/src/detail/x86_64_unix.rs:8:5
note: Some details are omitted, run with `RUST_BACKTRACE=full` for a verbose backtrace.


failures:
    a_transition_racing_an_opening_gate_is_never_missed

test result: FAILED. 0 passed; 1 failed; 0 ignored; 0 measured; 11 filtered out; finished in 0.02s

error: test failed, to rerun pass `-p kernel-loom --test loom_watch`
11:27:14 [ci] control `gate-fence-off`: 1 verdict(s) reached

11:27:14 === [ci] control `poll-fire-load-store`
   Compiling kernel-loom v0.1.0 (/home/user/toyos-sessionshares/kernel/loom)
    Finished `test` profile [optimized + debuginfo] target(s) in 2.86s
     Running tests/loom_watch.rs (target/debug/deps/loom_watch-ef746fce775dbf35)

running 3 tests
test a_poll_on_two_watches_racing_both_posts_completes_exactly_once ... FAILED
test a_poll_registered_racing_a_post_in_place_completes_exactly_once ... FAILED
test a_poll_registered_racing_a_post_completes_exactly_once ... FAILED

failures:

---- a_poll_on_two_watches_racing_both_posts_completes_exactly_once stdout ----

thread 'a_poll_on_two_watches_racing_both_posts_completes_exactly_once' (15158) panicked at kernel/loom/tests/loom_watch.rs:658:9:
assertion `left == right` failed: a poll over a ready object completes once
  left: 2
 right: 1
stack backtrace:
   0: __rustc::rust_begin_unwind
             at /rustc/b940084d7eb6a299eb4bfeb8e34901bc051e7ac4/library/std/src/panicking.rs:679:5
   1: core::panicking::panic_fmt
             at /rustc/b940084d7eb6a299eb4bfeb8e34901bc051e7ac4/library/core/src/panicking.rs:80:14
   2: core::panicking::assert_failed_inner
             at /rustc/b940084d7eb6a299eb4bfeb8e34901bc051e7ac4/library/core/src/panicking.rs:447:23
   3: core::panicking::assert_failed::<u32, u32>
             at /rustc/b940084d7eb6a299eb4bfeb8e34901bc051e7ac4/library/core/src/panicking.rs:407:5
   4: loom_watch::a_poll_on_two_watches_racing_both_posts_completes_exactly_once::{closure#0}
             at ./tests/loom_watch.rs:658:9
   5: <loom::model::Builder>::check::<loom_watch::a_poll_on_two_watches_racing_both_posts_completes_exactly_once::{closure#0}>::{closure#0}
             at /home/gate/.cargo/git/checkouts/loom-906f299ec1581ba6/dfe3797/src/model.rs:194:17
   6: <<loom::model::Builder>::check<loom_watch::a_poll_on_two_watches_racing_both_posts_completes_exactly_once::{closure#0}>::{closure#0} as core::ops::function::FnOnce<()>>::call_once::{shim:vtable#0}
             at /rustc/b940084d7eb6a299eb4bfeb8e34901bc051e7ac4/library/core/src/ops/function.rs:250:5
   7: <alloc::boxed::Box<dyn core::ops::function::FnOnce<(), Output = ()>> as core::ops::function::FnOnce<()>>::call_once
             at /rustc/b940084d7eb6a299eb4bfeb8e34901bc051e7ac4/library/alloc/src/boxed.rs:2320:9
   8: loom::rt::scheduler::spawn_thread::{closure#0}
             at /home/gate/.cargo/git/checkouts/loom-906f299ec1581ba6/dfe3797/src/rt/scheduler.rs:142:17
   9: <loom::rt::scheduler::spawn_thread::{closure#0} as core::ops::function::FnOnce<()>>::call_once
             at /rustc/b940084d7eb6a299eb4bfeb8e34901bc051e7ac4/library/core/src/ops/function.rs:250:5
  10: <generator::gen_impl::GeneratorImpl<core::option::Option<alloc::boxed::Box<dyn core::ops::function::FnOnce<(), Output = ()>>>, ()>>::init_code::<loom::rt::scheduler::spawn_thread::{closure#0}>::{closure#0}
             at /home/gate/.cargo/registry/src/index.crates.io-1949cf8c6b5b557f/generator-0.8.9/src/gen_impl.rs:357:21
  11: <generator::stack::StackBox<<generator::gen_impl::GeneratorImpl<core::option::Option<alloc::boxed::Box<dyn core::ops::function::FnOnce<(), Output = ()>>>, ()>>::init_code<loom::rt::scheduler::spawn_thread::{closure#0}>::{closure#0}>>::call_once
             at /home/gate/.cargo/registry/src/index.crates.io-1949cf8c6b5b557f/generator-0.8.9/src/stack/mod.rs:137:13
  12: <generator::stack::Func>::call_once
             at /home/gate/.cargo/registry/src/index.crates.io-1949cf8c6b5b557f/generator-0.8.9/src/stack/mod.rs:119:9
  13: generator::detail::gen::gen_init_impl::{closure#0}
             at /home/gate/.cargo/registry/src/index.crates.io-1949cf8c6b5b557f/generator-0.8.9/src/detail/gen.rs:35:14
  14: <generator::detail::gen::gen_init_impl::{closure#0} as core::ops::function::FnOnce<()>>::call_once
             at /rustc/b940084d7eb6a299eb4bfeb8e34901bc051e7ac4/library/core/src/ops/function.rs:250:5
  15: std::panicking::catch_unwind::do_call::<generator::detail::gen::gen_init_impl::{closure#0}, ()>
             at /rustc/b940084d7eb6a299eb4bfeb8e34901bc051e7ac4/library/std/src/panicking.rs:576:43
  16: std::panicking::catch_unwind::<(), generator::detail::gen::gen_init_impl::{closure#0}>
             at /rustc/b940084d7eb6a299eb4bfeb8e34901bc051e7ac4/library/std/src/panicking.rs:544:19
  17: std::panic::catch_unwind::<generator::detail::gen::gen_init_impl::{closure#0}, ()>
             at /rustc/b940084d7eb6a299eb4bfeb8e34901bc051e7ac4/library/std/src/panic.rs:359:14
  18: generator::detail::gen::catch_unwind_filter::<generator::detail::gen::gen_init_impl::{closure#0}, ()>
             at /home/gate/.cargo/registry/src/index.crates.io-1949cf8c6b5b557f/generator-0.8.9/src/detail/gen.rs:23:5
  19: generator::detail::gen::gen_init_impl
             at /home/gate/.cargo/registry/src/index.crates.io-1949cf8c6b5b557f/generator-0.8.9/src/detail/gen.rs:50:25
  20: generator::detail::asm::gen_init
             at /home/gate/.cargo/registry/src/index.crates.io-1949cf8c6b5b557f/generator-0.8.9/src/detail/x86_64_unix.rs:8:5
note: Some details are omitted, run with `RUST_BACKTRACE=full` for a verbose backtrace.

---- a_poll_registered_racing_a_post_in_place_completes_exactly_once stdout ----

thread 'a_poll_registered_racing_a_post_in_place_completes_exactly_once' (15160) panicked at kernel/loom/tests/loom_watch.rs:351:5:
assertion `left == right` failed: a poll over a ready object completes once
  left: 2
 right: 1
stack backtrace:
   0: __rustc::rust_begin_unwind
             at /rustc/b940084d7eb6a299eb4bfeb8e34901bc051e7ac4/library/std/src/panicking.rs:679:5
   1: core::panicking::panic_fmt
             at /rustc/b940084d7eb6a299eb4bfeb8e34901bc051e7ac4/library/core/src/panicking.rs:80:14
   2: core::panicking::assert_failed_inner
             at /rustc/b940084d7eb6a299eb4bfeb8e34901bc051e7ac4/library/core/src/panicking.rs:447:23
   3: core::panicking::assert_failed::<u32, u32>
             at /rustc/b940084d7eb6a299eb4bfeb8e34901bc051e7ac4/library/core/src/panicking.rs:407:5
   4: loom_watch::poll_racing
   5: loom_watch::a_poll_registered_racing_a_post_in_place_completes_exactly_once::{closure#0}
             at ./tests/loom_watch.rs:311:14
   6: <loom::model::Builder>::check::<loom_watch::a_poll_registered_racing_a_post_in_place_completes_exactly_once::{closure#0}>::{closure#0}
             at /home/gate/.cargo/git/checkouts/loom-906f299ec1581ba6/dfe3797/src/model.rs:194:17
   7: <<loom::model::Builder>::check<loom_watch::a_poll_registered_racing_a_post_in_place_completes_exactly_once::{closure#0}>::{closure#0} as core::ops::function::FnOnce<()>>::call_once::{shim:vtable#0}
             at /rustc/b940084d7eb6a299eb4bfeb8e34901bc051e7ac4/library/core/src/ops/function.rs:250:5
   8: <alloc::boxed::Box<dyn core::ops::function::FnOnce<(), Output = ()>> as core::ops::function::FnOnce<()>>::call_once
             at /rustc/b940084d7eb6a299eb4bfeb8e34901bc051e7ac4/library/alloc/src/boxed.rs:2320:9
   9: loom::rt::scheduler::spawn_thread::{closure#0}
             at /home/gate/.cargo/git/checkouts/loom-906f299ec1581ba6/dfe3797/src/rt/scheduler.rs:142:17
  10: <loom::rt::scheduler::spawn_thread::{closure#0} as core::ops::function::FnOnce<()>>::call_once
             at /rustc/b940084d7eb6a299eb4bfeb8e34901bc051e7ac4/library/core/src/ops/function.rs:250:5
  11: <generator::gen_impl::GeneratorImpl<core::option::Option<alloc::boxed::Box<dyn core::ops::function::FnOnce<(), Output = ()>>>, ()>>::init_code::<loom::rt::scheduler::spawn_thread::{closure#0}>::{closure#0}
             at /home/gate/.cargo/registry/src/index.crates.io-1949cf8c6b5b557f/generator-0.8.9/src/gen_impl.rs:357:21
  12: <generator::stack::StackBox<<generator::gen_impl::GeneratorImpl<core::option::Option<alloc::boxed::Box<dyn core::ops::function::FnOnce<(), Output = ()>>>, ()>>::init_code<loom::rt::scheduler::spawn_thread::{closure#0}>::{closure#0}>>::call_once
             at /home/gate/.cargo/registry/src/index.crates.io-1949cf8c6b5b557f/generator-0.8.9/src/stack/mod.rs:137:13
  13: <generator::stack::Func>::call_once
             at /home/gate/.cargo/registry/src/index.crates.io-1949cf8c6b5b557f/generator-0.8.9/src/stack/mod.rs:119:9
  14: generator::detail::gen::gen_init_impl::{closure#0}
             at /home/gate/.cargo/registry/src/index.crates.io-1949cf8c6b5b557f/generator-0.8.9/src/detail/gen.rs:35:14
  15: <generator::detail::gen::gen_init_impl::{closure#0} as core::ops::function::FnOnce<()>>::call_once
             at /rustc/b940084d7eb6a299eb4bfeb8e34901bc051e7ac4/library/core/src/ops/function.rs:250:5
  16: std::panicking::catch_unwind::do_call::<generator::detail::gen::gen_init_impl::{closure#0}, ()>
             at /rustc/b940084d7eb6a299eb4bfeb8e34901bc051e7ac4/library/std/src/panicking.rs:576:43
  17: std::panicking::catch_unwind::<(), generator::detail::gen::gen_init_impl::{closure#0}>
             at /rustc/b940084d7eb6a299eb4bfeb8e34901bc051e7ac4/library/std/src/panicking.rs:544:19
  18: std::panic::catch_unwind::<generator::detail::gen::gen_init_impl::{closure#0}, ()>
             at /rustc/b940084d7eb6a299eb4bfeb8e34901bc051e7ac4/library/std/src/panic.rs:359:14
  19: generator::detail::gen::catch_unwind_filter::<generator::detail::gen::gen_init_impl::{closure#0}, ()>
             at /home/gate/.cargo/registry/src/index.crates.io-1949cf8c6b5b557f/generator-0.8.9/src/detail/gen.rs:23:5
  20: generator::detail::gen::gen_init_impl
             at /home/gate/.cargo/registry/src/index.crates.io-1949cf8c6b5b557f/generator-0.8.9/src/detail/gen.rs:50:25
  21: generator::detail::asm::gen_init
             at /home/gate/.cargo/registry/src/index.crates.io-1949cf8c6b5b557f/generator-0.8.9/src/detail/x86_64_unix.rs:8:5
note: Some details are omitted, run with `RUST_BACKTRACE=full` for a verbose backtrace.

---- a_poll_registered_racing_a_post_completes_exactly_once stdout ----

thread 'a_poll_registered_racing_a_post_completes_exactly_once' (15159) panicked at kernel/loom/tests/loom_watch.rs:351:5:
assertion `left == right` failed: a poll over a ready object completes once
  left: 2
 right: 1
stack backtrace:
   0: __rustc::rust_begin_unwind
             at /rustc/b940084d7eb6a299eb4bfeb8e34901bc051e7ac4/library/std/src/panicking.rs:679:5
   1: core::panicking::panic_fmt
             at /rustc/b940084d7eb6a299eb4bfeb8e34901bc051e7ac4/library/core/src/panicking.rs:80:14
   2: core::panicking::assert_failed_inner
             at /rustc/b940084d7eb6a299eb4bfeb8e34901bc051e7ac4/library/core/src/panicking.rs:447:23
   3: core::panicking::assert_failed::<u32, u32>
             at /rustc/b940084d7eb6a299eb4bfeb8e34901bc051e7ac4/library/core/src/panicking.rs:407:5
   4: loom_watch::poll_racing
   5: loom_watch::a_poll_registered_racing_a_post_completes_exactly_once::{closure#0}
             at ./tests/loom_watch.rs:305:14
   6: <loom::model::Builder>::check::<loom_watch::a_poll_registered_racing_a_post_completes_exactly_once::{closure#0}>::{closure#0}
             at /home/gate/.cargo/git/checkouts/loom-906f299ec1581ba6/dfe3797/src/model.rs:194:17
   7: <<loom::model::Builder>::check<loom_watch::a_poll_registered_racing_a_post_completes_exactly_once::{closure#0}>::{closure#0} as core::ops::function::FnOnce<()>>::call_once::{shim:vtable#0}
             at /rustc/b940084d7eb6a299eb4bfeb8e34901bc051e7ac4/library/core/src/ops/function.rs:250:5
   8: <alloc::boxed::Box<dyn core::ops::function::FnOnce<(), Output = ()>> as core::ops::function::FnOnce<()>>::call_once
             at /rustc/b940084d7eb6a299eb4bfeb8e34901bc051e7ac4/library/alloc/src/boxed.rs:2320:9
   9: loom::rt::scheduler::spawn_thread::{closure#0}
             at /home/gate/.cargo/git/checkouts/loom-906f299ec1581ba6/dfe3797/src/rt/scheduler.rs:142:17
  10: <loom::rt::scheduler::spawn_thread::{closure#0} as core::ops::function::FnOnce<()>>::call_once
             at /rustc/b940084d7eb6a299eb4bfeb8e34901bc051e7ac4/library/core/src/ops/function.rs:250:5
  11: <generator::gen_impl::GeneratorImpl<core::option::Option<alloc::boxed::Box<dyn core::ops::function::FnOnce<(), Output = ()>>>, ()>>::init_code::<loom::rt::scheduler::spawn_thread::{closure#0}>::{closure#0}
             at /home/gate/.cargo/registry/src/index.crates.io-1949cf8c6b5b557f/generator-0.8.9/src/gen_impl.rs:357:21
  12: <generator::stack::StackBox<<generator::gen_impl::GeneratorImpl<core::option::Option<alloc::boxed::Box<dyn core::ops::function::FnOnce<(), Output = ()>>>, ()>>::init_code<loom::rt::scheduler::spawn_thread::{closure#0}>::{closure#0}>>::call_once
             at /home/gate/.cargo/registry/src/index.crates.io-1949cf8c6b5b557f/generator-0.8.9/src/stack/mod.rs:137:13
  13: <generator::stack::Func>::call_once
             at /home/gate/.cargo/registry/src/index.crates.io-1949cf8c6b5b557f/generator-0.8.9/src/stack/mod.rs:119:9
  14: generator::detail::gen::gen_init_impl::{closure#0}
             at /home/gate/.cargo/registry/src/index.crates.io-1949cf8c6b5b557f/generator-0.8.9/src/detail/gen.rs:35:14
  15: <generator::detail::gen::gen_init_impl::{closure#0} as core::ops::function::FnOnce<()>>::call_once
             at /rustc/b940084d7eb6a299eb4bfeb8e34901bc051e7ac4/library/core/src/ops/function.rs:250:5
  16: std::panicking::catch_unwind::do_call::<generator::detail::gen::gen_init_impl::{closure#0}, ()>
             at /rustc/b940084d7eb6a299eb4bfeb8e34901bc051e7ac4/library/std/src/panicking.rs:576:43
  17: std::panicking::catch_unwind::<(), generator::detail::gen::gen_init_impl::{closure#0}>
             at /rustc/b940084d7eb6a299eb4bfeb8e34901bc051e7ac4/library/std/src/panicking.rs:544:19
  18: std::panic::catch_unwind::<generator::detail::gen::gen_init_impl::{closure#0}, ()>
             at /rustc/b940084d7eb6a299eb4bfeb8e34901bc051e7ac4/library/std/src/panic.rs:359:14
  19: generator::detail::gen::catch_unwind_filter::<generator::detail::gen::gen_init_impl::{closure#0}, ()>
             at /home/gate/.cargo/registry/src/index.crates.io-1949cf8c6b5b557f/generator-0.8.9/src/detail/gen.rs:23:5
  20: generator::detail::gen::gen_init_impl
             at /home/gate/.cargo/registry/src/index.crates.io-1949cf8c6b5b557f/generator-0.8.9/src/detail/gen.rs:50:25
  21: generator::detail::asm::gen_init
             at /home/gate/.cargo/registry/src/index.crates.io-1949cf8c6b5b557f/generator-0.8.9/src/detail/x86_64_unix.rs:8:5
note: Some details are omitted, run with `RUST_BACKTRACE=full` for a verbose backtrace.


failures:
    a_poll_on_two_watches_racing_both_posts_completes_exactly_once
    a_poll_registered_racing_a_post_completes_exactly_once
    a_poll_registered_racing_a_post_in_place_completes_exactly_once

test result: FAILED. 0 passed; 3 failed; 0 ignored; 0 measured; 9 filtered out; finished in 0.03s

error: test failed, to rerun pass `-p kernel-loom --test loom_watch`
11:27:17 [ci] control `poll-fire-load-store`: 3 verdict(s) reached

11:27:17 === [ci] control `fault-posted-before-it-is-set`
   Compiling kernel-loom v0.1.0 (/home/user/toyos-sessionshares/kernel/loom)
    Finished `test` profile [optimized + debuginfo] target(s) in 4.45s
     Running tests/loom_watch.rs (target/debug/deps/loom_watch-e40839c16efeafba)

running 2 tests
test a_poll_registered_racing_a_post_in_place_completes_exactly_once ... FAILED
test a_poll_registered_racing_a_post_completes_exactly_once ... FAILED

failures:

---- a_poll_registered_racing_a_post_in_place_completes_exactly_once stdout ----

thread 'a_poll_registered_racing_a_post_in_place_completes_exactly_once' (15450) panicked at kernel/loom/tests/loom_watch.rs:350:5:
assertion `left != right` failed: a poll over a ready object was completed by neither
  left: 0
 right: 0
stack backtrace:
   0: __rustc::rust_begin_unwind
             at /rustc/b940084d7eb6a299eb4bfeb8e34901bc051e7ac4/library/std/src/panicking.rs:679:5
   1: core::panicking::panic_fmt
             at /rustc/b940084d7eb6a299eb4bfeb8e34901bc051e7ac4/library/core/src/panicking.rs:80:14
   2: core::panicking::assert_failed_inner
             at /rustc/b940084d7eb6a299eb4bfeb8e34901bc051e7ac4/library/core/src/panicking.rs:447:23
   3: core::panicking::assert_failed::<u32, u32>
             at /rustc/b940084d7eb6a299eb4bfeb8e34901bc051e7ac4/library/core/src/panicking.rs:407:5
   4: loom_watch::poll_racing
   5: loom_watch::a_poll_registered_racing_a_post_in_place_completes_exactly_once::{closure#0}
             at ./tests/loom_watch.rs:311:14
   6: <loom::model::Builder>::check::<loom_watch::a_poll_registered_racing_a_post_in_place_completes_exactly_once::{closure#0}>::{closure#0}
             at /home/gate/.cargo/git/checkouts/loom-906f299ec1581ba6/dfe3797/src/model.rs:194:17
   7: <<loom::model::Builder>::check<loom_watch::a_poll_registered_racing_a_post_in_place_completes_exactly_once::{closure#0}>::{closure#0} as core::ops::function::FnOnce<()>>::call_once::{shim:vtable#0}
             at /rustc/b940084d7eb6a299eb4bfeb8e34901bc051e7ac4/library/core/src/ops/function.rs:250:5
   8: <alloc::boxed::Box<dyn core::ops::function::FnOnce<(), Output = ()>> as core::ops::function::FnOnce<()>>::call_once
             at /rustc/b940084d7eb6a299eb4bfeb8e34901bc051e7ac4/library/alloc/src/boxed.rs:2320:9
   9: loom::rt::scheduler::spawn_thread::{closure#0}
             at /home/gate/.cargo/git/checkouts/loom-906f299ec1581ba6/dfe3797/src/rt/scheduler.rs:142:17
  10: <loom::rt::scheduler::spawn_thread::{closure#0} as core::ops::function::FnOnce<()>>::call_once
             at /rustc/b940084d7eb6a299eb4bfeb8e34901bc051e7ac4/library/core/src/ops/function.rs:250:5
  11: <generator::gen_impl::GeneratorImpl<core::option::Option<alloc::boxed::Box<dyn core::ops::function::FnOnce<(), Output = ()>>>, ()>>::init_code::<loom::rt::scheduler::spawn_thread::{closure#0}>::{closure#0}
             at /home/gate/.cargo/registry/src/index.crates.io-1949cf8c6b5b557f/generator-0.8.9/src/gen_impl.rs:357:21
  12: <generator::stack::StackBox<<generator::gen_impl::GeneratorImpl<core::option::Option<alloc::boxed::Box<dyn core::ops::function::FnOnce<(), Output = ()>>>, ()>>::init_code<loom::rt::scheduler::spawn_thread::{closure#0}>::{closure#0}>>::call_once
             at /home/gate/.cargo/registry/src/index.crates.io-1949cf8c6b5b557f/generator-0.8.9/src/stack/mod.rs:137:13
  13: <generator::stack::Func>::call_once
             at /home/gate/.cargo/registry/src/index.crates.io-1949cf8c6b5b557f/generator-0.8.9/src/stack/mod.rs:119:9
  14: generator::detail::gen::gen_init_impl::{closure#0}
             at /home/gate/.cargo/registry/src/index.crates.io-1949cf8c6b5b557f/generator-0.8.9/src/detail/gen.rs:35:14
  15: <generator::detail::gen::gen_init_impl::{closure#0} as core::ops::function::FnOnce<()>>::call_once
             at /rustc/b940084d7eb6a299eb4bfeb8e34901bc051e7ac4/library/core/src/ops/function.rs:250:5
  16: std::panicking::catch_unwind::do_call::<generator::detail::gen::gen_init_impl::{closure#0}, ()>
             at /rustc/b940084d7eb6a299eb4bfeb8e34901bc051e7ac4/library/std/src/panicking.rs:576:43
  17: std::panicking::catch_unwind::<(), generator::detail::gen::gen_init_impl::{closure#0}>
             at /rustc/b940084d7eb6a299eb4bfeb8e34901bc051e7ac4/library/std/src/panicking.rs:544:19
  18: std::panic::catch_unwind::<generator::detail::gen::gen_init_impl::{closure#0}, ()>
             at /rustc/b940084d7eb6a299eb4bfeb8e34901bc051e7ac4/library/std/src/panic.rs:359:14
  19: generator::detail::gen::catch_unwind_filter::<generator::detail::gen::gen_init_impl::{closure#0}, ()>
             at /home/gate/.cargo/registry/src/index.crates.io-1949cf8c6b5b557f/generator-0.8.9/src/detail/gen.rs:23:5
  20: generator::detail::gen::gen_init_impl
             at /home/gate/.cargo/registry/src/index.crates.io-1949cf8c6b5b557f/generator-0.8.9/src/detail/gen.rs:50:25
  21: generator::detail::asm::gen_init
             at /home/gate/.cargo/registry/src/index.crates.io-1949cf8c6b5b557f/generator-0.8.9/src/detail/x86_64_unix.rs:8:5
note: Some details are omitted, run with `RUST_BACKTRACE=full` for a verbose backtrace.

---- a_poll_registered_racing_a_post_completes_exactly_once stdout ----

thread 'a_poll_registered_racing_a_post_completes_exactly_once' (15449) panicked at kernel/loom/tests/loom_watch.rs:350:5:
assertion `left != right` failed: a poll over a ready object was completed by neither
  left: 0
 right: 0
stack backtrace:
   0: __rustc::rust_begin_unwind
             at /rustc/b940084d7eb6a299eb4bfeb8e34901bc051e7ac4/library/std/src/panicking.rs:679:5
   1: core::panicking::panic_fmt
             at /rustc/b940084d7eb6a299eb4bfeb8e34901bc051e7ac4/library/core/src/panicking.rs:80:14
   2: core::panicking::assert_failed_inner
             at /rustc/b940084d7eb6a299eb4bfeb8e34901bc051e7ac4/library/core/src/panicking.rs:447:23
   3: core::panicking::assert_failed::<u32, u32>
             at /rustc/b940084d7eb6a299eb4bfeb8e34901bc051e7ac4/library/core/src/panicking.rs:407:5
   4: loom_watch::poll_racing
   5: loom_watch::a_poll_registered_racing_a_post_completes_exactly_once::{closure#0}
             at ./tests/loom_watch.rs:305:14
   6: <loom::model::Builder>::check::<loom_watch::a_poll_registered_racing_a_post_completes_exactly_once::{closure#0}>::{closure#0}
             at /home/gate/.cargo/git/checkouts/loom-906f299ec1581ba6/dfe3797/src/model.rs:194:17
   7: <<loom::model::Builder>::check<loom_watch::a_poll_registered_racing_a_post_completes_exactly_once::{closure#0}>::{closure#0} as core::ops::function::FnOnce<()>>::call_once::{shim:vtable#0}
             at /rustc/b940084d7eb6a299eb4bfeb8e34901bc051e7ac4/library/core/src/ops/function.rs:250:5
   8: <alloc::boxed::Box<dyn core::ops::function::FnOnce<(), Output = ()>> as core::ops::function::FnOnce<()>>::call_once
             at /rustc/b940084d7eb6a299eb4bfeb8e34901bc051e7ac4/library/alloc/src/boxed.rs:2320:9
   9: loom::rt::scheduler::spawn_thread::{closure#0}
             at /home/gate/.cargo/git/checkouts/loom-906f299ec1581ba6/dfe3797/src/rt/scheduler.rs:142:17
  10: <loom::rt::scheduler::spawn_thread::{closure#0} as core::ops::function::FnOnce<()>>::call_once
             at /rustc/b940084d7eb6a299eb4bfeb8e34901bc051e7ac4/library/core/src/ops/function.rs:250:5
  11: <generator::gen_impl::GeneratorImpl<core::option::Option<alloc::boxed::Box<dyn core::ops::function::FnOnce<(), Output = ()>>>, ()>>::init_code::<loom::rt::scheduler::spawn_thread::{closure#0}>::{closure#0}
             at /home/gate/.cargo/registry/src/index.crates.io-1949cf8c6b5b557f/generator-0.8.9/src/gen_impl.rs:357:21
  12: <generator::stack::StackBox<<generator::gen_impl::GeneratorImpl<core::option::Option<alloc::boxed::Box<dyn core::ops::function::FnOnce<(), Output = ()>>>, ()>>::init_code<loom::rt::scheduler::spawn_thread::{closure#0}>::{closure#0}>>::call_once
             at /home/gate/.cargo/registry/src/index.crates.io-1949cf8c6b5b557f/generator-0.8.9/src/stack/mod.rs:137:13
  13: <generator::stack::Func>::call_once
             at /home/gate/.cargo/registry/src/index.crates.io-1949cf8c6b5b557f/generator-0.8.9/src/stack/mod.rs:119:9
  14: generator::detail::gen::gen_init_impl::{closure#0}
             at /home/gate/.cargo/registry/src/index.crates.io-1949cf8c6b5b557f/generator-0.8.9/src/detail/gen.rs:35:14
  15: <generator::detail::gen::gen_init_impl::{closure#0} as core::ops::function::FnOnce<()>>::call_once
             at /rustc/b940084d7eb6a299eb4bfeb8e34901bc051e7ac4/library/core/src/ops/function.rs:250:5
  16: std::panicking::catch_unwind::do_call::<generator::detail::gen::gen_init_impl::{closure#0}, ()>
             at /rustc/b940084d7eb6a299eb4bfeb8e34901bc051e7ac4/library/std/src/panicking.rs:576:43
  17: std::panicking::catch_unwind::<(), generator::detail::gen::gen_init_impl::{closure#0}>
             at /rustc/b940084d7eb6a299eb4bfeb8e34901bc051e7ac4/library/std/src/panicking.rs:544:19
  18: std::panic::catch_unwind::<generator::detail::gen::gen_init_impl::{closure#0}, ()>
             at /rustc/b940084d7eb6a299eb4bfeb8e34901bc051e7ac4/library/std/src/panic.rs:359:14
  19: generator::detail::gen::catch_unwind_filter::<generator::detail::gen::gen_init_impl::{closure#0}, ()>
             at /home/gate/.cargo/registry/src/index.crates.io-1949cf8c6b5b557f/generator-0.8.9/src/detail/gen.rs:23:5
  20: generator::detail::gen::gen_init_impl
             at /home/gate/.cargo/registry/src/index.crates.io-1949cf8c6b5b557f/generator-0.8.9/src/detail/gen.rs:50:25
  21: generator::detail::asm::gen_init
             at /home/gate/.cargo/registry/src/index.crates.io-1949cf8c6b5b557f/generator-0.8.9/src/detail/x86_64_unix.rs:8:5
note: Some details are omitted, run with `RUST_BACKTRACE=full` for a verbose backtrace.


failures:
    a_poll_registered_racing_a_post_completes_exactly_once
    a_poll_registered_racing_a_post_in_place_completes_exactly_once

test result: FAILED. 0 passed; 2 failed; 0 ignored; 0 measured; 10 filtered out; finished in 0.04s

error: test failed, to rerun pass `-p kernel-loom --test loom_watch`
11:27:21 [ci] control `fault-posted-before-it-is-set`: 3 verdict(s) reached

11:27:21 === [ci] control `victim-retires-mid-probe`
   Compiling kernel-loom v0.1.0 (/home/user/toyos-sessionshares/kernel/loom)
    Finished `test` profile [optimized + debuginfo] target(s) in 2.76s
     Running tests/loom_mailbox.rs (target/debug/deps/loom_mailbox-73e2e547f5ffab18)

running 1 test

thread 'a_probe_outstanding_when_its_victim_retires_is_never_reclaimed' (15738) panicked at kernel/loom/tests/loom_mailbox.rs:254:5:
assertion `left == right` failed: the victim retired with a probe still linked in its queue, so the node stays claimed for the rest of the boot and every later `claim()` by its thief answers `None` — one CPU stopping costs a second CPU its pull half permanently
  left: 1
 right: 0
stack backtrace:
   0: __rustc::rust_begin_unwind
             at /rustc/b940084d7eb6a299eb4bfeb8e34901bc051e7ac4/library/std/src/panicking.rs:679:5
   1: core::panicking::panic_fmt
             at /rustc/b940084d7eb6a299eb4bfeb8e34901bc051e7ac4/library/core/src/panicking.rs:80:14
   2: core::panicking::assert_failed_inner
             at /rustc/b940084d7eb6a299eb4bfeb8e34901bc051e7ac4/library/core/src/panicking.rs:447:23
   3: core::panicking::assert_failed::<i32, i32>
             at /rustc/b940084d7eb6a299eb4bfeb8e34901bc051e7ac4/library/core/src/panicking.rs:407:5
   4: loom_mailbox::steal_probe_model
   5: <loom_mailbox::steal_probe_model as core::ops::function::Fn<()>>::call
             at /rustc/b940084d7eb6a299eb4bfeb8e34901bc051e7ac4/library/core/src/ops/function.rs:79:5
   6: <loom::model::Builder>::check::<loom_mailbox::steal_probe_model>::{closure#0}
             at /home/gate/.cargo/git/checkouts/loom-906f299ec1581ba6/dfe3797/src/model.rs:194:17
   7: <<loom::model::Builder>::check<loom_mailbox::steal_probe_model>::{closure#0} as core::ops::function::FnOnce<()>>::call_once::{shim:vtable#0}
             at /rustc/b940084d7eb6a299eb4bfeb8e34901bc051e7ac4/library/core/src/ops/function.rs:250:5
   8: <alloc::boxed::Box<dyn core::ops::function::FnOnce<(), Output = ()>> as core::ops::function::FnOnce<()>>::call_once
             at /rustc/b940084d7eb6a299eb4bfeb8e34901bc051e7ac4/library/alloc/src/boxed.rs:2320:9
   9: loom::rt::scheduler::spawn_thread::{closure#0}
             at /home/gate/.cargo/git/checkouts/loom-906f299ec1581ba6/dfe3797/src/rt/scheduler.rs:142:17
  10: <loom::rt::scheduler::spawn_thread::{closure#0} as core::ops::function::FnOnce<()>>::call_once
             at /rustc/b940084d7eb6a299eb4bfeb8e34901bc051e7ac4/library/core/src/ops/function.rs:250:5
  11: <generator::gen_impl::GeneratorImpl<core::option::Option<alloc::boxed::Box<dyn core::ops::function::FnOnce<(), Output = ()>>>, ()>>::init_code::<loom::rt::scheduler::spawn_thread::{closure#0}>::{closure#0}
             at /home/gate/.cargo/registry/src/index.crates.io-1949cf8c6b5b557f/generator-0.8.9/src/gen_impl.rs:357:21
  12: <generator::stack::StackBox<<generator::gen_impl::GeneratorImpl<core::option::Option<alloc::boxed::Box<dyn core::ops::function::FnOnce<(), Output = ()>>>, ()>>::init_code<loom::rt::scheduler::spawn_thread::{closure#0}>::{closure#0}>>::call_once
             at /home/gate/.cargo/registry/src/index.crates.io-1949cf8c6b5b557f/generator-0.8.9/src/stack/mod.rs:137:13
  13: <generator::stack::Func>::call_once
             at /home/gate/.cargo/registry/src/index.crates.io-1949cf8c6b5b557f/generator-0.8.9/src/stack/mod.rs:119:9
  14: generator::detail::gen::gen_init_impl::{closure#0}
             at /home/gate/.cargo/registry/src/index.crates.io-1949cf8c6b5b557f/generator-0.8.9/src/detail/gen.rs:35:14
  15: <generator::detail::gen::gen_init_impl::{closure#0} as core::ops::function::FnOnce<()>>::call_once
             at /rustc/b940084d7eb6a299eb4bfeb8e34901bc051e7ac4/library/core/src/ops/function.rs:250:5
  16: std::panicking::catch_unwind::do_call::<generator::detail::gen::gen_init_impl::{closure#0}, ()>
             at /rustc/b940084d7eb6a299eb4bfeb8e34901bc051e7ac4/library/std/src/panicking.rs:576:43
  17: std::panicking::catch_unwind::<(), generator::detail::gen::gen_init_impl::{closure#0}>
             at /rustc/b940084d7eb6a299eb4bfeb8e34901bc051e7ac4/library/std/src/panicking.rs:544:19
  18: std::panic::catch_unwind::<generator::detail::gen::gen_init_impl::{closure#0}, ()>
             at /rustc/b940084d7eb6a299eb4bfeb8e34901bc051e7ac4/library/std/src/panic.rs:359:14
  19: generator::detail::gen::catch_unwind_filter::<generator::detail::gen::gen_init_impl::{closure#0}, ()>
             at /home/gate/.cargo/registry/src/index.crates.io-1949cf8c6b5b557f/generator-0.8.9/src/detail/gen.rs:23:5
  20: generator::detail::gen::gen_init_impl
             at /home/gate/.cargo/registry/src/index.crates.io-1949cf8c6b5b557f/generator-0.8.9/src/detail/gen.rs:50:25
  21: generator::detail::asm::gen_init
             at /home/gate/.cargo/registry/src/index.crates.io-1949cf8c6b5b557f/generator-0.8.9/src/detail/x86_64_unix.rs:8:5
note: Some details are omitted, run with `RUST_BACKTRACE=full` for a verbose backtrace.
caught the verdict: the victim retired with a probe still linked in its queue
test a_probe_outstanding_when_its_victim_retires_is_never_reclaimed ... ok

test result: ok. 1 passed; 0 failed; 0 ignored; 0 measured; 1 filtered out; finished in 0.03s

11:27:24 [ci] control `victim-retires-mid-probe`: 1 verdict(s) reached

11:27:24 === [ci] control `counting-allocator`
   Compiling kernel v0.1.0 (/home/user/toyos-sessionshares/kernel)
    Finished `test` profile [unoptimized + debuginfo] target(s) in 3.39s
     Running unittests pure/lib.rs (target/debug/deps/kernel-60ff917874d9dc9e)

running 2 tests
test pcid::oracle::tests::the_counting_allocator_produces_a_cross_space_read ... ok
test pcid::tests::two_live_address_spaces_never_share_a_pcid ... FAILED

failures:

---- pcid::tests::two_live_address_spaces_never_share_a_pcid stdout ----

thread 'pcid::tests::two_live_address_spaces_never_share_a_pcid' (15992) panicked at pure/pcid/mod.rs:171:21:
the allocator reissued tag 1, still held by a live address space
stack backtrace:
   0: __rustc::rust_begin_unwind
             at /rustc/b940084d7eb6a299eb4bfeb8e34901bc051e7ac4/library/std/src/panicking.rs:679:5
   1: core::panicking::panic_fmt
             at /rustc/b940084d7eb6a299eb4bfeb8e34901bc051e7ac4/library/core/src/panicking.rs:80:14
   2: kernel::pcid::tests::two_live_address_spaces_never_share_a_pcid
             at ./pure/pcid/mod.rs:171:21
   3: kernel::pcid::tests::two_live_address_spaces_never_share_a_pcid::{closure#0}
             at ./pure/pcid/mod.rs:159:52
   4: <kernel::pcid::tests::two_live_address_spaces_never_share_a_pcid::{closure#0} as core::ops::function::FnOnce<()>>::call_once
             at /rustc/b940084d7eb6a299eb4bfeb8e34901bc051e7ac4/library/core/src/ops/function.rs:250:5
   5: <fn() -> core::result::Result<(), alloc::string::String> as core::ops::function::FnOnce<()>>::call_once
             at /rustc/b940084d7eb6a299eb4bfeb8e34901bc051e7ac4/library/core/src/ops/function.rs:250:5
note: Some details are omitted, run with `RUST_BACKTRACE=full` for a verbose backtrace.


failures:
    pcid::tests::two_live_address_spaces_never_share_a_pcid

test result: FAILED. 1 passed; 1 failed; 0 ignored; 0 measured; 152 filtered out; finished in 0.10s

error: test failed, to rerun pass `--lib`
11:27:27 [ci] control `counting-allocator`: 2 verdict(s) reached

11:27:27 === [ci] control `mutate-spawn-skips-the-insert-recheck`
   Compiling kernel v0.1.0 (/home/user/toyos-sessionshares/kernel)
    Finished `test` profile [unoptimized + debuginfo] target(s) in 3.73s
     Running unittests pure/lib.rs (target/debug/deps/kernel-6e1ae0b50bf27e89)

running 2 tests
test proclife::interleave::tests::a_kill_racing_a_spawn_leaves_no_unretired_thread ... FAILED
test proclife::interleave::tests::a_published_exit_leaves_no_unretired_thread ... FAILED

failures:

---- proclife::interleave::tests::a_kill_racing_a_spawn_leaves_no_unretired_thread stdout ----

thread 'proclife::interleave::tests::a_kill_racing_a_spawn_leaves_no_unretired_thread' (16246) panicked at pure/proclife/interleave.rs:544:27:
a lifecycle law broke:
pid 0 was claimed for teardown and never published an exit
  schedule: spawn_thread#1 -> kill#0 -> kill#0 -> spawn_thread#1 -> spawn_thread#1 -> out 0/0 -> out 0/0
stack backtrace:
   0: __rustc::rust_begin_unwind
             at /rustc/b940084d7eb6a299eb4bfeb8e34901bc051e7ac4/library/std/src/panicking.rs:679:5
   1: core::panicking::panic_fmt
             at /rustc/b940084d7eb6a299eb4bfeb8e34901bc051e7ac4/library/core/src/panicking.rs:80:14
   2: kernel::proclife::interleave::tests::holds
             at ./pure/proclife/interleave.rs:544:27
   3: kernel::proclife::interleave::tests::a_kill_racing_a_spawn_leaves_no_unretired_thread
             at ./pure/proclife/interleave.rs:571:9
   4: kernel::proclife::interleave::tests::a_kill_racing_a_spawn_leaves_no_unretired_thread::{closure#0}
             at ./pure/proclife/interleave.rs:568:58
   5: <kernel::proclife::interleave::tests::a_kill_racing_a_spawn_leaves_no_unretired_thread::{closure#0} as core::ops::function::FnOnce<()>>::call_once
             at /rustc/b940084d7eb6a299eb4bfeb8e34901bc051e7ac4/library/core/src/ops/function.rs:250:5
   6: <fn() -> core::result::Result<(), alloc::string::String> as core::ops::function::FnOnce<()>>::call_once
             at /rustc/b940084d7eb6a299eb4bfeb8e34901bc051e7ac4/library/core/src/ops/function.rs:250:5
note: Some details are omitted, run with `RUST_BACKTRACE=full` for a verbose backtrace.

---- proclife::interleave::tests::a_published_exit_leaves_no_unretired_thread stdout ----

thread 'proclife::interleave::tests::a_published_exit_leaves_no_unretired_thread' (16247) panicked at pure/proclife/interleave.rs:544:27:
a lifecycle law broke:
pid 0 was claimed for teardown and never published an exit
  schedule: spawn_thread#1 -> exit#0 -> exit#0 -> spawn_thread#1 -> spawn_thread#1 -> out 0/0 -> out 0/0 -> out 0/1 -> out 0/1
stack backtrace:
   0: __rustc::rust_begin_unwind
             at /rustc/b940084d7eb6a299eb4bfeb8e34901bc051e7ac4/library/std/src/panicking.rs:679:5
   1: core::panicking::panic_fmt
             at /rustc/b940084d7eb6a299eb4bfeb8e34901bc051e7ac4/library/core/src/panicking.rs:80:14
   2: kernel::proclife::interleave::tests::holds
             at ./pure/proclife/interleave.rs:544:27
   3: kernel::proclife::interleave::tests::a_published_exit_leaves_no_unretired_thread
             at ./pure/proclife/interleave.rs:562:9
   4: kernel::proclife::interleave::tests::a_published_exit_leaves_no_unretired_thread::{closure#0}
             at ./pure/proclife/interleave.rs:557:53
   5: <kernel::proclife::interleave::tests::a_published_exit_leaves_no_unretired_thread::{closure#0} as core::ops::function::FnOnce<()>>::call_once
             at /rustc/b940084d7eb6a299eb4bfeb8e34901bc051e7ac4/library/core/src/ops/function.rs:250:5
   6: <fn() -> core::result::Result<(), alloc::string::String> as core::ops::function::FnOnce<()>>::call_once
             at /rustc/b940084d7eb6a299eb4bfeb8e34901bc051e7ac4/library/core/src/ops/function.rs:250:5
note: Some details are omitted, run with `RUST_BACKTRACE=full` for a verbose backtrace.


failures:
    proclife::interleave::tests::a_kill_racing_a_spawn_leaves_no_unretired_thread
    proclife::interleave::tests::a_published_exit_leaves_no_unretired_thread

test result: FAILED. 0 passed; 2 failed; 0 ignored; 0 measured; 153 filtered out; finished in 0.10s

error: test failed, to rerun pass `--lib`
11:27:31 [ci] control `mutate-spawn-skips-the-insert-recheck`: 2 verdict(s) reached

11:27:31 === [ci] control `mutate-claim-teardown-always-wins`
   Compiling kernel v0.1.0 (/home/user/toyos-sessionshares/kernel)
    Finished `test` profile [unoptimized + debuginfo] target(s) in 3.09s
     Running unittests pure/lib.rs (target/debug/deps/kernel-b0089b04ead4dbbc)

running 1 test
test proclife::interleave::tests::an_exit_and_a_kill_never_both_tear_a_process_down ... FAILED

failures:

---- proclife::interleave::tests::an_exit_and_a_kill_never_both_tear_a_process_down stdout ----

thread 'proclife::interleave::tests::an_exit_and_a_kill_never_both_tear_a_process_down' (16498) panicked at pure/proclife/interleave.rs:544:27:
a lifecycle law broke:
pid 0: 2 teardown claims succeeded
  schedule: exit#0 -> exit#0 -> kill#1
stack backtrace:
   0: __rustc::rust_begin_unwind
             at /rustc/b940084d7eb6a299eb4bfeb8e34901bc051e7ac4/library/std/src/panicking.rs:679:5
   1: core::panicking::panic_fmt
             at /rustc/b940084d7eb6a299eb4bfeb8e34901bc051e7ac4/library/core/src/panicking.rs:80:14
   2: kernel::proclife::interleave::tests::holds
             at ./pure/proclife/interleave.rs:544:27
   3: kernel::proclife::interleave::tests::an_exit_and_a_kill_never_both_tear_a_process_down
             at ./pure/proclife/interleave.rs:590:9
   4: kernel::proclife::interleave::tests::an_exit_and_a_kill_never_both_tear_a_process_down::{closure#0}
             at ./pure/proclife/interleave.rs:585:59
   5: <kernel::proclife::interleave::tests::an_exit_and_a_kill_never_both_tear_a_process_down::{closure#0} as core::ops::function::FnOnce<()>>::call_once
             at /rustc/b940084d7eb6a299eb4bfeb8e34901bc051e7ac4/library/core/src/ops/function.rs:250:5
   6: <fn() -> core::result::Result<(), alloc::string::String> as core::ops::function::FnOnce<()>>::call_once
             at /rustc/b940084d7eb6a299eb4bfeb8e34901bc051e7ac4/library/core/src/ops/function.rs:250:5
note: Some details are omitted, run with `RUST_BACKTRACE=full` for a verbose backtrace.


failures:
    proclife::interleave::tests::an_exit_and_a_kill_never_both_tear_a_process_down

test result: FAILED. 0 passed; 1 failed; 0 ignored; 0 measured; 155 filtered out; finished in 0.09s

error: test failed, to rerun pass `--lib`
11:27:34 [ci] control `mutate-claim-teardown-always-wins`: 1 verdict(s) reached

11:27:34 === [ci] control `mutate-kill-waits-for-its-victims`
   Compiling kernel v0.1.0 (/home/user/toyos-sessionshares/kernel)
    Finished `test` profile [unoptimized + debuginfo] target(s) in 3.25s
     Running unittests pure/lib.rs (target/debug/deps/kernel-e12dd41502ae90e6)

running 2 tests
test proclife::interleave::tests::a_kill_chain_of_three_ends ... FAILED
test proclife::interleave::tests::two_processes_killing_each_other_both_end ... FAILED

failures:

---- proclife::interleave::tests::a_kill_chain_of_three_ends stdout ----

thread 'proclife::interleave::tests::a_kill_chain_of_three_ends' (16752) panicked at pure/proclife/interleave.rs:544:27:
a lifecycle law broke:
a kill waits on pid 1's teardown
  schedule: kill#0 -> kill#0
stack backtrace:
   0: __rustc::rust_begin_unwind
             at /rustc/b940084d7eb6a299eb4bfeb8e34901bc051e7ac4/library/std/src/panicking.rs:679:5
   1: core::panicking::panic_fmt
             at /rustc/b940084d7eb6a299eb4bfeb8e34901bc051e7ac4/library/core/src/panicking.rs:80:14
   2: kernel::proclife::interleave::tests::holds
             at ./pure/proclife/interleave.rs:544:27
   3: kernel::proclife::interleave::tests::a_kill_chain_of_three_ends
             at ./pure/proclife/interleave.rs:730:9
   4: kernel::proclife::interleave::tests::a_kill_chain_of_three_ends::{closure#0}
             at ./pure/proclife/interleave.rs:725:36
   5: <kernel::proclife::interleave::tests::a_kill_chain_of_three_ends::{closure#0} as core::ops::function::FnOnce<()>>::call_once
             at /rustc/b940084d7eb6a299eb4bfeb8e34901bc051e7ac4/library/core/src/ops/function.rs:250:5
   6: <fn() -> core::result::Result<(), alloc::string::String> as core::ops::function::FnOnce<()>>::call_once
             at /rustc/b940084d7eb6a299eb4bfeb8e34901bc051e7ac4/library/core/src/ops/function.rs:250:5
note: Some details are omitted, run with `RUST_BACKTRACE=full` for a verbose backtrace.

---- proclife::interleave::tests::two_processes_killing_each_other_both_end stdout ----

thread 'proclife::interleave::tests::two_processes_killing_each_other_both_end' (16753) panicked at pure/proclife/interleave.rs:544:27:
a lifecycle law broke:
a kill waits on pid 1's teardown
  schedule: kill#0 -> kill#0
stack backtrace:
   0: __rustc::rust_begin_unwind
             at /rustc/b940084d7eb6a299eb4bfeb8e34901bc051e7ac4/library/std/src/panicking.rs:679:5
   1: core::panicking::panic_fmt
             at /rustc/b940084d7eb6a299eb4bfeb8e34901bc051e7ac4/library/core/src/panicking.rs:80:14
   2: kernel::proclife::interleave::tests::holds
             at ./pure/proclife/interleave.rs:544:27
   3: kernel::proclife::interleave::tests::two_processes_killing_each_other_both_end
             at ./pure/proclife/interleave.rs:716:22
   4: kernel::proclife::interleave::tests::two_processes_killing_each_other_both_end::{closure#0}
             at ./pure/proclife/interleave.rs:710:51
   5: <kernel::proclife::interleave::tests::two_processes_killing_each_other_both_end::{closure#0} as core::ops::function::FnOnce<()>>::call_once
             at /rustc/b940084d7eb6a299eb4bfeb8e34901bc051e7ac4/library/core/src/ops/function.rs:250:5
   6: <fn() -> core::result::Result<(), alloc::string::String> as core::ops::function::FnOnce<()>>::call_once
             at /rustc/b940084d7eb6a299eb4bfeb8e34901bc051e7ac4/library/core/src/ops/function.rs:250:5
note: Some details are omitted, run with `RUST_BACKTRACE=full` for a verbose backtrace.


failures:
    proclife::interleave::tests::a_kill_chain_of_three_ends
    proclife::interleave::tests::two_processes_killing_each_other_both_end

test result: FAILED. 0 passed; 2 failed; 0 ignored; 0 measured; 154 filtered out; finished in 0.09s

error: test failed, to rerun pass `--lib`
11:27:38 [ci] control `mutate-kill-waits-for-its-victims`: 2 verdict(s) reached

11:27:38 === [ci] control `mutate-first-out-tears-down`
   Compiling kernel v0.1.0 (/home/user/toyos-sessionshares/kernel)
    Finished `test` profile [unoptimized + debuginfo] target(s) in 3.29s
     Running unittests pure/lib.rs (target/debug/deps/kernel-f658d0a434195151)

running 1 test
test proclife::interleave::tests::an_exit_and_a_kill_never_both_tear_a_process_down ... FAILED

failures:

---- proclife::interleave::tests::an_exit_and_a_kill_never_both_tear_a_process_down stdout ----

thread 'proclife::interleave::tests::an_exit_and_a_kill_never_both_tear_a_process_down' (17006) panicked at pure/proclife/interleave.rs:544:27:
a lifecycle law broke:
pid 0 was torn down with tid 1 still in it
  schedule: exit#0 -> exit#0 -> kill#1 -> out 0/0 -> out 0/0
stack backtrace:
   0: __rustc::rust_begin_unwind
             at /rustc/b940084d7eb6a299eb4bfeb8e34901bc051e7ac4/library/std/src/panicking.rs:679:5
   1: core::panicking::panic_fmt
             at /rustc/b940084d7eb6a299eb4bfeb8e34901bc051e7ac4/library/core/src/panicking.rs:80:14
   2: kernel::proclife::interleave::tests::holds
             at ./pure/proclife/interleave.rs:544:27
   3: kernel::proclife::interleave::tests::an_exit_and_a_kill_never_both_tear_a_process_down
             at ./pure/proclife/interleave.rs:590:9
   4: kernel::proclife::interleave::tests::an_exit_and_a_kill_never_both_tear_a_process_down::{closure#0}
             at ./pure/proclife/interleave.rs:585:59
   5: <kernel::proclife::interleave::tests::an_exit_and_a_kill_never_both_tear_a_process_down::{closure#0} as core::ops::function::FnOnce<()>>::call_once
             at /rustc/b940084d7eb6a299eb4bfeb8e34901bc051e7ac4/library/core/src/ops/function.rs:250:5
   6: <fn() -> core::result::Result<(), alloc::string::String> as core::ops::function::FnOnce<()>>::call_once
             at /rustc/b940084d7eb6a299eb4bfeb8e34901bc051e7ac4/library/core/src/ops/function.rs:250:5
note: Some details are omitted, run with `RUST_BACKTRACE=full` for a verbose backtrace.


failures:
    proclife::interleave::tests::an_exit_and_a_kill_never_both_tear_a_process_down

test result: FAILED. 0 passed; 1 failed; 0 ignored; 0 measured; 154 filtered out; finished in 0.09s

error: test failed, to rerun pass `--lib`
11:27:41 [ci] control `mutate-first-out-tears-down`: 1 verdict(s) reached

11:27:41 === [ci] control `mutate-join-collects-in-a-teardown`
   Compiling kernel v0.1.0 (/home/user/toyos-sessionshares/kernel)
    Finished `test` profile [unoptimized + debuginfo] target(s) in 3.21s
     Running unittests pure/lib.rs (target/debug/deps/kernel-7260cdd5a3da28a1)

running 1 test
test proclife::interleave::tests::a_join_racing_the_kill_that_takes_its_target ... FAILED

failures:

---- proclife::interleave::tests::a_join_racing_the_kill_that_takes_its_target stdout ----

thread 'proclife::interleave::tests::a_join_racing_the_kill_that_takes_its_target' (17257) panicked at pure/proclife/interleave.rs:544:27:
a lifecycle law broke:
pid 0 tid 1: its entry and its mapped TLS went while a sibling was still in the process
  schedule: kill#0 -> kill#0 -> thread_join#1 -> out 0/0 -> out 0/0 -> out 0/1 -> thread_join#1
stack backtrace:
   0: __rustc::rust_begin_unwind
             at /rustc/b940084d7eb6a299eb4bfeb8e34901bc051e7ac4/library/std/src/panicking.rs:679:5
   1: core::panicking::panic_fmt
             at /rustc/b940084d7eb6a299eb4bfeb8e34901bc051e7ac4/library/core/src/panicking.rs:80:14
   2: kernel::proclife::interleave::tests::holds
             at ./pure/proclife/interleave.rs:544:27
   3: kernel::proclife::interleave::tests::a_join_racing_the_kill_that_takes_its_target
             at ./pure/proclife/interleave.rs:699:9
   4: kernel::proclife::interleave::tests::a_join_racing_the_kill_that_takes_its_target::{closure#0}
             at ./pure/proclife/interleave.rs:694:54
   5: <kernel::proclife::interleave::tests::a_join_racing_the_kill_that_takes_its_target::{closure#0} as core::ops::function::FnOnce<()>>::call_once
             at /rustc/b940084d7eb6a299eb4bfeb8e34901bc051e7ac4/library/core/src/ops/function.rs:250:5
   6: <fn() -> core::result::Result<(), alloc::string::String> as core::ops::function::FnOnce<()>>::call_once
             at /rustc/b940084d7eb6a299eb4bfeb8e34901bc051e7ac4/library/core/src/ops/function.rs:250:5
note: Some details are omitted, run with `RUST_BACKTRACE=full` for a verbose backtrace.


failures:
    proclife::interleave::tests::a_join_racing_the_kill_that_takes_its_target

test result: FAILED. 0 passed; 1 failed; 0 ignored; 0 measured; 154 filtered out; finished in 0.09s

error: test failed, to rerun pass `--lib`
11:27:45 [ci] control `mutate-join-collects-in-a-teardown`: 1 verdict(s) reached

11:27:45 === [ci] control `mutate-last-out-leaves-before-its-teardown`
   Compiling kernel v0.1.0 (/home/user/toyos-sessionshares/kernel)
    Finished `test` profile [unoptimized + debuginfo] target(s) in 3.57s
     Running unittests pure/lib.rs (target/debug/deps/kernel-a197dcdae7cfc276)

running 2 tests
test proclife::teardown::tests::only_the_thread_that_empties_a_claimed_process_tears_it_down ... FAILED
test proclife::interleave::tests::the_last_one_out_is_in_its_process_until_its_teardown_is_done ... FAILED

failures:

---- proclife::teardown::tests::only_the_thread_that_empties_a_claimed_process_tears_it_down stdout ----

thread 'proclife::teardown::tests::only_the_thread_that_empties_a_claimed_process_tears_it_down' (17512) panicked at pure/proclife/teardown.rs:219:9:
assertion `left == right` failed: the last one out is in its process until its teardown is done
  left: Some(Zombie(-1))
 right: Some(Scheduled)
stack backtrace:
   0: __rustc::rust_begin_unwind
             at /rustc/b940084d7eb6a299eb4bfeb8e34901bc051e7ac4/library/std/src/panicking.rs:679:5
   1: core::panicking::panic_fmt
             at /rustc/b940084d7eb6a299eb4bfeb8e34901bc051e7ac4/library/core/src/panicking.rs:80:14
   2: core::panicking::assert_failed_inner
             at /rustc/b940084d7eb6a299eb4bfeb8e34901bc051e7ac4/library/core/src/panicking.rs:447:23
   3: core::panicking::assert_failed::<core::option::Option<kernel::proclife::ThreadLocation>, core::option::Option<kernel::proclife::ThreadLocation>>
             at /rustc/b940084d7eb6a299eb4bfeb8e34901bc051e7ac4/library/core/src/panicking.rs:407:5
   4: kernel::proclife::teardown::tests::only_the_thread_that_empties_a_claimed_process_tears_it_down
             at ./pure/proclife/teardown.rs:219:9
   5: kernel::proclife::teardown::tests::only_the_thread_that_empties_a_claimed_process_tears_it_down::{closure#0}
             at ./pure/proclife/teardown.rs:207:70
   6: <kernel::proclife::teardown::tests::only_the_thread_that_empties_a_claimed_process_tears_it_down::{closure#0} as core::ops::function::FnOnce<()>>::call_once
             at /rustc/b940084d7eb6a299eb4bfeb8e34901bc051e7ac4/library/core/src/ops/function.rs:250:5
   7: <fn() -> core::result::Result<(), alloc::string::String> as core::ops::function::FnOnce<()>>::call_once
             at /rustc/b940084d7eb6a299eb4bfeb8e34901bc051e7ac4/library/core/src/ops/function.rs:250:5
note: Some details are omitted, run with `RUST_BACKTRACE=full` for a verbose backtrace.

---- proclife::interleave::tests::the_last_one_out_is_in_its_process_until_its_teardown_is_done stdout ----

thread 'proclife::interleave::tests::the_last_one_out_is_in_its_process_until_its_teardown_is_done' (17511) panicked at pure/proclife/interleave.rs:544:27:
a lifecycle law broke:
pid 0 tid 0 is tearing its process down and the table has it out, so a stop would not wait for it
  schedule: exit#0 -> exit#0 -> out 0/0
stack backtrace:
   0: __rustc::rust_begin_unwind
             at /rustc/b940084d7eb6a299eb4bfeb8e34901bc051e7ac4/library/std/src/panicking.rs:679:5
   1: core::panicking::panic_fmt
             at /rustc/b940084d7eb6a299eb4bfeb8e34901bc051e7ac4/library/core/src/panicking.rs:80:14
   2: kernel::proclife::interleave::tests::holds
             at ./pure/proclife/interleave.rs:544:27
   3: kernel::proclife::interleave::tests::the_last_one_out_is_in_its_process_until_its_teardown_is_done
             at ./pure/proclife/interleave.rs:767:9
   4: kernel::proclife::interleave::tests::the_last_one_out_is_in_its_process_until_its_teardown_is_done::{closure#0}
             at ./pure/proclife/interleave.rs:763:71
   5: <kernel::proclife::interleave::tests::the_last_one_out_is_in_its_process_until_its_teardown_is_done::{closure#0} as core::ops::function::FnOnce<()>>::call_once
             at /rustc/b940084d7eb6a299eb4bfeb8e34901bc051e7ac4/library/core/src/ops/function.rs:250:5
   6: <fn() -> core::result::Result<(), alloc::string::String> as core::ops::function::FnOnce<()>>::call_once
             at /rustc/b940084d7eb6a299eb4bfeb8e34901bc051e7ac4/library/core/src/ops/function.rs:250:5
note: Some details are omitted, run with `RUST_BACKTRACE=full` for a verbose backtrace.


failures:
    proclife::interleave::tests::the_last_one_out_is_in_its_process_until_its_teardown_is_done
    proclife::teardown::tests::only_the_thread_that_empties_a_claimed_process_tears_it_down

test result: FAILED. 0 passed; 2 failed; 0 ignored; 0 measured; 154 filtered out; finished in 0.09s

error: test failed, to rerun pass `--lib`
11:27:48 [ci] control `mutate-last-out-leaves-before-its-teardown`: 2 verdict(s) reached

11:27:48 === [ci] control `mutate-place-skips-the-insert-recheck`
   Compiling kernel v0.1.0 (/home/user/toyos-sessionshares/kernel)
    Finished `test` profile [unoptimized + debuginfo] target(s) in 3.63s
     Running unittests pure/lib.rs (target/debug/deps/kernel-8c7aefe88b4fdc00)

running 1 test
test proclife::interleave::tests::a_spawn_racing_its_places_kill_leaves_nothing_under_it_and_publishes_it ... FAILED

failures:

---- proclife::interleave::tests::a_spawn_racing_its_places_kill_leaves_nothing_under_it_and_publishes_it stdout ----

thread 'proclife::interleave::tests::a_spawn_racing_its_places_kill_leaves_nothing_under_it_and_publishes_it' (17767) panicked at pure/proclife/interleave.rs:544:27:
a lifecycle law broke:
pid 3 landed unclaimed under a place whose end was already claimed
  schedule: spawn_under#1 -> kill#0 -> kill#0 -> kill#0 -> kill#0 -> spawn_under#1 -> spawn_under#1
stack backtrace:
   0: __rustc::rust_begin_unwind
             at /rustc/b940084d7eb6a299eb4bfeb8e34901bc051e7ac4/library/std/src/panicking.rs:679:5
   1: core::panicking::panic_fmt
             at /rustc/b940084d7eb6a299eb4bfeb8e34901bc051e7ac4/library/core/src/panicking.rs:80:14
   2: kernel::proclife::interleave::tests::holds
             at ./pure/proclife/interleave.rs:544:27
   3: kernel::proclife::interleave::tests::a_spawn_racing_its_places_kill_leaves_nothing_under_it_and_publishes_it
             at ./pure/proclife/interleave.rs:801:22
   4: kernel::proclife::interleave::tests::a_spawn_racing_its_places_kill_leaves_nothing_under_it_and_publishes_it::{closure#0}
             at ./pure/proclife/interleave.rs:795:81
   5: <kernel::proclife::interleave::tests::a_spawn_racing_its_places_kill_leaves_nothing_under_it_and_publishes_it::{closure#0} as core::ops::function::FnOnce<()>>::call_once
             at /rustc/b940084d7eb6a299eb4bfeb8e34901bc051e7ac4/library/core/src/ops/function.rs:250:5
   6: <fn() -> core::result::Result<(), alloc::string::String> as core::ops::function::FnOnce<()>>::call_once
             at /rustc/b940084d7eb6a299eb4bfeb8e34901bc051e7ac4/library/core/src/ops/function.rs:250:5
note: Some details are omitted, run with `RUST_BACKTRACE=full` for a verbose backtrace.


failures:
    proclife::interleave::tests::a_spawn_racing_its_places_kill_leaves_nothing_under_it_and_publishes_it

test result: FAILED. 0 passed; 1 failed; 0 ignored; 0 measured; 155 filtered out; finished in 0.11s

error: test failed, to rerun pass `--lib`
11:27:52 [ci] control `mutate-place-skips-the-insert-recheck`: 1 verdict(s) reached

11:27:52 === [ci] control `mutate-refused-spawn-keeps-the-count`
   Compiling kernel v0.1.0 (/home/user/toyos-sessionshares/kernel)
    Finished `test` profile [unoptimized + debuginfo] target(s) in 3.43s
     Running unittests pure/lib.rs (target/debug/deps/kernel-a7d54f220482fa9e)

running 1 test
test proclife::interleave::tests::a_spawn_racing_its_places_kill_leaves_nothing_under_it_and_publishes_it ... FAILED

failures:

---- proclife::interleave::tests::a_spawn_racing_its_places_kill_leaves_nothing_under_it_and_publishes_it stdout ----
a spawn racing its place's kill: 1641 states

thread 'proclife::interleave::tests::a_spawn_racing_its_places_kill_leaves_nothing_under_it_and_publishes_it' (18022) panicked at pure/proclife/interleave.rs:544:27:
a lifecycle law broke:
pid 1 was claimed for teardown and never published an exit
  schedule: spawn_under#1 -> kill#0 -> kill#0 -> kill#0 -> kill#0 -> spawn_under#1 -> out 1/0 -> out 1/0 -> out 1/0 -> out 1/0 -> out 2/0 -> out 2/0 -> out 2/0 -> out 2/0 -> out 2/0 -> out 2/0
stack backtrace:
   0: __rustc::rust_begin_unwind
             at /rustc/b940084d7eb6a299eb4bfeb8e34901bc051e7ac4/library/std/src/panicking.rs:679:5
   1: core::panicking::panic_fmt
             at /rustc/b940084d7eb6a299eb4bfeb8e34901bc051e7ac4/library/core/src/panicking.rs:80:14
   2: kernel::proclife::interleave::tests::holds
             at ./pure/proclife/interleave.rs:544:27
   3: kernel::proclife::interleave::tests::a_spawn_racing_its_places_kill_leaves_nothing_under_it_and_publishes_it
             at ./pure/proclife/interleave.rs:803:9
   4: kernel::proclife::interleave::tests::a_spawn_racing_its_places_kill_leaves_nothing_under_it_and_publishes_it::{closure#0}
             at ./pure/proclife/interleave.rs:795:81
   5: <kernel::proclife::interleave::tests::a_spawn_racing_its_places_kill_leaves_nothing_under_it_and_publishes_it::{closure#0} as core::ops::function::FnOnce<()>>::call_once
             at /rustc/b940084d7eb6a299eb4bfeb8e34901bc051e7ac4/library/core/src/ops/function.rs:250:5
   6: <fn() -> core::result::Result<(), alloc::string::String> as core::ops::function::FnOnce<()>>::call_once
             at /rustc/b940084d7eb6a299eb4bfeb8e34901bc051e7ac4/library/core/src/ops/function.rs:250:5
note: Some details are omitted, run with `RUST_BACKTRACE=full` for a verbose backtrace.


failures:
    proclife::interleave::tests::a_spawn_racing_its_places_kill_leaves_nothing_under_it_and_publishes_it

test result: FAILED. 0 passed; 1 failed; 0 ignored; 0 measured; 155 filtered out; finished in 0.35s

error: test failed, to rerun pass `--lib`
11:27:56 [ci] control `mutate-refused-spawn-keeps-the-count`: 1 verdict(s) reached

11:27:56 === [ci] control `mutate-landed-child-retires-nothing`
   Compiling kernel v0.1.0 (/home/user/toyos-sessionshares/kernel)
    Finished `test` profile [unoptimized + debuginfo] target(s) in 3.77s
     Running unittests pure/lib.rs (target/debug/deps/kernel-8bf77c18c43f2ae8)

running 2 tests
test proclife::tree::tests::a_child_landed_under_a_place_claimed_since_its_admission_is_claimed_with_it ... FAILED
test proclife::interleave::tests::a_spawn_racing_its_places_kill_leaves_nothing_under_it_and_publishes_it ... FAILED

failures:

---- proclife::tree::tests::a_child_landed_under_a_place_claimed_since_its_admission_is_claimed_with_it stdout ----

thread 'proclife::tree::tests::a_child_landed_under_a_place_claimed_since_its_admission_is_claimed_with_it' (18279) panicked at pure/proclife/tree.rs:274:9:
assertion `left == right` failed: the child's spawner was not answered its thread to retire
  left: []
 right: [Tid(0)]
stack backtrace:
   0: __rustc::rust_begin_unwind
             at /rustc/b940084d7eb6a299eb4bfeb8e34901bc051e7ac4/library/std/src/panicking.rs:679:5
   1: core::panicking::panic_fmt
             at /rustc/b940084d7eb6a299eb4bfeb8e34901bc051e7ac4/library/core/src/panicking.rs:80:14
   2: core::panicking::assert_failed_inner
             at /rustc/b940084d7eb6a299eb4bfeb8e34901bc051e7ac4/library/core/src/panicking.rs:447:23
   3: core::panicking::assert_failed::<alloc::vec::Vec<toyos_abi::Tid>, [toyos_abi::Tid; 1]>
             at /rustc/b940084d7eb6a299eb4bfeb8e34901bc051e7ac4/library/core/src/panicking.rs:407:5
   4: kernel::proclife::tree::tests::a_child_landed_under_a_place_claimed_since_its_admission_is_claimed_with_it
             at ./pure/proclife/tree.rs:274:9
   5: kernel::proclife::tree::tests::a_child_landed_under_a_place_claimed_since_its_admission_is_claimed_with_it::{closure#0}
             at ./pure/proclife/tree.rs:265:85
   6: <kernel::proclife::tree::tests::a_child_landed_under_a_place_claimed_since_its_admission_is_claimed_with_it::{closure#0} as core::ops::function::FnOnce<()>>::call_once
             at /rustc/b940084d7eb6a299eb4bfeb8e34901bc051e7ac4/library/core/src/ops/function.rs:250:5
   7: <fn() -> core::result::Result<(), alloc::string::String> as core::ops::function::FnOnce<()>>::call_once
             at /rustc/b940084d7eb6a299eb4bfeb8e34901bc051e7ac4/library/core/src/ops/function.rs:250:5
note: Some details are omitted, run with `RUST_BACKTRACE=full` for a verbose backtrace.

---- proclife::interleave::tests::a_spawn_racing_its_places_kill_leaves_nothing_under_it_and_publishes_it stdout ----

thread 'proclife::interleave::tests::a_spawn_racing_its_places_kill_leaves_nothing_under_it_and_publishes_it' (18278) panicked at pure/proclife/interleave.rs:544:27:
a lifecycle law broke:
pid 1 was claimed for teardown and never published an exit
pid 3 was claimed for teardown and never published an exit
pid 3 outlived the end of pid 1 above it
  schedule: spawn_under#1 -> kill#0 -> kill#0 -> kill#0 -> kill#0 -> spawn_under#1 -> spawn_under#1 -> spawn_under#1 -> out 1/0 -> out 1/0 -> out 1/0 -> out 1/0 -> out 2/0 -> out 2/0 -> out 2/0 -> out 2/0 -> out 2/0 -> out 2/0
stack backtrace:
   0: __rustc::rust_begin_unwind
             at /rustc/b940084d7eb6a299eb4bfeb8e34901bc051e7ac4/library/std/src/panicking.rs:679:5
   1: core::panicking::panic_fmt
             at /rustc/b940084d7eb6a299eb4bfeb8e34901bc051e7ac4/library/core/src/panicking.rs:80:14
   2: kernel::proclife::interleave::tests::holds
             at ./pure/proclife/interleave.rs:544:27
   3: kernel::proclife::interleave::tests::a_spawn_racing_its_places_kill_leaves_nothing_under_it_and_publishes_it
             at ./pure/proclife/interleave.rs:801:22
   4: kernel::proclife::interleave::tests::a_spawn_racing_its_places_kill_leaves_nothing_under_it_and_publishes_it::{closure#0}
             at ./pure/proclife/interleave.rs:795:81
   5: <kernel::proclife::interleave::tests::a_spawn_racing_its_places_kill_leaves_nothing_under_it_and_publishes_it::{closure#0} as core::ops::function::FnOnce<()>>::call_once
             at /rustc/b940084d7eb6a299eb4bfeb8e34901bc051e7ac4/library/core/src/ops/function.rs:250:5
   6: <fn() -> core::result::Result<(), alloc::string::String> as core::ops::function::FnOnce<()>>::call_once
             at /rustc/b940084d7eb6a299eb4bfeb8e34901bc051e7ac4/library/core/src/ops/function.rs:250:5
note: Some details are omitted, run with `RUST_BACKTRACE=full` for a verbose backtrace.


failures:
    proclife::interleave::tests::a_spawn_racing_its_places_kill_leaves_nothing_under_it_and_publishes_it
    proclife::tree::tests::a_child_landed_under_a_place_claimed_since_its_admission_is_claimed_with_it

test result: FAILED. 0 passed; 2 failed; 0 ignored; 0 measured; 154 filtered out; finished in 0.13s

error: test failed, to rerun pass `--lib`
11:28:00 [ci] control `mutate-landed-child-retires-nothing`: 2 verdict(s) reached

11:28:00 === [ci] control `mutate-publish-before-the-children`
   Compiling kernel v0.1.0 (/home/user/toyos-sessionshares/kernel)
    Finished `test` profile [unoptimized + debuginfo] target(s) in 3.57s
     Running unittests pure/lib.rs (target/debug/deps/kernel-6a47c1ad81d6286c)

running 1 test
test proclife::interleave::tests::an_exit_publishes_after_every_end_below_it ... FAILED

failures:

---- proclife::interleave::tests::an_exit_publishes_after_every_end_below_it stdout ----

thread 'proclife::interleave::tests::an_exit_publishes_after_every_end_below_it' (18530) panicked at pure/proclife/interleave.rs:544:27:
a lifecycle law broke:
pid 1 was published with pid 2 still unpublished below it
pid 1 was published with pid 4 still unpublished below it
  schedule: exit#0 -> exit#0 -> exit#0 -> exit#0 -> exit#0 -> exit#0 -> exit#0 -> exit#0 -> out 1/0 -> out 1/0 -> out 1/0 -> out 1/0
stack backtrace:
   0: __rustc::rust_begin_unwind
             at /rustc/b940084d7eb6a299eb4bfeb8e34901bc051e7ac4/library/std/src/panicking.rs:679:5
   1: core::panicking::panic_fmt
             at /rustc/b940084d7eb6a299eb4bfeb8e34901bc051e7ac4/library/core/src/panicking.rs:80:14
   2: kernel::proclife::interleave::tests::holds
             at ./pure/proclife/interleave.rs:544:27
   3: kernel::proclife::interleave::tests::an_exit_publishes_after_every_end_below_it
             at ./pure/proclife/interleave.rs:855:9
   4: kernel::proclife::interleave::tests::an_exit_publishes_after_every_end_below_it::{closure#0}
             at ./pure/proclife/interleave.rs:847:52
   5: <kernel::proclife::interleave::tests::an_exit_publishes_after_every_end_below_it::{closure#0} as core::ops::function::FnOnce<()>>::call_once
             at /rustc/b940084d7eb6a299eb4bfeb8e34901bc051e7ac4/library/core/src/ops/function.rs:250:5
   6: <fn() -> core::result::Result<(), alloc::string::String> as core::ops::function::FnOnce<()>>::call_once
             at /rustc/b940084d7eb6a299eb4bfeb8e34901bc051e7ac4/library/core/src/ops/function.rs:250:5
note: Some details are omitted, run with `RUST_BACKTRACE=full` for a verbose backtrace.


failures:
    proclife::interleave::tests::an_exit_publishes_after_every_end_below_it

test result: FAILED. 0 passed; 1 failed; 0 ignored; 0 measured; 155 filtered out; finished in 0.10s

error: test failed, to rerun pass `--lib`
11:28:03 [ci] control `mutate-publish-before-the-children`: 1 verdict(s) reached

11:28:03 === [ci] control `mutate-walk-in-one-hold`
   Compiling kernel v0.1.0 (/home/user/toyos-sessionshares/kernel)
    Finished `test` profile [unoptimized + debuginfo] target(s) in 3.90s
     Running unittests pure/lib.rs (target/debug/deps/kernel-8c7fff80f02f57b7)

running 1 test
test proclife::interleave::tests::a_spawn_under_an_unrelated_process_lands_between_two_claims_of_one_walk ... FAILED

failures:

---- proclife::interleave::tests::a_spawn_under_an_unrelated_process_lands_between_two_claims_of_one_walk stdout ----

thread 'proclife::interleave::tests::a_spawn_under_an_unrelated_process_lands_between_two_claims_of_one_walk' (18787) panicked at pure/proclife/interleave.rs:894:9:
no ordering landed the unrelated spawn between the walk's two claims below the end: the walk holds the table across its claims
stack backtrace:
   0: __rustc::rust_begin_unwind
             at /rustc/b940084d7eb6a299eb4bfeb8e34901bc051e7ac4/library/std/src/panicking.rs:679:5
   1: core::panicking::panic_fmt
             at /rustc/b940084d7eb6a299eb4bfeb8e34901bc051e7ac4/library/core/src/panicking.rs:80:14
   2: kernel::proclife::interleave::tests::a_spawn_under_an_unrelated_process_lands_between_two_claims_of_one_walk
             at ./pure/proclife/interleave.rs:894:9
   3: kernel::proclife::interleave::tests::a_spawn_under_an_unrelated_process_lands_between_two_claims_of_one_walk::{closure#0}
             at ./pure/proclife/interleave.rs:878:81
   4: <kernel::proclife::interleave::tests::a_spawn_under_an_unrelated_process_lands_between_two_claims_of_one_walk::{closure#0} as core::ops::function::FnOnce<()>>::call_once
             at /rustc/b940084d7eb6a299eb4bfeb8e34901bc051e7ac4/library/core/src/ops/function.rs:250:5
   5: <fn() -> core::result::Result<(), alloc::string::String> as core::ops::function::FnOnce<()>>::call_once
             at /rustc/b940084d7eb6a299eb4bfeb8e34901bc051e7ac4/library/core/src/ops/function.rs:250:5
note: Some details are omitted, run with `RUST_BACKTRACE=full` for a verbose backtrace.


failures:
    proclife::interleave::tests::a_spawn_under_an_unrelated_process_lands_between_two_claims_of_one_walk

test result: FAILED. 0 passed; 1 failed; 0 ignored; 0 measured; 155 filtered out; finished in 0.44s

error: test failed, to rerun pass `--lib`
11:28:08 [ci] control `mutate-walk-in-one-hold`: 1 verdict(s) reached

11:28:08 === [ci] control `mutate-spawner-handle-after-the-landing`
   Compiling kernel v0.1.0 (/home/user/toyos-sessionshares/kernel)
    Finished `test` profile [unoptimized + debuginfo] target(s) in 3.49s
     Running unittests pure/lib.rs (target/debug/deps/kernel-588c3c423664f95c)

running 2 tests
test proclife::interleave::tests::a_spawn_racing_the_kill_of_its_own_spawner ... FAILED
test proclife::interleave::tests::a_spawn_racing_its_places_kill_leaves_nothing_under_it_and_publishes_it ... FAILED

failures:

---- proclife::interleave::tests::a_spawn_racing_the_kill_of_its_own_spawner stdout ----

thread 'proclife::interleave::tests::a_spawn_racing_the_kill_of_its_own_spawner' (19040) panicked at pure/proclife/interleave.rs:544:27:
a lifecycle law broke:
pid 3: a handle to it was minted after its last one had gone
  schedule: spawn_under#1 -> kill#0 -> kill#0 -> kill#0 -> kill#0 -> spawn_under#1 -> spawn_under#1 -> spawn_under#1 -> out 2/0 -> out 2/0 -> out 2/0 -> out 2/0 -> out 2/0 -> out 2/0 -> out 3/0 -> out 3/0 -> spawn_under#1
stack backtrace:
   0: __rustc::rust_begin_unwind
             at /rustc/b940084d7eb6a299eb4bfeb8e34901bc051e7ac4/library/std/src/panicking.rs:679:5
   1: core::panicking::panic_fmt
             at /rustc/b940084d7eb6a299eb4bfeb8e34901bc051e7ac4/library/core/src/panicking.rs:80:14
   2: kernel::proclife::interleave::tests::holds
             at ./pure/proclife/interleave.rs:544:27
   3: kernel::proclife::interleave::tests::a_spawn_racing_the_kill_of_its_own_spawner
             at ./pure/proclife/interleave.rs:816:9
   4: kernel::proclife::interleave::tests::a_spawn_racing_the_kill_of_its_own_spawner::{closure#0}
             at ./pure/proclife/interleave.rs:810:52
   5: <kernel::proclife::interleave::tests::a_spawn_racing_the_kill_of_its_own_spawner::{closure#0} as core::ops::function::FnOnce<()>>::call_once
             at /rustc/b940084d7eb6a299eb4bfeb8e34901bc051e7ac4/library/core/src/ops/function.rs:250:5
   6: <fn() -> core::result::Result<(), alloc::string::String> as core::ops::function::FnOnce<()>>::call_once
             at /rustc/b940084d7eb6a299eb4bfeb8e34901bc051e7ac4/library/core/src/ops/function.rs:250:5
note: Some details are omitted, run with `RUST_BACKTRACE=full` for a verbose backtrace.

---- proclife::interleave::tests::a_spawn_racing_its_places_kill_leaves_nothing_under_it_and_publishes_it stdout ----

thread 'proclife::interleave::tests::a_spawn_racing_its_places_kill_leaves_nothing_under_it_and_publishes_it' (19039) panicked at pure/proclife/interleave.rs:544:27:
a lifecycle law broke:
pid 3: a handle to it was minted after its last one had gone
  schedule: spawn_under#1 -> kill#0 -> kill#0 -> kill#0 -> kill#0 -> spawn_under#1 -> spawn_under#1 -> spawn_under#1 -> out 1/0 -> out 1/0 -> out 1/0 -> out 1/0 -> out 2/0 -> out 2/0 -> out 2/0 -> out 2/0 -> out 2/0 -> out 2/0 -> out 3/0 -> out 3/0 -> spawn_under#1
stack backtrace:
   0: __rustc::rust_begin_unwind
             at /rustc/b940084d7eb6a299eb4bfeb8e34901bc051e7ac4/library/std/src/panicking.rs:679:5
   1: core::panicking::panic_fmt
             at /rustc/b940084d7eb6a299eb4bfeb8e34901bc051e7ac4/library/core/src/panicking.rs:80:14
   2: kernel::proclife::interleave::tests::holds
             at ./pure/proclife/interleave.rs:544:27
   3: kernel::proclife::interleave::tests::a_spawn_racing_its_places_kill_leaves_nothing_under_it_and_publishes_it
             at ./pure/proclife/interleave.rs:801:22
   4: kernel::proclife::interleave::tests::a_spawn_racing_its_places_kill_leaves_nothing_under_it_and_publishes_it::{closure#0}
             at ./pure/proclife/interleave.rs:795:81
   5: <kernel::proclife::interleave::tests::a_spawn_racing_its_places_kill_leaves_nothing_under_it_and_publishes_it::{closure#0} as core::ops::function::FnOnce<()>>::call_once
             at /rustc/b940084d7eb6a299eb4bfeb8e34901bc051e7ac4/library/core/src/ops/function.rs:250:5
   6: <fn() -> core::result::Result<(), alloc::string::String> as core::ops::function::FnOnce<()>>::call_once
             at /rustc/b940084d7eb6a299eb4bfeb8e34901bc051e7ac4/library/core/src/ops/function.rs:250:5
note: Some details are omitted, run with `RUST_BACKTRACE=full` for a verbose backtrace.


failures:
    proclife::interleave::tests::a_spawn_racing_its_places_kill_leaves_nothing_under_it_and_publishes_it
    proclife::interleave::tests::a_spawn_racing_the_kill_of_its_own_spawner

test result: FAILED. 0 passed; 2 failed; 0 ignored; 0 measured; 154 filtered out; finished in 0.15s

error: test failed, to rerun pass `--lib`
11:28:11 [ci] control `mutate-spawner-handle-after-the-landing`: 2 verdict(s) reached

11:28:11 === [ci] control `mutate-spawner-handle-before-the-childs-own`
   Compiling kernel v0.1.0 (/home/user/toyos-sessionshares/kernel)
    Finished `test` profile [unoptimized + debuginfo] target(s) in 3.77s
     Running unittests pure/lib.rs (target/debug/deps/kernel-6f4ca8045498c27b)

running 1 test
test proclife::interleave::tests::a_sibling_closing_a_spawns_handle_before_the_spawn_returns ... FAILED

failures:

---- proclife::interleave::tests::a_sibling_closing_a_spawns_handle_before_the_spawn_returns stdout ----

thread 'proclife::interleave::tests::a_sibling_closing_a_spawns_handle_before_the_spawn_returns' (19291) panicked at pure/proclife/interleave.rs:544:27:
a lifecycle law broke:
pid 2: a handle to it was minted after its last one had gone
  schedule: spawn_under#0 -> spawn_under#0 -> close#1 -> spawn_under#0
stack backtrace:
   0: __rustc::rust_begin_unwind
             at /rustc/b940084d7eb6a299eb4bfeb8e34901bc051e7ac4/library/std/src/panicking.rs:679:5
   1: core::panicking::panic_fmt
             at /rustc/b940084d7eb6a299eb4bfeb8e34901bc051e7ac4/library/core/src/panicking.rs:80:14
   2: kernel::proclife::interleave::tests::holds
             at ./pure/proclife/interleave.rs:544:27
   3: kernel::proclife::interleave::tests::a_sibling_closing_a_spawns_handle_before_the_spawn_returns
             at ./pure/proclife/interleave.rs:838:9
   4: kernel::proclife::interleave::tests::a_sibling_closing_a_spawns_handle_before_the_spawn_returns::{closure#0}
             at ./pure/proclife/interleave.rs:828:68
   5: <kernel::proclife::interleave::tests::a_sibling_closing_a_spawns_handle_before_the_spawn_returns::{closure#0} as core::ops::function::FnOnce<()>>::call_once
             at /rustc/b940084d7eb6a299eb4bfeb8e34901bc051e7ac4/library/core/src/ops/function.rs:250:5
   6: <fn() -> core::result::Result<(), alloc::string::String> as core::ops::function::FnOnce<()>>::call_once
             at /rustc/b940084d7eb6a299eb4bfeb8e34901bc051e7ac4/library/core/src/ops/function.rs:250:5
note: Some details are omitted, run with `RUST_BACKTRACE=full` for a verbose backtrace.


failures:
    proclife::interleave::tests::a_sibling_closing_a_spawns_handle_before_the_spawn_returns

test result: FAILED. 0 passed; 1 failed; 0 ignored; 0 measured; 155 filtered out; finished in 0.11s

error: test failed, to rerun pass `--lib`
11:28:15 [ci] control `mutate-spawner-handle-before-the-childs-own`: 1 verdict(s) reached

11:28:15 === [ci] control `placement-ignores-staleness`
   Compiling libc v0.2.190
   Compiling kernel v0.1.0 (/home/user/toyos-sessionshares/kernel)
   Compiling getrandom v0.3.4
   Compiling rand_core v0.9.5
   Compiling rand_chacha v0.9.0
   Compiling rand v0.9.5
   Compiling kernel-sim v0.1.0 (/home/user/toyos-sessionshares/kernel/sim)
    Finished `test` profile [optimized + debuginfo] target(s) in 8.66s
     Running tests/policy.rs (target/debug/deps/policy-ffb0108c48667546)

running 1 test
test a_stopped_cpu_stops_taking_work ... FAILED

failures:

---- a_stopped_cpu_stops_taking_work stdout ----
stopped_cpu: worst never_ran 10, total 114 over 16 seeds, bound 4 of 24

thread 'a_stopped_cpu_stops_taking_work' (19688) panicked at kernel/sim/tests/policy.rs:1419:5:
a stopped cpu took 10 of 24 programs, against the 4 its published numbers are believed for
stack backtrace:
   0: __rustc::rust_begin_unwind
             at /rustc/b940084d7eb6a299eb4bfeb8e34901bc051e7ac4/library/std/src/panicking.rs:679:5
   1: core::panicking::panic_fmt
             at /rustc/b940084d7eb6a299eb4bfeb8e34901bc051e7ac4/library/core/src/panicking.rs:80:14
   2: policy::a_stopped_cpu_stops_taking_work
             at ./tests/policy.rs:1419:5
   3: policy::a_stopped_cpu_stops_taking_work::{closure#0}
             at ./tests/policy.rs:1402:37
   4: <policy::a_stopped_cpu_stops_taking_work::{closure#0} as core::ops::function::FnOnce<()>>::call_once
             at /rustc/b940084d7eb6a299eb4bfeb8e34901bc051e7ac4/library/core/src/ops/function.rs:250:5
   5: <fn() -> core::result::Result<(), alloc::string::String> as core::ops::function::FnOnce<()>>::call_once
             at /rustc/b940084d7eb6a299eb4bfeb8e34901bc051e7ac4/library/core/src/ops/function.rs:250:5
note: Some details are omitted, run with `RUST_BACKTRACE=full` for a verbose backtrace.


failures:
    a_stopped_cpu_stops_taking_work

test result: FAILED. 0 passed; 1 failed; 0 ignored; 0 measured; 11 filtered out; finished in 0.14s

error: test failed, to rerun pass `-p kernel-sim --test policy`
11:28:24 [ci] control `placement-ignores-staleness`: 1 verdict(s) reached

11:28:24 === [ci] control `mutate-session-end-forgets`
   Compiling toyos-blockring v0.1.0 (/home/user/toyos-sessionshares/toyos-blockring)
    Finished `test` profile [optimized + debuginfo] target(s) in 2.77s
     Running unittests src/lib.rs (target/debug/deps/toyos_blockring-8bb6b8ea15a794bf)

running 1 test
test model::tests::every_request_is_answered_exactly_once ... FAILED

failures:

---- model::tests::every_request_is_answered_exactly_once stdout ----
Failures { resets: 0, crashes: 0, errors: 0 }: 28 end states, 0 with a flush given up, None
Failures { resets: 1, crashes: 0, errors: 0 }: 492 end states, 0 with a flush given up, None
Failures { resets: 0, crashes: 1, errors: 0 }: 4 end states, 0 with a flush given up, Some((Answers, "ticket 3 ended answered None, after ask 0 > ask 1 > ask 2 > take Write { run: Run { first: 0, count: 1 }, lba: 0 }#4 > take Write { run: Run { first: 1, count: 1 }, lba: 1 }#5 > take Flush#6 > done Write { run: Run { first: 0, count: 1 }, lba: 0 }#4 > done Write { run: Run { first: 1, count: 1 }, lba: 1 }#5 > done Flush#6 > read #4 Ok > ask 3 > ask 4 > take Write { run: Run { first: 3, count: 1 }, lba: 0 }#8 > take Flush#7 > done Write { run: Run { first: 3, count: 1 }, lba: 0 }#8 > done Flush#7 > read #5 Ok > read #6 Ok > crash([None, None] [3, 2]) > notice > reconnect > take Write { run: Run { first: 0, count: 1 }, lba: 0 }#12 > take Write { run: Run { first: 1, count: 1 }, lba: 1 }#9 > done Write { run: Run { first: 0, count: 1 }, lba: 0 }#12 > done Write { run: Run { first: 1, count: 1 }, lba: 1 }#9 > read #12 Ok > read #9 Ok > take Flush#16 > done Flush#16 > read #16 Ok"))

thread 'model::tests::every_request_is_answered_exactly_once' (19851) panicked at toyos-blockring/src/model.rs:722:17:
Failures { resets: 0, crashes: 1, errors: 0 }: ticket 3 ended answered None, after ask 0 > ask 1 > ask 2 > take Write { run: Run { first: 0, count: 1 }, lba: 0 }#4 > take Write { run: Run { first: 1, count: 1 }, lba: 1 }#5 > take Flush#6 > done Write { run: Run { first: 0, count: 1 }, lba: 0 }#4 > done Write { run: Run { first: 1, count: 1 }, lba: 1 }#5 > done Flush#6 > read #4 Ok > ask 3 > ask 4 > take Write { run: Run { first: 3, count: 1 }, lba: 0 }#8 > take Flush#7 > done Write { run: Run { first: 3, count: 1 }, lba: 0 }#8 > done Flush#7 > read #5 Ok > read #6 Ok > crash([None, None] [3, 2]) > notice > reconnect > take Write { run: Run { first: 0, count: 1 }, lba: 0 }#12 > take Write { run: Run { first: 1, count: 1 }, lba: 1 }#9 > done Write { run: Run { first: 0, count: 1 }, lba: 0 }#12 > done Write { run: Run { first: 1, count: 1 }, lba: 1 }#9 > read #12 Ok > read #9 Ok > take Flush#16 > done Flush#16 > read #16 Ok
stack backtrace:
   0: __rustc::rust_begin_unwind
             at /rustc/b940084d7eb6a299eb4bfeb8e34901bc051e7ac4/library/std/src/panicking.rs:679:5
   1: core::panicking::panic_fmt
             at /rustc/b940084d7eb6a299eb4bfeb8e34901bc051e7ac4/library/core/src/panicking.rs:80:14
   2: toyos_blockring::model::tests::every_request_is_answered_exactly_once
             at ./src/model.rs:722:17
   3: toyos_blockring::model::tests::every_request_is_answered_exactly_once::{closure#0}
             at ./src/model.rs:717:48
   4: <toyos_blockring::model::tests::every_request_is_answered_exactly_once::{closure#0} as core::ops::function::FnOnce<()>>::call_once
             at /rustc/b940084d7eb6a299eb4bfeb8e34901bc051e7ac4/library/core/src/ops/function.rs:250:5
   5: <fn() -> core::result::Result<(), alloc::string::String> as core::ops::function::FnOnce<()>>::call_once
             at /rustc/b940084d7eb6a299eb4bfeb8e34901bc051e7ac4/library/core/src/ops/function.rs:250:5
note: Some details are omitted, run with `RUST_BACKTRACE=full` for a verbose backtrace.


failures:
    model::tests::every_request_is_answered_exactly_once

test result: FAILED. 0 passed; 1 failed; 0 ignored; 0 measured; 19 filtered out; finished in 10.42s

error: test failed, to rerun pass `-p toyos-blockring --lib`
11:28:38 [ci] control `mutate-session-end-forgets`: 1 verdict(s) reached

11:28:38 === [ci] control `mutate-abort-keeps-inflight`
   Compiling toyos-blockring v0.1.0 (/home/user/toyos-sessionshares/toyos-blockring)
    Finished `test` profile [optimized + debuginfo] target(s) in 2.64s
     Running unittests src/lib.rs (target/debug/deps/toyos_blockring-20d4e443be4f0298)

running 1 test
test model::tests::every_request_is_answered_exactly_once ... FAILED

failures:

---- model::tests::every_request_is_answered_exactly_once stdout ----
Failures { resets: 0, crashes: 0, errors: 0 }: 28 end states, 0 with a flush given up, None
Failures { resets: 1, crashes: 0, errors: 0 }: 2 end states, 0 with a flush given up, Some((Answers, "the client met a second completion for tag 7, after ask 0 > ask 1 > ask 2 > take Write { run: Run { first: 0, count: 1 }, lba: 0 }#4 > take Write { run: Run { first: 1, count: 1 }, lba: 1 }#5 > take Flush#6 > done Write { run: Run { first: 0, count: 1 }, lba: 0 }#4 > done Write { run: Run { first: 1, count: 1 }, lba: 1 }#5 > done Flush#6 > read #4 Ok > ask 3 > ask 4 > take Write { run: Run { first: 3, count: 1 }, lba: 0 }#8 > take Flush#7 > done Write { run: Run { first: 3, count: 1 }, lba: 0 }#8 > read #5 Ok > read #6 Ok > read #8 Ok > reset([7] [None, None] [3, 2]) > read #7 Device > take Write { run: Run { first: 0, count: 1 }, lba: 0 }#12 > take Write { run: Run { first: 1, count: 1 }, lba: 1 }#9 > done Write { run: Run { first: 0, count: 1 }, lba: 0 }#12 > done Write { run: Run { first: 1, count: 1 }, lba: 1 }#9 > read #12 Ok > take Write { run: Run { first: 3, count: 1 }, lba: 0 }#16 > done Write { run: Run { first: 3, count: 1 }, lba: 0 }#16 > read #9 Ok > read #16 Ok > take Flush#20 > done Flush#20 > read #20 Lost > take Write { run: Run { first: 0, count: 1 }, lba: 0 }#24 > take Write { run: Run { first: 1, count: 1 }, lba: 1 }#13 > done Write { run: Run { first: 0, count: 1 }, lba: 0 }#24 > done Write { run: Run { first: 1, count: 1 }, lba: 1 }#13 > read #24 Ok > take Write { run: Run { first: 3, count: 1 }, lba: 0 }#28 > done Write { run: Run { first: 3, count: 1 }, lba: 0 }#28 > read #13 Ok > read #28 Ok > take Flush#32 > done Flush#32 > read #32 Ok > posted #7 > read #7 Ok"))

thread 'model::tests::every_request_is_answered_exactly_once' (20032) panicked at toyos-blockring/src/model.rs:722:17:
Failures { resets: 1, crashes: 0, errors: 0 }: the client met a second completion for tag 7, after ask 0 > ask 1 > ask 2 > take Write { run: Run { first: 0, count: 1 }, lba: 0 }#4 > take Write { run: Run { first: 1, count: 1 }, lba: 1 }#5 > take Flush#6 > done Write { run: Run { first: 0, count: 1 }, lba: 0 }#4 > done Write { run: Run { first: 1, count: 1 }, lba: 1 }#5 > done Flush#6 > read #4 Ok > ask 3 > ask 4 > take Write { run: Run { first: 3, count: 1 }, lba: 0 }#8 > take Flush#7 > done Write { run: Run { first: 3, count: 1 }, lba: 0 }#8 > read #5 Ok > read #6 Ok > read #8 Ok > reset([7] [None, None] [3, 2]) > read #7 Device > take Write { run: Run { first: 0, count: 1 }, lba: 0 }#12 > take Write { run: Run { first: 1, count: 1 }, lba: 1 }#9 > done Write { run: Run { first: 0, count: 1 }, lba: 0 }#12 > done Write { run: Run { first: 1, count: 1 }, lba: 1 }#9 > read #12 Ok > take Write { run: Run { first: 3, count: 1 }, lba: 0 }#16 > done Write { run: Run { first: 3, count: 1 }, lba: 0 }#16 > read #9 Ok > read #16 Ok > take Flush#20 > done Flush#20 > read #20 Lost > take Write { run: Run { first: 0, count: 1 }, lba: 0 }#24 > take Write { run: Run { first: 1, count: 1 }, lba: 1 }#13 > done Write { run: Run { first: 0, count: 1 }, lba: 0 }#24 > done Write { run: Run { first: 1, count: 1 }, lba: 1 }#13 > read #24 Ok > take Write { run: Run { first: 3, count: 1 }, lba: 0 }#28 > done Write { run: Run { first: 3, count: 1 }, lba: 0 }#28 > read #13 Ok > read #28 Ok > take Flush#32 > done Flush#32 > read #32 Ok > posted #7 > read #7 Ok
stack backtrace:
   0: __rustc::rust_begin_unwind
             at /rustc/b940084d7eb6a299eb4bfeb8e34901bc051e7ac4/library/std/src/panicking.rs:679:5
   1: core::panicking::panic_fmt
             at /rustc/b940084d7eb6a299eb4bfeb8e34901bc051e7ac4/library/core/src/panicking.rs:80:14
   2: toyos_blockring::model::tests::every_request_is_answered_exactly_once
             at ./src/model.rs:722:17
   3: toyos_blockring::model::tests::every_request_is_answered_exactly_once::{closure#0}
             at ./src/model.rs:717:48
   4: <toyos_blockring::model::tests::every_request_is_answered_exactly_once::{closure#0} as core::ops::function::FnOnce<()>>::call_once
             at /rustc/b940084d7eb6a299eb4bfeb8e34901bc051e7ac4/library/core/src/ops/function.rs:250:5
   5: <fn() -> core::result::Result<(), alloc::string::String> as core::ops::function::FnOnce<()>>::call_once
             at /rustc/b940084d7eb6a299eb4bfeb8e34901bc051e7ac4/library/core/src/ops/function.rs:250:5
note: Some details are omitted, run with `RUST_BACKTRACE=full` for a verbose backtrace.


failures:
    model::tests::every_request_is_answered_exactly_once

test result: FAILED. 0 passed; 1 failed; 0 ignored; 0 measured; 19 filtered out; finished in 0.16s

error: test failed, to rerun pass `-p toyos-blockring --lib`
11:28:40 [ci] control `mutate-abort-keeps-inflight`: 1 verdict(s) reached

11:28:40 === [ci] control `mutate-no-reissue-after-loss`
   Compiling toyos-blockring v0.1.0 (/home/user/toyos-sessionshares/toyos-blockring)
    Finished `test` profile [optimized + debuginfo] target(s) in 2.81s
     Running unittests src/lib.rs (target/debug/deps/toyos_blockring-f02366fb76266050)

running 1 test
test model::tests::what_a_flush_calls_durable_is_on_the_medium ... FAILED

failures:

---- model::tests::what_a_flush_calls_durable_is_on_the_medium stdout ----
Failures { resets: 0, crashes: 0, errors: 0 }: 28 end states, 0 with a flush given up, None
Failures { resets: 1, crashes: 0, errors: 0 }: 20 end states, 0 with a flush given up, Some((Durable, "flush 4 was answered durable with block 0 holding 1, not the 3 acknowledged before it (or a later one of [3]), after ask 0 > ask 1 > ask 2 > take Write { run: Run { first: 0, count: 1 }, lba: 0 }#4 > take Write { run: Run { first: 1, count: 1 }, lba: 1 }#5 > take Flush#6 > done Write { run: Run { first: 0, count: 1 }, lba: 0 }#4 > done Write { run: Run { first: 1, count: 1 }, lba: 1 }#5 > done Flush#6 > read #4 Ok > ask 3 > take Write { run: Run { first: 3, count: 1 }, lba: 0 }#8 > done Write { run: Run { first: 3, count: 1 }, lba: 0 }#8 > read #5 Ok > read #6 Ok > read #8 Ok > ask 4 > take Flush#12 > reset([] [None, None] [1, 2]) > read #12 Device > take Flush#16 > done Flush#16 > read #16 Lost > take Flush#20 > done Flush#20 > read #20 Ok"))

thread 'model::tests::what_a_flush_calls_durable_is_on_the_medium' (20193) panicked at toyos-blockring/src/model.rs:733:17:
Failures { resets: 1, crashes: 0, errors: 0 }: flush 4 was answered durable with block 0 holding 1, not the 3 acknowledged before it (or a later one of [3]), after ask 0 > ask 1 > ask 2 > take Write { run: Run { first: 0, count: 1 }, lba: 0 }#4 > take Write { run: Run { first: 1, count: 1 }, lba: 1 }#5 > take Flush#6 > done Write { run: Run { first: 0, count: 1 }, lba: 0 }#4 > done Write { run: Run { first: 1, count: 1 }, lba: 1 }#5 > done Flush#6 > read #4 Ok > ask 3 > take Write { run: Run { first: 3, count: 1 }, lba: 0 }#8 > done Write { run: Run { first: 3, count: 1 }, lba: 0 }#8 > read #5 Ok > read #6 Ok > read #8 Ok > ask 4 > take Flush#12 > reset([] [None, None] [1, 2]) > read #12 Device > take Flush#16 > done Flush#16 > read #16 Lost > take Flush#20 > done Flush#20 > read #20 Ok
stack backtrace:
   0: __rustc::rust_begin_unwind
             at /rustc/b940084d7eb6a299eb4bfeb8e34901bc051e7ac4/library/std/src/panicking.rs:679:5
   1: core::panicking::panic_fmt
             at /rustc/b940084d7eb6a299eb4bfeb8e34901bc051e7ac4/library/core/src/panicking.rs:80:14
   2: toyos_blockring::model::tests::what_a_flush_calls_durable_is_on_the_medium
             at ./src/model.rs:733:17
   3: toyos_blockring::model::tests::what_a_flush_calls_durable_is_on_the_medium::{closure#0}
             at ./src/model.rs:730:53
   4: <toyos_blockring::model::tests::what_a_flush_calls_durable_is_on_the_medium::{closure#0} as core::ops::function::FnOnce<()>>::call_once
             at /rustc/b940084d7eb6a299eb4bfeb8e34901bc051e7ac4/library/core/src/ops/function.rs:250:5
   5: <fn() -> core::result::Result<(), alloc::string::String> as core::ops::function::FnOnce<()>>::call_once
             at /rustc/b940084d7eb6a299eb4bfeb8e34901bc051e7ac4/library/core/src/ops/function.rs:250:5
note: Some details are omitted, run with `RUST_BACKTRACE=full` for a verbose backtrace.


failures:
    model::tests::what_a_flush_calls_durable_is_on_the_medium

test result: FAILED. 0 passed; 1 failed; 0 ignored; 0 measured; 19 filtered out; finished in 0.13s

error: test failed, to rerun pass `-p toyos-blockring --lib`
11:28:43 [ci] control `mutate-no-reissue-after-loss`: 1 verdict(s) reached

11:28:43 === [ci] control `publish-relaxed`
   Compiling toyos-transport v0.1.0 (/home/user/toyos-sessionshares/toyos-blockring/transport)
    Finished `test` profile [optimized + debuginfo] target(s) in 2.19s
     Running tests/loom.rs (target/debug/deps/loom-46622f0aba7dd706)

running 1 test
test a_published_entry_is_read_whole ... FAILED

failures:

---- a_published_entry_is_read_whole stdout ----

thread 'a_published_entry_is_read_whole' (20401) panicked at toyos-blockring/transport/tests/loom.rs:76:9:
assertion `left == right` failed: an entry was read before its words
  left: [[0, 0], [0, 0]]
 right: [[100, 3], [101, 10]]
stack backtrace:
   0: __rustc::rust_begin_unwind
             at /rustc/b940084d7eb6a299eb4bfeb8e34901bc051e7ac4/library/std/src/panicking.rs:679:5
   1: core::panicking::panic_fmt
             at /rustc/b940084d7eb6a299eb4bfeb8e34901bc051e7ac4/library/core/src/panicking.rs:80:14
   2: core::panicking::assert_failed_inner
             at /rustc/b940084d7eb6a299eb4bfeb8e34901bc051e7ac4/library/core/src/panicking.rs:447:23
   3: core::panicking::assert_failed::<alloc::vec::Vec<[u32; 2]>, [[u32; 2]; 2]>
             at /rustc/b940084d7eb6a299eb4bfeb8e34901bc051e7ac4/library/core/src/panicking.rs:407:5
   4: loom::a_published_entry_is_read_whole::{closure#0}
             at ./tests/loom.rs:76:9
   5: <loom::model::Builder>::check::<loom::a_published_entry_is_read_whole::{closure#0}>::{closure#0}
             at /home/gate/.cargo/git/checkouts/loom-906f299ec1581ba6/dfe3797/src/model.rs:194:17
   6: <<loom::model::Builder>::check<loom::a_published_entry_is_read_whole::{closure#0}>::{closure#0} as core::ops::function::FnOnce<()>>::call_once::{shim:vtable#0}
             at /rustc/b940084d7eb6a299eb4bfeb8e34901bc051e7ac4/library/core/src/ops/function.rs:250:5
   7: <alloc::boxed::Box<dyn core::ops::function::FnOnce<(), Output = ()>> as core::ops::function::FnOnce<()>>::call_once
             at /rustc/b940084d7eb6a299eb4bfeb8e34901bc051e7ac4/library/alloc/src/boxed.rs:2320:9
   8: loom::rt::scheduler::spawn_thread::{closure#0}
             at /home/gate/.cargo/git/checkouts/loom-906f299ec1581ba6/dfe3797/src/rt/scheduler.rs:142:17
   9: <loom::rt::scheduler::spawn_thread::{closure#0} as core::ops::function::FnOnce<()>>::call_once
             at /rustc/b940084d7eb6a299eb4bfeb8e34901bc051e7ac4/library/core/src/ops/function.rs:250:5
  10: <generator::gen_impl::GeneratorImpl<core::option::Option<alloc::boxed::Box<dyn core::ops::function::FnOnce<(), Output = ()>>>, ()>>::init_code::<loom::rt::scheduler::spawn_thread::{closure#0}>::{closure#0}
             at /home/gate/.cargo/registry/src/index.crates.io-1949cf8c6b5b557f/generator-0.8.9/src/gen_impl.rs:357:21
  11: <generator::stack::StackBox<<generator::gen_impl::GeneratorImpl<core::option::Option<alloc::boxed::Box<dyn core::ops::function::FnOnce<(), Output = ()>>>, ()>>::init_code<loom::rt::scheduler::spawn_thread::{closure#0}>::{closure#0}>>::call_once
             at /home/gate/.cargo/registry/src/index.crates.io-1949cf8c6b5b557f/generator-0.8.9/src/stack/mod.rs:137:13
  12: <generator::stack::Func>::call_once
             at /home/gate/.cargo/registry/src/index.crates.io-1949cf8c6b5b557f/generator-0.8.9/src/stack/mod.rs:119:9
  13: generator::detail::gen::gen_init_impl::{closure#0}
             at /home/gate/.cargo/registry/src/index.crates.io-1949cf8c6b5b557f/generator-0.8.9/src/detail/gen.rs:35:14
  14: <generator::detail::gen::gen_init_impl::{closure#0} as core::ops::function::FnOnce<()>>::call_once
             at /rustc/b940084d7eb6a299eb4bfeb8e34901bc051e7ac4/library/core/src/ops/function.rs:250:5
  15: std::panicking::catch_unwind::do_call::<generator::detail::gen::gen_init_impl::{closure#0}, ()>
             at /rustc/b940084d7eb6a299eb4bfeb8e34901bc051e7ac4/library/std/src/panicking.rs:576:43
  16: std::panicking::catch_unwind::<(), generator::detail::gen::gen_init_impl::{closure#0}>
             at /rustc/b940084d7eb6a299eb4bfeb8e34901bc051e7ac4/library/std/src/panicking.rs:544:19
  17: std::panic::catch_unwind::<generator::detail::gen::gen_init_impl::{closure#0}, ()>
             at /rustc/b940084d7eb6a299eb4bfeb8e34901bc051e7ac4/library/std/src/panic.rs:359:14
  18: generator::detail::gen::catch_unwind_filter::<generator::detail::gen::gen_init_impl::{closure#0}, ()>
             at /home/gate/.cargo/registry/src/index.crates.io-1949cf8c6b5b557f/generator-0.8.9/src/detail/gen.rs:23:5
  19: generator::detail::gen::gen_init_impl
             at /home/gate/.cargo/registry/src/index.crates.io-1949cf8c6b5b557f/generator-0.8.9/src/detail/gen.rs:50:25
  20: generator::detail::asm::gen_init
             at /home/gate/.cargo/registry/src/index.crates.io-1949cf8c6b5b557f/generator-0.8.9/src/detail/x86_64_unix.rs:8:5
note: Some details are omitted, run with `RUST_BACKTRACE=full` for a verbose backtrace.


failures:
    a_published_entry_is_read_whole

test result: FAILED. 0 passed; 1 failed; 0 ignored; 0 measured; 2 filtered out; finished in 0.04s

error: test failed, to rerun pass `-p toyos-transport --test loom`
11:28:46 [ci] control `publish-relaxed`: 1 verdict(s) reached

11:28:46 === [ci] control `no-clamp`
   Compiling toyos-transport v0.1.0 (/home/user/toyos-sessionshares/toyos-blockring/transport)
    Finished `test` profile [optimized + debuginfo] target(s) in 2.28s
     Running tests/loom.rs (target/debug/deps/loom-4bf9b24f07f35992)

running 1 test
test a_hostile_producer_yields_entries_or_a_violation ... FAILED

failures:

---- a_hostile_producer_yields_entries_or_a_violation stdout ----

thread 'a_hostile_producer_yields_entries_or_a_violation' (20613) panicked at toyos-blockring/transport/tests/loom.rs:107:9:
took 3 entries from a ring of 2 without releasing one
stack backtrace:
   0: __rustc::rust_begin_unwind
             at /rustc/b940084d7eb6a299eb4bfeb8e34901bc051e7ac4/library/std/src/panicking.rs:679:5
   1: core::panicking::panic_fmt
             at /rustc/b940084d7eb6a299eb4bfeb8e34901bc051e7ac4/library/core/src/panicking.rs:80:14
   2: loom::a_hostile_producer_yields_entries_or_a_violation::{closure#0}
             at ./tests/loom.rs:107:9
   3: <loom::model::Builder>::check::<loom::a_hostile_producer_yields_entries_or_a_violation::{closure#0}>::{closure#0}
             at /home/gate/.cargo/git/checkouts/loom-906f299ec1581ba6/dfe3797/src/model.rs:194:17
   4: <<loom::model::Builder>::check<loom::a_hostile_producer_yields_entries_or_a_violation::{closure#0}>::{closure#0} as core::ops::function::FnOnce<()>>::call_once::{shim:vtable#0}
             at /rustc/b940084d7eb6a299eb4bfeb8e34901bc051e7ac4/library/core/src/ops/function.rs:250:5
   5: <alloc::boxed::Box<dyn core::ops::function::FnOnce<(), Output = ()>> as core::ops::function::FnOnce<()>>::call_once
             at /rustc/b940084d7eb6a299eb4bfeb8e34901bc051e7ac4/library/alloc/src/boxed.rs:2320:9
   6: loom::rt::scheduler::spawn_thread::{closure#0}
             at /home/gate/.cargo/git/checkouts/loom-906f299ec1581ba6/dfe3797/src/rt/scheduler.rs:142:17
   7: <loom::rt::scheduler::spawn_thread::{closure#0} as core::ops::function::FnOnce<()>>::call_once
             at /rustc/b940084d7eb6a299eb4bfeb8e34901bc051e7ac4/library/core/src/ops/function.rs:250:5
   8: <generator::gen_impl::GeneratorImpl<core::option::Option<alloc::boxed::Box<dyn core::ops::function::FnOnce<(), Output = ()>>>, ()>>::init_code::<loom::rt::scheduler::spawn_thread::{closure#0}>::{closure#0}
             at /home/gate/.cargo/registry/src/index.crates.io-1949cf8c6b5b557f/generator-0.8.9/src/gen_impl.rs:357:21
   9: <generator::stack::StackBox<<generator::gen_impl::GeneratorImpl<core::option::Option<alloc::boxed::Box<dyn core::ops::function::FnOnce<(), Output = ()>>>, ()>>::init_code<loom::rt::scheduler::spawn_thread::{closure#0}>::{closure#0}>>::call_once
             at /home/gate/.cargo/registry/src/index.crates.io-1949cf8c6b5b557f/generator-0.8.9/src/stack/mod.rs:137:13
  10: <generator::stack::Func>::call_once
             at /home/gate/.cargo/registry/src/index.crates.io-1949cf8c6b5b557f/generator-0.8.9/src/stack/mod.rs:119:9
  11: generator::detail::gen::gen_init_impl::{closure#0}
             at /home/gate/.cargo/registry/src/index.crates.io-1949cf8c6b5b557f/generator-0.8.9/src/detail/gen.rs:35:14
  12: <generator::detail::gen::gen_init_impl::{closure#0} as core::ops::function::FnOnce<()>>::call_once
             at /rustc/b940084d7eb6a299eb4bfeb8e34901bc051e7ac4/library/core/src/ops/function.rs:250:5
  13: std::panicking::catch_unwind::do_call::<generator::detail::gen::gen_init_impl::{closure#0}, ()>
             at /rustc/b940084d7eb6a299eb4bfeb8e34901bc051e7ac4/library/std/src/panicking.rs:576:43
  14: std::panicking::catch_unwind::<(), generator::detail::gen::gen_init_impl::{closure#0}>
             at /rustc/b940084d7eb6a299eb4bfeb8e34901bc051e7ac4/library/std/src/panicking.rs:544:19
  15: std::panic::catch_unwind::<generator::detail::gen::gen_init_impl::{closure#0}, ()>
             at /rustc/b940084d7eb6a299eb4bfeb8e34901bc051e7ac4/library/std/src/panic.rs:359:14
  16: generator::detail::gen::catch_unwind_filter::<generator::detail::gen::gen_init_impl::{closure#0}, ()>
             at /home/gate/.cargo/registry/src/index.crates.io-1949cf8c6b5b557f/generator-0.8.9/src/detail/gen.rs:23:5
  17: generator::detail::gen::gen_init_impl
             at /home/gate/.cargo/registry/src/index.crates.io-1949cf8c6b5b557f/generator-0.8.9/src/detail/gen.rs:50:25
  18: generator::detail::asm::gen_init
             at /home/gate/.cargo/registry/src/index.crates.io-1949cf8c6b5b557f/generator-0.8.9/src/detail/x86_64_unix.rs:8:5
note: Some details are omitted, run with `RUST_BACKTRACE=full` for a verbose backtrace.


failures:
    a_hostile_producer_yields_entries_or_a_violation

test result: FAILED. 0 passed; 1 failed; 0 ignored; 0 measured; 2 filtered out; finished in 0.05s

error: test failed, to rerun pass `-p toyos-transport --test loom`
11:28:48 [ci] control `no-clamp`: 1 verdict(s) reached

11:28:48 === [ci] control `end-keeps-inflight`
   Compiling toyos-transport v0.1.0 (/home/user/toyos-sessionshares/toyos-blockring/transport)
    Finished `test` profile [optimized + debuginfo] target(s) in 0.76s
     Running unittests src/lib.rs (target/debug/deps/toyos_transport-261d2653d7462616)

running 1 test
test inflight::tests::an_end_answers_every_tag_once_and_a_late_completion_nothing ... FAILED

failures:

---- inflight::tests::an_end_answers_every_tag_once_and_a_late_completion_nothing stdout ----

thread 'inflight::tests::an_end_answers_every_tag_once_and_a_late_completion_nothing' (20714) panicked at toyos-blockring/transport/src/inflight.rs:150:9:
assertion `left == right` failed
  left: []
 right: [(4, 0), (6, 2)]
stack backtrace:
   0: __rustc::rust_begin_unwind
             at /rustc/b940084d7eb6a299eb4bfeb8e34901bc051e7ac4/library/std/src/panicking.rs:679:5
   1: core::panicking::panic_fmt
             at /rustc/b940084d7eb6a299eb4bfeb8e34901bc051e7ac4/library/core/src/panicking.rs:80:14
   2: core::panicking::assert_failed_inner
             at /rustc/b940084d7eb6a299eb4bfeb8e34901bc051e7ac4/library/core/src/panicking.rs:452:17
   3: core::panicking::assert_failed::<alloc::vec::Vec<(u32, u8)>, [(u32, u8); 2]>
             at /rustc/b940084d7eb6a299eb4bfeb8e34901bc051e7ac4/library/core/src/panicking.rs:407:5
   4: toyos_transport::inflight::tests::an_end_answers_every_tag_once_and_a_late_completion_nothing
             at ./src/inflight.rs:150:9
   5: toyos_transport::inflight::tests::an_end_answers_every_tag_once_and_a_late_completion_nothing::{closure#0}
             at ./src/inflight.rs:144:69
   6: <toyos_transport::inflight::tests::an_end_answers_every_tag_once_and_a_late_completion_nothing::{closure#0} as core::ops::function::FnOnce<()>>::call_once
             at /rustc/b940084d7eb6a299eb4bfeb8e34901bc051e7ac4/library/core/src/ops/function.rs:250:5
   7: <fn() -> core::result::Result<(), alloc::string::String> as core::ops::function::FnOnce<()>>::call_once
             at /rustc/b940084d7eb6a299eb4bfeb8e34901bc051e7ac4/library/core/src/ops/function.rs:250:5
note: Some details are omitted, run with `RUST_BACKTRACE=full` for a verbose backtrace.


failures:
    inflight::tests::an_end_answers_every_tag_once_and_a_late_completion_nothing

test result: FAILED. 0 passed; 1 failed; 0 ignored; 0 measured; 9 filtered out; finished in 0.09s

error: test failed, to rerun pass `-p toyos-transport --lib`
11:28:49 [ci] control `end-keeps-inflight`: 1 verdict(s) reached

11:28:49 === [ci] userland/calc
   Compiling cfg-if v1.0.4
   Compiling proc-macro2 v1.0.106
   Compiling unicode-ident v1.0.24
   Compiling bitflags v2.11.0
   Compiling quote v1.0.45
   Compiling rustix v1.1.5
   Compiling libloading v0.8.9
   Compiling log v0.4.29
   Compiling linux-raw-sys v0.12.1
   Compiling find-msvc-tools v0.1.9
   Compiling pkg-config v0.3.32
   Compiling shlex v1.3.0
   Compiling once_cell v1.21.4
   Compiling cc v1.2.56
   Compiling wayland-sys v0.31.11
   Compiling dlib v0.5.3
   Compiling smallvec v1.15.1
   Compiling scoped-tls v1.0.1
   Compiling memchr v2.8.0
   Compiling downcast-rs v1.2.1
   Compiling wayland-client v0.31.15
   Compiling libc v0.2.190
   Compiling quick-xml v0.41.0
   Compiling wayland-backend v0.3.17
   Compiling syn v2.0.117
   Compiling thiserror v1.0.69
   Compiling rustix v0.38.44
   Compiling wayland-scanner v0.31.11
   Compiling linux-raw-sys v0.4.15
   Compiling getrandom v0.3.4 (https://github.com/ToyOSOrg/getrandom?branch=toyos-0.3-sdk-0.12#67c17e0a)
   Compiling thiserror-impl v1.0.69
   Compiling polling v3.11.0
   Compiling version_check v0.9.5
   Compiling zerocopy v0.8.47
   Compiling allocator-api2 v0.2.21
   Compiling wayland-protocols v0.32.13
   Compiling equivalent v1.0.2
   Compiling foldhash v0.1.5
   Compiling slab v0.4.12
   Compiling hashbrown v0.15.5
   Compiling calloop v0.13.0
   Compiling ahash v0.8.12
   Compiling memmap2 v0.9.11
   Compiling smithay-client-toolkit v0.19.2
   Compiling xkeysym v0.2.1
   Compiling cfg_aliases v0.2.1
   Compiling tracing-core v0.1.36
   Compiling ttf-parser v0.21.1
   Compiling pin-project-lite v0.2.17
   Compiling cursor-icon v1.2.0
   Compiling xcursor v0.3.11
   Compiling wayland-csd-frame v0.3.0
   Compiling wayland-cursor v0.31.14
   Compiling tracing v0.1.44
   Compiling winit v0.30.13 (https://github.com/ToyOSOrg/winit?branch=toyos-0.30.13#f58e1f3b)
   Compiling fontdue v0.9.3
   Compiling calloop-wayland-source v0.3.0
   Compiling raw-window-handle v0.6.2 (https://github.com/ToyOSOrg/raw-window-handle?branch=toyos-0.6.2#2a5d102b)
   Compiling calc v0.1.0 (/home/user/toyos-sessionshares/userland/calc)
   Compiling xkbcommon-dl v0.4.2
   Compiling fastrand v2.5.0
   Compiling smol_str v0.2.2
   Compiling dpi v0.1.1 (https://github.com/ToyOSOrg/winit?branch=toyos-0.30.13#f58e1f3b)
   Compiling softbuffer v0.4.8 (https://github.com/ToyOSOrg/softbuffer?branch=toyos-0.4.8#b36854df)
   Compiling toyos-font v0.2.0 (/home/user/toyos-sessionshares/userland/toyos-font)
   Compiling wayland-protocols-wlr v0.3.12
   Compiling wayland-protocols-plasma v0.3.12
    Finished `test` profile [unoptimized + debuginfo] target(s) in 20.05s
     Running unittests src/lib.rs (userland/target/x86_64-unknown-linux-gnu/debug/deps/calc-fce1803e6bc0458f)

running 64 tests
test app::tests::a_whole_number_crosses_into_prog_and_back ... ok
test app::tests::a_fraction_is_cleared_on_the_way_into_prog_rather_than_rounded ... ok
test app::tests::every_button_reaches_the_same_place_a_key_does ... ok
test app::tests::a_caret_in_the_middle_of_a_wide_character_is_unreachable ... ok
test app::tests::prog_reads_digits_in_the_active_base_and_refuses_the_others ... ok
test app::tests::the_expression_line_is_a_text_field ... ok
test app::tests::the_hex_letters_are_live_only_in_hex ... ok
test app::tests::the_sign_button_flips_the_number_it_stands_after ... ok
test app::tests::typing_previews_and_equals_commits ... ok
test bigint::tests::addition_crosses_the_limb_boundary ... ok
test bigint::tests::conversions_refuse_what_does_not_fit ... ok
test bigint::tests::division_is_exact_over_many_shapes ... ok
test bigint::tests::gcd_is_non_negative_and_divides_both ... ok
test bigint::tests::multiplication_matches_a_known_product ... ok
test bigint::tests::powers_and_roots_agree ... ok
test bigint::tests::radix_parsing_and_lengths ... ok
test bigint::tests::zero_has_one_representation ... ok
test app::tests::every_button_of_both_layouts_is_pressable_from_any_state ... ok
test dec::tests::arithmetic_survives_a_wide_exponent_gap ... ok
test dec::tests::a_whole_power_works_on_a_negative_base ... ok
test app::tests::the_angle_button_says_which_one_it_is ... ok
test app::tests::a_field_that_is_full_says_so_rather_than_growing ... ok
test dec::tests::root_two_matches_its_published_digits ... ok
test dec::tests::rounding_is_half_to_even_and_canonical ... ok
test dec::tests::e_matches_its_published_digits_and_the_factorial_series ... ok
test dec::tests::ln_two_matches_its_published_digits ... ok
test dec::tests::the_refusals_are_named_rather_than_taken ... ok
test num::tests::a_non_terminating_exact_value_is_shown_rounded_and_marked ... ok
test dec::tests::sine_and_cosine_of_one_match_their_published_digits ... ok
test num::tests::degrees_are_converted_at_the_call ... ok
test num::tests::division_by_zero_is_refused_on_both_paths ... ok
test num::tests::a_whole_power_of_an_approximation_does_not_need_a_positive_base ... ok
test num::tests::percent_is_an_exact_hundredth ... ok
test num::tests::exact_arithmetic_stays_exact ... ok
test num::tests::rendering_switches_to_a_scientific_form_rather_than_dropping_digits ... ok
test num::tests::the_marker_propagates_once_it_is_earned ... ok
test num::tests::powers_are_exact_while_that_is_worth_doing ... ok
test dec::tests::pi_matches_its_published_digits_and_machin ... ok
test parser::tests::degrees_are_a_toggle_and_nothing_else ... ok
test parser::tests::every_refusal_is_named_and_none_is_a_crash ... ok
test parser::tests::an_application_finishes_before_a_power_does ... ok
test parser::tests::a_negative_base_under_a_fractional_power_is_named ... ok
test parser::tests::precedence_and_associativity ... ok
test parser::tests::the_four_operations_stay_exact ... ok
test parser::tests::values_side_by_side_multiply ... ok
test prog::tests::a_fractional_division_is_refused_rather_than_rounded ... ok
test prog::tests::arithmetic_wraps_at_the_word ... ok
test prog::tests::digits_are_read_in_the_active_base ... ok
test prog::tests::nothing_typeable_panics_here_either ... ok
test prog::tests::shifts_saturate_rather_than_wrap_the_count ... ok
test prog::tests::the_logic_operators_have_c_precedence ... ok
test parser::tests::functions_are_typeable_by_name ... ok
test prog::tests::the_panes_show_the_same_bits_three_ways ... ok
test rational::tests::a_tenth_plus_two_tenths_is_three_tenths ... ok
test rational::tests::a_decimal_terminates_only_on_twos_and_fives ... ok
test rational::tests::a_third_times_three_is_one ... ok
test rational::tests::construction_normalizes ... ok
test rational::tests::division_by_zero_is_the_only_refusal ... ok
test dec::tests::the_identities_hold_to_the_displayed_precision ... ok
test rational::tests::exact_roots_only_where_both_halves_are_squares ... ok
test rational::tests::ordering_is_by_value ... ok
test rational::tests::parsing_takes_what_a_literal_may_be ... ok
test rational::tests::powers_include_the_reciprocal ... ok
test parser::tests::no_string_over_the_alphabet_panics ... ok

test result: ok. 64 passed; 0 failed; 0 ignored; 0 measured; 0 filtered out; finished in 0.14s

     Running unittests src/main.rs (userland/target/x86_64-unknown-linux-gnu/debug/deps/calc-a965344b5b752eaa)

running 6 tests
test tests::the_keys_tile_the_panel_at_every_size ... ok
test tests::every_key_face_fits_its_key ... ok
test tests::hit_testing_follows_the_layout_at_every_size ... ok
test tests::every_face_the_panel_shows_was_baked ... ok
test tests::the_longest_answer_is_never_cut ... ok
test tests::tracks_never_lose_a_pixel ... ok

test result: ok. 6 passed; 0 failed; 0 ignored; 0 measured; 0 filtered out; finished in 0.00s

     Running tests/parser_identities.rs (userland/target/x86_64-unknown-linux-gnu/debug/deps/parser_identities-586175e288bd5e3c)

running 6 tests
test the_reported_expressions_have_the_values_they_should ... ok
test a_logarithm_round_trips_through_the_parser ... ok
test the_rest_of_the_table_is_where_it_was ... ok
test the_typo_is_refused_by_name ... ok
test a_power_after_a_call_squares_what_the_call_returned ... ok
test the_pythagorean_identity_holds_through_the_parser ... ok

test result: ok. 6 passed; 0 failed; 0 ignored; 0 measured; 0 filtered out; finished in 0.07s

11:29:09 [ci] userland/calc: cargo test --manifest-path userland/calc/Cargo.toml --target x86_64-unknown-linux-gnu

11:29:09 === [ci] userland/compositor/desktop
   Compiling toyos-abi v0.16.0 (/home/user/toyos-sessionshares/toyos-abi)
   Compiling toyos-desktop v0.1.0 (/home/user/toyos-sessionshares/userland/compositor/desktop)
    Finished `test` profile [unoptimized + debuginfo] target(s) in 1.58s
     Running unittests src/lib.rs (userland/target/x86_64-unknown-linux-gnu/debug/deps/toyos_desktop-f1f5256fca2053ca)

running 95 tests
test budget::tests::a_bigger_screen_affords_fewer_windows ... ok
test budget::tests::a_client_that_names_no_size_is_never_too_large ... ok
test budget::tests::a_machine_with_almost_no_memory_still_gets_one_window ... ok
test budget::tests::a_window_costs_whole_pages ... ok
test budget::tests::a_window_larger_than_the_screen_is_refused_by_name ... ok
test budget::tests::the_poller_ceiling_binds_before_memory_does ... ok
test damage::tests::a_bridging_rect_collapses_both_it_joins ... ok
test budget::tests::capacity_is_checked_before_size ... ok
test damage::tests::a_contained_rect_changes_nothing ... ok
test damage::tests::an_empty_rect_is_not_damage ... ok
test damage::tests::take_clips_to_the_screen_and_drops_what_falls_outside ... ok
test hit::tests::an_open_launcher_covers_the_window_beneath_it ... ok
test damage::tests::two_distant_rects_stay_two ... ok
test hit::tests::each_button_answers_for_exactly_the_rect_it_is_drawn_in ... ok
test hit::tests::nothing_under_the_pointer_is_the_desktop ... ok
test hit::tests::the_bar_past_its_own_buttons_is_desktop ... ok
test damage::tests::the_bound_holds_and_the_list_stays_disjoint ... ok
test hit::tests::the_launcher_is_only_hit_while_it_is_open ... ok
test hit::tests::the_front_window_wins_an_overlap_and_a_minimized_one_never_does ... ok
test hit::tests::the_taskbar_takes_precedence_over_a_window_reaching_into_it ... ok
test hit::tests::the_resize_corner_belongs_to_normal_windows_only ... ok
test input::tests::a_batch_folds_to_its_transitions_and_its_last_position ... ok
test input::tests::a_button_already_down_is_not_a_press ... ok
test input::tests::a_click_on_a_maximized_title_bar_does_not_unmaximize_it ... ok
test input::tests::a_press_on_a_normal_title_bar_drags_at_once ... ok
test input::tests::a_release_is_always_the_window_s ... ok
test input::tests::a_resize_grab_changes_the_size_and_not_the_origin ... ok
test input::tests::a_resize_in_progress_keeps_the_resize_cursor_wherever_the_pointer_went ... ok
test input::tests::a_tab_click_reveals_minimizes_or_raises ... ok
test input::tests::a_truncated_report_is_not_decoded_from_what_follows_it ... ok
test input::tests::a_window_closed_mid_drag_ends_the_grab_instead_of_panicking_or_moving_another ... ok
test input::tests::alt_tab_cycles_even_with_nothing_focused_and_ctrl_n_spawns ... ok
test input::tests::an_unclaimed_super_chord_reaches_the_window ... ok
test input::tests::dragging_reports_both_the_rect_it_left_and_the_one_it_took ... ok
test input::tests::dragging_survives_a_lower_window_closing_and_still_moves_the_right_one ... ok
test input::tests::escape_closes_the_launcher_only_while_it_is_open ... ok
test input::tests::no_window_means_no_super_chord_does_anything ... ok
test input::tests::releasing_a_drag_at_an_edge_snaps_and_anywhere_else_does_not ... ok
test input::tests::releasing_a_resize_asks_for_the_buffer_and_never_snaps ... ok
test input::tests::the_cursor_belongs_to_the_window_under_it_and_not_to_the_focused_one ... ok
test input::tests::the_super_chords_toggle_against_the_mode_the_window_is_in ... ok
test input::tests::the_tablet_range_maps_onto_the_screen_and_never_off_it ... ok
test input::tests::travelling_past_the_threshold_restores_the_window_under_the_pointer ... ok
test layout::tests::a_drag_cannot_put_a_title_bar_off_the_top ... ok
test layout::tests::a_maximized_frame_is_exactly_the_work_area ... ok
test layout::tests::a_normal_window_has_no_mode_frame ... ok
test layout::tests::a_requested_window_is_centred_in_the_work_area ... ok
test layout::tests::a_resize_floors_at_the_minimum_and_never_moves_the_origin ... ok
test layout::tests::buttons_sit_inside_the_title_bar_and_do_not_overlap ... ok
test layout::tests::an_unmaximized_window_keeps_the_pointer_at_the_same_fraction_of_its_title ... ok
test layout::tests::frame_and_content_are_inverses ... ok
test layout::tests::reflow_leaves_a_window_that_already_fits_where_it_is ... ok
test layout::tests::restoring_under_a_pointer_at_the_left_edge_keeps_the_title_bar_reachable ... ok
test layout::tests::snapped_halves_never_overlap_and_never_reach_the_taskbar ... ok
test layout::tests::successive_unsized_windows_cascade_and_wrap ... ok
test layout::tests::reflow_keeps_the_size_and_brings_the_frame_back_on_screen ... ok
test layout::tests::the_layout_follows_the_metrics_it_is_given ... ok
test plan::tests::a_blit_never_reads_outside_the_buffer ... ok
test plan::tests::a_clip_that_misses_the_window_blits_nothing ... ok
test plan::tests::a_minimized_window_is_not_drawn_and_does_not_hide_the_wallpaper ... ok
test plan::tests::a_region_wholly_inside_the_taskbar_plans_only_the_bar ... ok
test plan::tests::a_window_mid_resize_does_not_cover_the_wallpaper_it_cannot_paint ... ok
test plan::tests::an_empty_desktop_is_wallpaper_and_the_bar ... ok
test plan::tests::an_opaque_window_covering_the_region_costs_no_wallpaper ... ok
test plan::tests::no_region_is_left_with_nothing_to_draw_in_it ... ok
test plan::tests::the_launcher_is_planned_over_every_window ... ok
test plan::tests::the_wallpaper_never_reaches_under_the_taskbar ... ok
test plan::tests::windows_are_planned_bottom_to_top_and_only_where_they_reach ... ok
test rect::tests::a_point_on_the_far_edge_is_outside ... ok
test rect::tests::a_wire_rect_cannot_wrap_into_the_whole_screen ... ok
test rect::tests::confine_brings_a_window_back_onto_a_smaller_screen ... ok
test rect::tests::containment_and_overlap_agree_on_touching_edges ... ok
test rect::tests::extents_never_go_negative ... ok
test rect::tests::union_ignores_an_empty_operand ... ok
test stack::tests::a_topmost_window_raises_above_every_other_topmost_one ... ok
test stack::tests::an_ordinary_window_opened_after_a_topmost_one_goes_under_it ... ok
test stack::tests::cycling_leaves_a_topmost_window_on_top ... ok
test stack::tests::cycling_sends_the_top_window_to_the_bottom_and_reveals_the_next ... ok
test stack::tests::cycling_needs_two_ordinary_windows ... ok
test stack::tests::focus_is_the_topmost_window_that_is_not_minimized ... ok
test stack::tests::raising_an_ordinary_window_cannot_lift_it_over_a_topmost_one ... ok
test stack::tests::raising_the_window_already_on_top_leaves_it_there ... ok
test taskbar::tests::a_crowded_bar_has_no_gap_rather_than_a_backwards_one ... ok
test taskbar::tests::a_narrow_screen_keeps_the_status_box_on_it ... ok
test taskbar::tests::a_tab_face_stays_inside_its_tab ... ok
test taskbar::tests::tabs_are_adjacent_and_the_new_button_follows_the_last ... ok
test taskbar::tests::the_gap_is_exactly_what_the_tabs_and_the_status_box_leave ... ok
test taskbar::tests::the_launcher_sits_on_the_bar_and_grows_upward ... ok
test taskbar::tests::the_strip_is_the_bottom_of_the_screen_and_nothing_else ... ok
test window::tests::a_client_cannot_damage_more_than_its_own_window ... ok
test window::tests::a_minimized_window_is_never_opaque ... ok
test window::tests::a_window_mid_resize_is_not_opaque_and_its_backing_is_the_buffer ... ok
test window::tests::a_window_shrunk_below_its_buffer_is_still_opaque ... ok
test window::tests::only_the_first_departure_from_normal_is_saved ... ok
test damage::tests::coverage_survives_a_random_stream ... ok

test result: ok. 95 passed; 0 failed; 0 ignored; 0 measured; 0 filtered out; finished in 0.03s

11:29:11 [ci] userland/compositor/desktop: cargo test --manifest-path userland/compositor/desktop/Cargo.toml --target x86_64-unknown-linux-gnu

11:29:11 === [ci] userland/diskserver
   Compiling toyos-untrusted v0.1.0 (/home/user/toyos-sessionshares/toyos-untrusted)
   Compiling toyos-blockhold v0.1.0 (/home/user/toyos-sessionshares/toyos-blockhold)
   Compiling toyos-gpt v0.1.0 (/home/user/toyos-sessionshares/toyos-gpt)
   Compiling toyos v0.18.0 (/home/user/toyos-sessionshares/toyos)
   Compiling toyos-transport v0.1.0 (/home/user/toyos-sessionshares/toyos-blockring/transport)
   Compiling toyos-blockring v0.1.0 (/home/user/toyos-sessionshares/toyos-blockring)
   Compiling diskserver v0.0.0 (/home/user/toyos-sessionshares/userland/diskserver)
    Finished `test` profile [unoptimized + debuginfo] target(s) in 1.59s
     Running unittests src/lib.rs (userland/target/x86_64-unknown-linux-gnu/debug/deps/diskserver-9d17853ac8bcbc15)

running 0 tests

test result: ok. 0 passed; 0 failed; 0 ignored; 0 measured; 0 filtered out; finished in 0.00s

     Running unittests src/main.rs (userland/target/x86_64-unknown-linux-gnu/debug/deps/diskserver-17094de8e86acb3c)

running 1 test
test tests::an_unusable_or_unclaimed_controller_is_refused_and_an_absent_one_lists_nothing ... ok

test result: ok. 1 passed; 0 failed; 0 ignored; 0 measured; 0 filtered out; finished in 0.00s

11:29:12 [ci] userland/diskserver: cargo test --manifest-path userland/diskserver/Cargo.toml --target x86_64-unknown-linux-gnu

11:29:12 === [ci] userland/fileserver
   Compiling toyos-wallclock v0.1.0 (/home/user/toyos-sessionshares/toyos-wallclock)
   Compiling toyos-manifest v0.1.0 (/home/user/toyos-sessionshares/toyos-manifest)
   Compiling bcachefs v0.1.0 (/home/user/toyos-sessionshares/bcachefs)
   Compiling toyos-fat32 v0.1.0 (/home/user/toyos-sessionshares/toyos-fat32)
   Compiling fileserver v0.0.0 (/home/user/toyos-sessionshares/userland/fileserver)
    Finished `test` profile [unoptimized + debuginfo] target(s) in 3.06s
     Running unittests src/lib.rs (userland/target/x86_64-unknown-linux-gnu/debug/deps/fileserver-a8af4c9640e2ecdd)

running 33 tests
test cache::tests::a_write_past_the_disk_is_refused ... ok
test cache::tests::a_write_reaches_the_disk_at_the_flush_and_not_before ... ok
test cache::tests::contiguous_misses_are_one_request_and_a_second_read_is_none ... ok
test cache::tests::dirty_runs_go_out_in_runs ... ok
test data::tests::a_file_reads_back_what_was_written_across_pages_and_holes ... ok
test data::tests::a_closed_file_keeps_its_length_across_a_remount ... ok
test data::tests::a_file_unlinked_while_open_answers_gone ... ok
test data::tests::a_rename_moves_an_open_file_and_a_directory_with_its_contents ... ok
test data::tests::a_shrink_zeroes_what_it_cut_and_regrowth_reads_zeros ... ok
test cache::tests::at_the_dirty_limit_a_refused_flush_refuses_the_write_and_the_cache_grows_no_larger ... ok
test data::tests::an_entry_refused_costs_only_its_own_file ... ok
test data::tests::data_is_one_partition_counted_over_both_sources ... ok
test data::tests::directories_are_listed_and_refuse_what_posix_refuses ... ok
test cache::tests::clean_blocks_are_bounded_and_dirty_ones_are_kept ... ok
test fat::tests::a_device_error_is_io_and_not_not_found ... ok
test fat::tests::a_file_that_will_not_level_costs_only_its_own_file ... ok
test fat::tests::a_partial_write_over_an_unreadable_block_writes_nothing ... ok
test fat::tests::a_refused_read_is_an_error_and_never_zeros ... ok
test data::tests::every_file_reads_back_as_a_plain_map_of_its_accepted_writes ... ok
test resolve::tests::a_cycle_is_refused_and_not_followed_for_ever ... ok
test resolve::tests::a_link_that_stays_inside_by_going_up_and_back_resolves ... ok
test resolve::tests::a_plain_path_lands_under_the_root ... ok
test resolve::tests::a_relative_link_is_read_against_its_own_directory ... ok
test resolve::tests::an_absolute_link_is_handed_back_with_the_rest_of_the_path ... ok
test resolve::tests::an_empty_target_names_nothing ... ok
test resolve::tests::no_link_climbs_out_of_the_root ... ok
test resolve::tests::the_last_link_is_left_alone_when_asked ... ok
test volume::tests::a_clock_that_always_straddles_is_refused_by_name - should panic ... ok
test volume::tests::the_anchor_is_the_kernels ... ok
test writeback::tests::a_sync_that_left_a_file_unwritten_is_due_again ... ok
test fat::tests::an_unreadable_entry_is_io_and_not_undated ... ok
test data::tests::a_refused_rename_over_an_open_file_keeps_its_unsynced_writes ... ok
test data::tests::a_write_its_entry_could_not_name_is_refused_and_every_accepted_one_kept ... ok

test result: ok. 33 passed; 0 failed; 0 ignored; 0 measured; 0 filtered out; finished in 1.09s

     Running unittests src/main.rs (userland/target/x86_64-unknown-linux-gnu/debug/deps/fileserver-a080cea5638f6ce4)

running 0 tests

test result: ok. 0 passed; 0 failed; 0 ignored; 0 measured; 0 filtered out; finished in 0.00s

11:29:17 [ci] userland/fileserver: cargo test --manifest-path userland/fileserver/Cargo.toml --target x86_64-unknown-linux-gnu

11:29:17 === [ci] userland/logkeeper
   Compiling toyos-logstream v0.1.0 (/home/user/toyos-sessionshares/toyos-logstream)
   Compiling toyos-inspect v0.1.0 (/home/user/toyos-sessionshares/toyos-inspect)
   Compiling toyos-elide v0.1.0 (/home/user/toyos-sessionshares/toyos-elide)
   Compiling logkeeper v0.1.0 (/home/user/toyos-sessionshares/userland/logkeeper)
    Finished `test` profile [unoptimized + debuginfo] target(s) in 1.26s
     Running unittests src/main.rs (userland/target/x86_64-unknown-linux-gnu/debug/deps/logkeeper-54f24dcf7ecf69e1)

running 10 tests
test origin::tests::a_closing_record_ends_its_writers_line_and_nothing_else ... ok
test origin::tests::a_stamp_ahead_of_the_clock_is_read_as_now ... ok
test origin::tests::a_writers_pieces_are_its_line_whoever_wrote_between_them ... ok
test policy::tests::every_step_names_itself ... ok
test store::tests::a_part_is_its_stem_and_number ... ok
test store::tests::nothing_goes_while_there_is_room ... ok
test store::tests::a_flooding_boot_costs_its_own_middle_and_nobody_elses_start ... ok
test origin::tests::what_is_held_is_bounded_and_said ... ok
test tests::readers_and_inspect_share_one_port_and_never_one_request ... ok
test store::tests::whole_old_boots_go_first_then_earlier_continuations ... ok

test result: ok. 10 passed; 0 failed; 0 ignored; 0 measured; 0 filtered out; finished in 0.00s

11:29:18 [ci] userland/logkeeper: cargo test --manifest-path userland/logkeeper/Cargo.toml --target x86_64-unknown-linux-gnu

11:29:18 === [ci] userland/netstack
   Compiling heapless v0.8.0
   Compiling byteorder v1.5.0
   Compiling smoltcp v0.12.0
   Compiling stable_deref_trait v1.2.1
   Compiling toyos-dns v0.1.0 (/home/user/toyos-sessionshares/toyos-dns)
   Compiling hash32 v0.3.1
   Compiling bitflags v1.3.2
   Compiling managed v0.8.0
   Compiling toyos-mdns v0.1.0 (/home/user/toyos-sessionshares/userland/netstack/mdns)
   Compiling toyos-tco v0.1.0 (/home/user/toyos-sessionshares/toyos-tco)
   Compiling toyos-i219 v0.1.0 (/home/user/toyos-sessionshares/toyos-i219)
   Compiling netstack v0.0.0 (/home/user/toyos-sessionshares/userland/netstack)
    Finished `test` profile [unoptimized + debuginfo] target(s) in 3.39s
     Running unittests src/main.rs (userland/target/x86_64-unknown-linux-gnu/debug/deps/netstack-e47069219b4688ba)

running 19 tests
test listen::tests::a_peer_that_closes_with_its_last_ack_is_a_connection ... ok
test listen::tests::a_finished_handshake_is_owed_one_wake ... ok
test listen::tests::a_peer_that_resets_before_it_is_taken_frees_the_port ... ok
test listen::tests::a_wake_spent_on_a_reset_connection_announces_the_next ... ok
test listen::tests::an_accept_refused_for_its_pipes_is_woken_again ... ok
test listen::tests::an_accept_refused_for_room_is_woken_again_when_room_returns ... ok
test mdns::tests::wake_in_asks_for_what_the_record_owes_and_nothing_else ... ok
test resolve::tests::a_lookup_holds_a_socket_per_query_that_left_and_none_once_ended ... ok
test resolve::tests::a_lookup_is_not_carried_by_a_later_ones_schedule ... ok
test resolve::tests::a_query_leaves_from_no_port_a_client_holds ... ok
test resolve::tests::a_server_that_answers_no_arp_holds_up_no_other_server ... ok
test resolve::tests::a_server_that_never_answers_is_asked_at_each_waits_end ... ok
test resolve::tests::a_lookup_whose_client_left_is_let_go_at_once ... ok
test virtio_net::tests::a_head_past_the_table_is_refused ... ok
test virtio_net::tests::a_head_with_no_chain_is_refused ... ok
test virtio_net::tests::more_bytes_than_the_chain_was_given_is_refused ... ok
test resolve::tests::the_lookup_past_the_cap_is_refused_as_exhausted ... ok
test resolve::tests::a_server_with_no_route_holds_up_no_other_server ... ok
test resolve::tests::an_alias_answered_while_queries_are_stuck_restarts_the_lookup ... ok

test result: ok. 19 passed; 0 failed; 0 ignored; 0 measured; 0 filtered out; finished in 0.00s

11:29:21 [ci] userland/netstack: cargo test --manifest-path userland/netstack/Cargo.toml --target x86_64-unknown-linux-gnu

11:29:21 === [ci] userland/netstack/mdns
   Compiling toyos-mdns v0.1.0 (/home/user/toyos-sessionshares/userland/netstack/mdns)
    Finished `test` profile [unoptimized + debuginfo] target(s) in 0.47s
     Running unittests src/lib.rs (userland/target/x86_64-unknown-linux-gnu/debug/deps/toyos_mdns-6e909d92c4a40bef)

running 12 tests
test tests::a_host_name_is_one_label ... ok
test tests::a_malformed_message_is_no_question ... ok
test tests::a_legacy_resolver_gets_its_id_its_question_and_a_short_ttl ... ok
test tests::a_name_is_matched_whatever_its_case_and_any_asks_for_it_too ... ok
test tests::a_query_for_this_name_is_answered_to_the_group ... ok
test tests::a_query_from_off_the_link_is_not_answered ... ok
test tests::a_question_spelled_by_a_pointer_is_read ... ok
test tests::a_question_that_is_not_this_hosts_is_not_answered ... ok
test tests::an_address_is_announced_when_new_and_none_is_answered_for ... ok
test tests::the_group_address_maps_to_its_ethernet_address ... ok
test tests::the_unicast_bit_sends_the_answer_back_to_the_asker ... ok
test tests::the_record_is_multicast_at_most_once_a_second_and_a_query_inside_it_waits ... ok

test result: ok. 12 passed; 0 failed; 0 ignored; 0 measured; 0 filtered out; finished in 0.00s

11:29:22 [ci] userland/netstack/mdns: cargo test --manifest-path userland/netstack/mdns/Cargo.toml --target x86_64-unknown-linux-gnu

11:29:22 === [ci] userland/pkg
   Compiling generic-array v0.14.7
   Compiling typenum v1.20.1
   Compiling crc32fast v1.5.0
   Compiling adler2 v2.0.1
   Compiling simd-adler32 v0.3.10
   Compiling cpufeatures v0.2.17
   Compiling miniz_oxide v0.9.1
   Compiling toyos-tmpdir v0.1.0 (/home/user/toyos-sessionshares/toyos-tmpdir)
   Compiling flate2 v1.1.10
   Compiling crypto-common v0.1.7
   Compiling block-buffer v0.10.4
   Compiling digest v0.10.7
   Compiling sha2 v0.10.9
   Compiling pkg v0.1.0 (/home/user/toyos-sessionshares/userland/pkg)
    Finished `test` profile [unoptimized + debuginfo] target(s) in 2.47s
     Running unittests src/lib.rs (userland/target/x86_64-unknown-linux-gnu/debug/deps/pkg-6bcf2056c11f91b0)

running 12 tests
test archive::tests::every_type_but_a_file_and_a_directory_is_refused ... ok
test archive::tests::a_directory_and_two_files_come_back_whole ... ok
test archive::tests::a_name_that_leaves_the_archive_is_refused ... ok
test sums::tests::a_line_that_is_not_one_and_a_name_given_twice_are_both_refused ... ok
test archive::tests::a_header_that_does_not_sum_and_a_size_past_the_end_are_both_refused ... ok
test sums::tests::hex_is_the_spelling_the_file_uses ... ok
test sums::tests::the_one_line_for_this_asset_is_the_answer ... ok
test tests::a_digest_the_manifest_cannot_carry_stops_the_install ... ok
test tests::a_file_name_that_states_no_version_is_refused ... ok
test tests::a_path_the_archive_names_as_both_a_file_and_a_directory_is_refused ... ok
test tests::the_real_asset_plans_the_directory_the_track_describes ... ok
test tests::an_archive_that_is_not_one_directory_installs_nothing ... ok

test result: ok. 12 passed; 0 failed; 0 ignored; 0 measured; 0 filtered out; finished in 0.00s

     Running unittests src/main.rs (userland/target/x86_64-unknown-linux-gnu/debug/deps/pkg-b359a1b627d34c5b)

running 3 tests
test tests::an_install_that_cannot_finish_takes_its_directory_back_down ... ok
test tests::an_archive_that_inflates_past_the_ceiling_is_refused_unread ... ok
test tests::a_tree_of_any_depth_comes_off_and_leaves_no_directory ... ok

test result: ok. 3 passed; 0 failed; 0 ignored; 0 measured; 0 filtered out; finished in 0.05s

11:29:24 [ci] userland/pkg: cargo test --manifest-path userland/pkg/Cargo.toml --target x86_64-unknown-linux-gnu

11:29:24 === [ci] userland/soundserver
   Compiling autocfg v1.5.1
   Compiling strength_reduce v0.2.4
   Compiling toyos-hda v0.1.0 (/home/user/toyos-sessionshares/toyos-hda)
   Compiling toyos-mixer v0.1.0 (/home/user/toyos-sessionshares/userland/soundserver/mixer)
   Compiling num-traits v0.2.19
   Compiling num-integer v0.1.46
   Compiling num-complex v0.4.6
   Compiling transpose v0.2.3
   Compiling primal-check v0.3.4
   Compiling rustfft v6.4.1
   Compiling realfft v3.5.0
   Compiling rubato v0.16.2
   Compiling soundserver v0.0.0 (/home/user/toyos-sessionshares/userland/soundserver)
    Finished `test` profile [unoptimized + debuginfo] target(s) in 6.13s
     Running unittests src/main.rs (userland/target/x86_64-unknown-linux-gnu/debug/deps/soundserver-0eeb6e914e639a53)

running 3 tests
test client::tests::the_stronger_witness_wins_in_either_order ... ok
test mix::tests::published_totals_are_exactly_the_sum_of_every_window ... ok
test control::tests::a_control_message_is_refused_unless_its_width_and_its_state_both_fit ... ok

test result: ok. 3 passed; 0 failed; 0 ignored; 0 measured; 0 filtered out; finished in 0.00s

11:29:31 [ci] userland/soundserver: cargo test --manifest-path userland/soundserver/Cargo.toml --target x86_64-unknown-linux-gnu

11:29:31 === [ci] userland/soundserver/mixer
   Compiling toyos-mixer v0.1.0 (/home/user/toyos-sessionshares/userland/soundserver/mixer)
    Finished `test` profile [unoptimized + debuginfo] target(s) in 1.06s
     Running unittests src/lib.rs (userland/target/x86_64-unknown-linux-gnu/debug/deps/toyos_mixer-df3b8b190cd287b4)

running 55 tests
test channel::tests::planar_and_interleaved_convert_alike ... ok
test channel::tests::an_append_lands_after_what_is_already_there ... ok
test channel::tests::the_interleave_reads_only_the_frames_produced ... ok
test channel::tests::the_downmix_averages_rather_than_sums ... ok
test channel::tests::a_mono_client_is_the_same_sample_in_both_channels ... ok
test corpus::tests::the_crate_agrees_with_the_captured_shell ... ok
test dll::tests::a_batch_is_measured_against_its_last_grid_point ... ok
test dll::tests::a_grid_that_runs_fast_is_followed ... ok
test dll::tests::a_reset_forgets_the_grid_and_the_drift ... ok
test dll::tests::a_wild_timestamp_cannot_collapse_or_run_away_the_period ... ok
test dll::tests::the_first_record_anchors_and_decides_nothing ... ok
test format::tests::a_half_rounds_away_from_zero ... ok
test format::tests::a_period_quantizes_as_its_samples_do ... ok
test channel::tests::an_append_past_the_reserved_capacity_is_refused - should panic ... ok
test format::tests::full_scale_clamps_instead_of_wrapping ... ok
test format::tests::passthrough_is_bit_exact_for_every_i16 ... ok
test format::tests::the_dither_is_a_triangular_distribution_and_not_merely_shaped_like_one ... ok
test corpus::tests::the_corpus_is_reproduced_bit_for_bit ... ok
test format::tests::the_generator_cannot_be_seeded_into_silence ... ok
test format::tests::the_draw_stays_inside_half_an_lsb ... ok
test gain::tests::a_fade_stays_between_its_endpoints ... ok
test gain::tests::a_ramp_lands_exactly_on_its_target ... ok
test gain::tests::a_ramp_to_its_own_level_is_a_ramp_to_nowhere ... ok
test gain::tests::a_retarget_starts_from_the_level_reached ... ok
test gain::tests::a_settled_ramp_holds_its_level ... ok
test gain::tests::a_volume_that_is_not_a_number_is_refused_and_the_rest_is_clamped ... ok
test gain::tests::advancing_past_the_end_settles ... ok
test mix::tests::a_client_at_unity_is_added_unscaled ... ok
test mix::tests::a_period_of_the_wrong_width_is_refused - should panic ... ok
test mix::tests::a_silent_client_leaves_the_bus_untouched ... ok
test mix::tests::both_channels_of_a_frame_get_one_gain ... ok
test mix::tests::clients_sum_and_the_bus_is_not_clamped ... ok
test mix::tests::the_composite_is_the_conversion_and_the_sum ... ok
test shape::tests::a_client_at_the_device_s_own_rate_gets_the_device_s_period ... ok
test shape::tests::a_pipeline_with_nothing_to_reserve_disables_deferral ... ok
test shape::tests::a_rate_too_low_for_the_ramp_or_the_grid_is_refused ... ok
test shape::tests::a_shape_the_mixer_cannot_render_is_refused_and_nothing_divides_by_zero ... ok
test corpus::tests::a_one_lsb_change_anywhere_moves_the_transcript ... ok
test shape::tests::the_scratch_covers_every_rate_a_client_may_ask_for ... ok
test shape::tests::the_shipped_device_shape_is_served ... ok
test shape::tests::no_accepted_rate_overruns_the_shipped_scratch ... ok
test shape::tests::the_shipped_pipeline_keeps_five_periods_in_reserve ... ok
test shape::tests::the_shipped_grid_and_ramp ... ok
test stats::tests::a_later_shorter_run_does_not_lower_the_worst ... ok
test stats::tests::a_late_wake_is_one_past_a_whole_period ... ok
test stats::tests::a_software_grid_blames_only_itself ... ok
test stats::tests::empty_wakes_belong_to_the_wake_that_ends_them ... ok
test stats::tests::one_covered_period_ends_a_run ... ok
test stats::tests::only_the_wake_nothing_asked_for_is_named ... ok
test stats::tests::silence_outside_a_stream_costs_nothing ... ok
test stats::tests::the_halves_come_from_one_wake ... ok
test stats::tests::the_halves_sum_to_the_whole ... ok
test stats::tests::the_run_length_separates_a_gap_from_scattered_misses ... ok
test format::tests::a_signal_under_one_lsb_survives_the_quantizer ... ok
test format::tests::the_rounding_is_std_s_over_every_float_there_is ... ok

test result: ok. 55 passed; 0 failed; 0 ignored; 0 measured; 0 filtered out; finished in 31.77s

11:30:03 [ci] userland/soundserver/mixer: cargo test --manifest-path userland/soundserver/mixer/Cargo.toml --target x86_64-unknown-linux-gnu

11:30:03 === [ci] userland/sshserver
   Compiling libc v0.2.190
   Compiling typenum v1.20.1
   Compiling subtle v2.6.1
   Compiling zeroize v1.9.0
   Compiling cmov v0.5.3
   Compiling rand_core v0.10.0
   Compiling getrandom v0.4.2 (https://github.com/ToyOSOrg/getrandom?branch=toyos-0.4#f0286c8b)
   Compiling ctutils v0.4.2
   Compiling const-oid v0.10.2
   Compiling base64ct v1.8.3
   Compiling num-traits v0.2.19
   Compiling cpubits v0.1.0
   Compiling cpufeatures v0.3.0
   Compiling pem-rfc7468 v1.0.0
   Compiling hybrid-array v0.4.8
   Compiling generic-array v0.14.7
   Compiling der v0.8.0
   Compiling syn v2.0.117
   Compiling block-buffer v0.12.0
   Compiling block-padding v0.4.2
   Compiling getrandom v0.2.17 (https://github.com/ToyOSOrg/getrandom?branch=toyos-0.2-sdk-0.12#2092d1cc)
   Compiling crypto-common v0.2.1
   Compiling rand_core v0.6.4
   Compiling crypto-common v0.1.7
   Compiling inout v0.2.2
   Compiling spki v0.8.0-rc.4
   Compiling block-buffer v0.10.4
   Compiling digest v0.11.1
   Compiling cipher v0.5.1
   Compiling hmac v0.13.0-rc.5
   Compiling universal-hash v0.6.1
   Compiling aes v0.9.0-rc.4
   Compiling salsa20 v0.11.0
   Compiling polyval v0.7.1
   Compiling ctr v0.10.0-rc.4
   Compiling ghash v0.6.0
   Compiling pbkdf2 v0.13.0-rc.9
   Compiling sha2 v0.11.0-rc.5
   Compiling aead v0.6.0-rc.10
   Compiling cbc v0.2.0-rc.4
   Compiling const-oid v0.9.6
   Compiling aes-gcm v0.11.0-rc.3
   Compiling digest v0.10.7
   Compiling block-padding v0.3.3
   Compiling inout v0.1.4
   Compiling crypto-bigint v0.7.3
   Compiling scrypt v0.12.0-rc.10
   Compiling pkcs5 v0.8.0-rc.13
   Compiling cipher v0.4.4
   Compiling rustcrypto-ff v0.14.0-rc.1
   Compiling pkcs8 v0.11.0-rc.11
   Compiling signature v3.0.0-rc.10
   Compiling base16ct v1.0.0
   Compiling rustcrypto-group v0.14.0-rc.1
   Compiling sec1 v0.8.1
   Compiling hkdf v0.13.0-rc.5
   Compiling universal-hash v0.5.1
   Compiling libm v0.2.16
   Compiling bytes v1.12.1
   Compiling opaque-debug v0.3.1
   Compiling semver v1.0.28
   Compiling rustc_version v0.4.1
   Compiling sha2 v0.10.9
   Compiling rfc6979 v0.5.0-rc.5
   Compiling serde_core v1.0.228
   Compiling curve25519-dalek v5.0.0-pre.6
   Compiling ppv-lite86 v0.2.21
   Compiling polyval v0.6.2
   Compiling num-integer v0.1.46
   Compiling elliptic-curve v0.14.0-rc.29
   Compiling primefield v0.14.0-rc.8
   Compiling pem-rfc7468 v0.7.0
   Compiling primeorder v0.14.0-rc.8
   Compiling ecdsa v0.17.0-rc.16
   Compiling futures-sink v0.3.32
   Compiling serde v1.0.228
   Compiling futures-core v0.3.32
   Compiling futures-channel v0.3.32
   Compiling nix v0.31.2
   Compiling ssh-encoding v0.2.0
   Compiling ghash v0.5.1
   Compiling rand_chacha v0.3.1
   Compiling curve25519-dalek-derive v0.1.1
   Compiling futures-macro v0.3.32
   Compiling ctr v0.9.2
   Compiling aes v0.8.4
   Compiling hmac v0.12.1
   Compiling aead v0.5.2
   Compiling crc32fast v1.5.0
   Compiling spin v0.9.8
   Compiling num-bigint-dig v0.8.6
   Compiling rustversion v1.0.22
   Compiling futures-task v0.3.32
   Compiling byteorder v1.5.0
   Compiling futures-io v0.3.32
   Compiling slab v0.4.12
   Compiling memchr v2.8.0
   Compiling blowfish v0.9.1
   Compiling lazy_static v1.5.0
   Compiling aes-gcm v0.10.3
   Compiling pbkdf2 v0.12.2
   Compiling rand v0.8.5
   Compiling futures-util v0.3.32
   Compiling crypto-primes v0.7.0
   Compiling num-iter v0.1.45
   Compiling tokio-macros v2.7.0
   Compiling poly1305 v0.8.0
   Compiling ed25519 v3.0.0-rc.4
   Compiling chacha20 v0.9.1
   Compiling cbc v0.1.2
   Compiling blake2 v0.10.6
   Compiling pkcs1 v0.8.0-rc.4
   Compiling password-hash v0.5.0
   Compiling mio v1.2.0 (https://github.com/ToyOSOrg/mio?branch=toyos#d1edcaad)
   Compiling socket2 v0.6.3 (https://github.com/ToyOSOrg/socket2?branch=toyos#1d902509)
   Compiling chacha20 v0.10.0
   Compiling keccak v0.2.0
   Compiling bitflags v2.11.0
   Compiling smallvec v1.15.1
   Compiling thiserror v2.0.18
   Compiling fiat-crypto v0.3.0
   Compiling futures-executor v0.3.32
   Compiling sha3 v0.11.0
   Compiling tokio v1.51.1 (https://github.com/ToyOSOrg/tokio?branch=toyos#902fb974)
   Compiling rand v0.10.0
   Compiling argon2 v0.5.3
   Compiling rsa v0.10.0-rc.17
   Compiling ssh-cipher v0.2.0
   Compiling ed25519-dalek v3.0.0-pre.6
   Compiling bcrypt-pbkdf v0.10.0
   Compiling p521 v0.14.0-rc.8
   Compiling p256 v0.14.0-rc.8
   Compiling thiserror-impl v2.0.18
   Compiling p384 v0.14.0-rc.8
   Compiling sha1 v0.11.0-rc.5
   Compiling kem v0.3.0
   Compiling module-lattice v0.2.1
   Compiling hex v0.4.3
   Compiling once_cell v1.21.4
   Compiling russh-cryptovec v0.59.0 (https://github.com/ToyOSOrg/russh?branch=toyos#389804d3)
   Compiling enum_dispatch v0.3.13
   Compiling ml-kem v0.3.0-rc.2
   Compiling russh-util v0.52.0 (https://github.com/ToyOSOrg/russh?branch=toyos#389804d3)
   Compiling generic-array v1.3.5
   Compiling flate2 v1.1.10
   Compiling internal-russh-num-bigint v0.5.0
   Compiling futures v0.3.32
   Compiling delegate v0.13.5
   Compiling sha1 v0.10.6
   Compiling md5 v0.7.0
   Compiling data-encoding v2.10.0
   Compiling internal-russh-forked-ssh-key v0.6.18+upstream-0.6.7
   Compiling hex-literal v1.1.0
   Compiling russh v0.60.0 (https://github.com/ToyOSOrg/russh?branch=toyos#389804d3)
   Compiling sshserver v0.0.0 (/home/user/toyos-sessionshares/userland/sshserver)
    Finished `test` profile [unoptimized + debuginfo] target(s) in 26.93s
     Running unittests src/main.rs (userland/target/x86_64-unknown-linux-gnu/debug/deps/sshserver-e54c3cde2be3938a)

running 29 tests
test command::tests::a_bare_command_is_its_words ... ok
test command::tests::a_shell_command_reaches_the_shell_whole ... ok
test command::tests::a_line_that_names_nothing_is_refused ... ok
test command::tests::a_bare_name_resolves_under_system_bin ... ok
test command::tests::backslash_escapes_one_character ... ok
test command::tests::an_unfinished_quote_is_refused ... ok
test command::tests::metacharacters_are_ordinary_bytes ... ok
test command::tests::quotes_hold_a_word_together ... ok
test sftp::tests::a_handle_nobody_opened_is_refused ... ok
test sftp::tests::a_file_that_is_not_there_is_no_such_file ... ok
test sftp::tests::a_request_before_init_ends_the_session ... ok
test sftp::tests::a_request_outside_the_profile_is_refused_by_name ... ok
test sftp::tests::a_second_init_ends_the_session ... ok
test sftp::tests::a_truncated_request_is_a_bad_message_and_not_a_panic ... ok
test sftp::tests::an_oversized_length_ends_the_session ... ok
test sftp::tests::framing_waits_for_a_whole_packet ... ok
test tests::a_file_that_names_nobody_authorizes_nobody ... ok
test sftp::tests::the_profile_moves_a_file_and_lists_it ... ok
test tests::a_key_is_found_among_several_and_blank_lines ... ok
test tests::a_listed_key_is_authorized ... ok
test tests::a_key_listed_with_options_authorizes_nothing ... ok
test tests::an_unparseable_line_does_not_disarm_the_rest ... ok
test tests::an_unlisted_key_is_not_authorized ... ok
test tests::input_for_a_program_that_is_gone_is_not_a_stall ... ok
test tests::input_a_program_is_reading_is_taken ... ok
test tests::the_comment_is_not_part_of_the_key ... ok
test sftp::tests::a_listing_longer_than_one_reply_continues_where_it_left_off ... ok
test tests::input_nothing_takes_is_given_up_on ... ok
test sftp::tests::a_directory_past_the_ceiling_is_refused_by_name ... ok

test result: ok. 29 passed; 0 failed; 0 ignored; 0 measured; 0 filtered out; finished in 0.23s

11:30:31 [ci] userland/sshserver: cargo test --manifest-path userland/sshserver/Cargo.toml --target x86_64-unknown-linux-gnu

11:30:31 === [ci] userland/symbolize
   Compiling toyos-elf v0.1.0 (/home/user/toyos-sessionshares/toyos-elf)
   Compiling rustc-demangle v0.1.27
   Compiling toyos-symbols v0.1.0 (/home/user/toyos-sessionshares/toyos-symbols)
   Compiling symbolize v0.1.0 (/home/user/toyos-sessionshares/userland/symbolize)
    Finished `test` profile [unoptimized + debuginfo] target(s) in 1.02s
     Running unittests src/main.rs (userland/target/x86_64-unknown-linux-gnu/debug/deps/symbolize-5c51e44d4d3e3033)

running 5 tests
test tests::a_name_is_read_under_the_root ... ok
test tests::a_name_that_leaves_the_root_is_refused ... ok
test tests::a_name_some_host_reads_as_a_drive_or_separator_is_refused ... ok
test tests::a_name_windows_reserves_for_a_device_is_refused ... ok
test tests::a_record_that_leaves_the_root_is_refused_on_its_line ... ok

test result: ok. 5 passed; 0 failed; 0 ignored; 0 measured; 0 filtered out; finished in 0.00s

11:30:32 [ci] userland/symbolize: cargo test --manifest-path userland/symbolize/Cargo.toml --target x86_64-unknown-linux-gnu

11:30:32 === [ci] the apps for linux
info: component rust-std is up to date
    Finished `dev` profile [unoptimized + debuginfo] target(s) in 0.16s
   Compiling toyos-keymap v0.1.0 (/home/user/toyos-sessionshares/toyos-keymap)
   Compiling filepicker-api v0.1.0 (/home/user/toyos-sessionshares/userland/filepicker-api)
   Compiling toyos-window v0.20.0 (/home/user/toyos-sessionshares/userland/toyos-window)
   Compiling editor v0.1.0 (/home/user/toyos-sessionshares/userland/editor)
    Finished `dev` profile [unoptimized + debuginfo] target(s) in 0.98s
   Compiling filepicker v0.1.0 (/home/user/toyos-sessionshares/userland/filepicker)
    Finished `dev` profile [unoptimized + debuginfo] target(s) in 0.44s
   Compiling simd-adler32 v0.3.10
   Compiling crc32fast v1.5.0
   Compiling arrayvec v0.7.8
   Compiling float-cmp v0.9.0
   Compiling bytemuck v1.25.0
   Compiling miniz_oxide v0.9.1
   Compiling strict-num v0.1.1
   Compiling arrayref v0.3.9
   Compiling log v0.4.29
   Compiling smallvec v1.15.1
   Compiling tiny-skia-path v0.12.0
   Compiling kurbo v0.13.0
   Compiling miniz_oxide v0.8.9
   Compiling flate2 v1.1.10
   Compiling fdeflate v0.3.7
   Compiling memchr v2.8.0
   Compiling siphasher v1.0.2
   Compiling svgtypes v0.16.1
   Compiling png v0.18.1
   Compiling roxmltree v0.21.1
   Compiling simplecss v0.2.2
   Compiling data-url v0.3.2
   Compiling base64 v0.22.1
   Compiling imagesize v0.14.0
   Compiling pico-args v0.5.0
   Compiling xmlwriter v0.1.0
   Compiling tiny-skia v0.12.0
   Compiling usvg v0.47.0
   Compiling rgb v0.8.53
   Compiling resvg v0.47.0
   Compiling sprite v0.1.0 (/home/user/toyos-sessionshares/userland/sprite)
   Compiling files v0.1.0 (/home/user/toyos-sessionshares/userland/files)
    Finished `dev` profile [unoptimized + debuginfo] target(s) in 5.01s
   Compiling host v0.1.0 (/home/user/toyos-sessionshares/userland/host)
    Finished `dev` profile [unoptimized + debuginfo] target(s) in 0.28s
   Compiling paint v0.1.0 (/home/user/toyos-sessionshares/userland/paint)
    Finished `dev` profile [unoptimized + debuginfo] target(s) in 0.45s
   Compiling pkg v0.1.0 (/home/user/toyos-sessionshares/userland/pkg)
    Finished `dev` profile [unoptimized + debuginfo] target(s) in 0.54s
   Compiling getrandom v0.2.17 (https://github.com/ToyOSOrg/getrandom?branch=toyos-0.2-sdk-0.12#2092d1cc)
   Compiling snake v0.1.0 (/home/user/toyos-sessionshares/userland/snake)
   Compiling rand_core v0.6.4
   Compiling rand_chacha v0.3.1
   Compiling rand v0.8.5
    Finished `dev` profile [unoptimized + debuginfo] target(s) in 2.61s
   Compiling sshserver v0.0.0 (/home/user/toyos-sessionshares/userland/sshserver)
    Finished `dev` profile [unoptimized + debuginfo] target(s) in 3.11s
   Compiling symbolize v0.1.0 (/home/user/toyos-sessionshares/userland/symbolize)
    Finished `dev` profile [unoptimized + debuginfo] target(s) in 0.53s
11:30:46 [ci] the apps for linux: 10 app(s) pass `cargo build --target x86_64-unknown-linux-gnu`; userland/doom, userland/proctest, userland/shell, userland/terminal, userland/toybox not attempted, as their manifests declare

11:30:46 === [ci] the apps for macos
info: component rust-std for target aarch64-apple-darwin is up to date
    Checking objc2-encode v4.1.0
    Checking bitflags v2.11.0
   Compiling objc-sys v0.3.5
   Compiling objc2 v0.6.4
   Compiling libc v0.2.190
   Compiling syn v3.0.6
    Checking objc2 v0.5.2
    Checking core-foundation-sys v0.8.7
    Checking core-foundation v0.9.4
    Checking tracing-core v0.1.36
    Checking objc2-core-foundation v0.3.2
    Checking block2 v0.5.1
    Checking pin-project-lite v0.2.17
    Checking dispatch v0.2.0
    Checking bitflags v1.3.2
    Checking foreign-types-shared v0.3.1
    Checking core-graphics-types v0.1.3
    Checking objc2-foundation v0.2.2
    Checking tracing v0.1.44
   Compiling winit v0.30.13 (https://github.com/ToyOSOrg/winit?branch=toyos-0.30.13#f58e1f3b)
    Checking raw-window-handle v0.6.2 (https://github.com/ToyOSOrg/raw-window-handle?branch=toyos-0.6.2#2a5d102b)
    Checking objc2-foundation v0.3.2
    Checking objc2-core-graphics v0.3.2
    Checking dpi v0.1.1 (https://github.com/ToyOSOrg/winit?branch=toyos-0.30.13#f58e1f3b)
    Checking cursor-icon v1.2.0
    Checking smol_str v0.2.2
   Compiling calc v0.1.0 (/home/user/toyos-sessionshares/userland/calc)
    Checking toyos-font v0.2.0 (/home/user/toyos-sessionshares/userland/toyos-font)
    Checking objc2-quartz-core v0.3.2
    Checking softbuffer v0.4.8 (https://github.com/ToyOSOrg/softbuffer?branch=toyos-0.4.8#b36854df)
   Compiling foreign-types-macros v0.2.4
    Checking objc2-app-kit v0.2.2
    Checking foreign-types v0.5.0
    Checking core-graphics v0.23.2
    Finished `dev` profile [unoptimized + debuginfo] target(s) in 7.71s
    Checking toyos-abi v0.16.0 (/home/user/toyos-sessionshares/toyos-abi)
    Checking toyos-keymap v0.1.0 (/home/user/toyos-sessionshares/toyos-keymap)
    Checking toyos v0.18.0 (/home/user/toyos-sessionshares/toyos)
    Checking filepicker-api v0.1.0 (/home/user/toyos-sessionshares/userland/filepicker-api)
    Checking toyos-window v0.20.0 (/home/user/toyos-sessionshares/userland/toyos-window)
    Checking editor v0.1.0 (/home/user/toyos-sessionshares/userland/editor)
    Finished `dev` profile [unoptimized + debuginfo] target(s) in 1.35s
    Checking filepicker v0.1.0 (/home/user/toyos-sessionshares/userland/filepicker)
    Finished `dev` profile [unoptimized + debuginfo] target(s) in 0.24s
    Checking simd-adler32 v0.3.10
    Checking adler2 v2.0.1
    Checking cfg-if v1.0.4
   Compiling crc32fast v1.5.0
    Checking arrayvec v0.7.8
    Checking float-cmp v0.9.0
    Checking miniz_oxide v0.9.1
    Checking bytemuck v1.25.0
    Checking strict-num v0.1.1
    Checking smallvec v1.15.1
    Checking arrayref v0.3.9
    Checking log v0.4.29
    Checking tiny-skia-path v0.12.0
    Checking kurbo v0.13.0
    Checking miniz_oxide v0.8.9
    Checking flate2 v1.1.10
    Checking fdeflate v0.3.7
    Checking siphasher v1.0.2
    Checking memchr v2.8.0
    Checking bitflags v2.11.0
    Checking simplecss v0.2.2
    Checking png v0.18.1
    Checking svgtypes v0.16.1
    Checking data-url v0.3.2
    Checking roxmltree v0.21.1
    Checking xmlwriter v0.1.0
    Checking base64 v0.22.1
    Checking imagesize v0.14.0
    Checking pico-args v0.5.0
    Checking rgb v0.8.53
    Checking tiny-skia v0.12.0
    Checking usvg v0.47.0
    Checking resvg v0.47.0
    Checking sprite v0.1.0 (/home/user/toyos-sessionshares/userland/sprite)
    Checking files v0.1.0 (/home/user/toyos-sessionshares/userland/files)
    Finished `dev` profile [unoptimized + debuginfo] target(s) in 2.95s
    Checking host v0.1.0 (/home/user/toyos-sessionshares/userland/host)
    Finished `dev` profile [unoptimized + debuginfo] target(s) in 0.18s
    Checking paint v0.1.0 (/home/user/toyos-sessionshares/userland/paint)
    Finished `dev` profile [unoptimized + debuginfo] target(s) in 0.27s
   Compiling generic-array v0.14.7
    Checking typenum v1.20.1
   Compiling libc v0.2.190
   Compiling crc32fast v1.5.0
    Checking simd-adler32 v0.3.10
    Checking miniz_oxide v0.9.1
    Checking toyos-manifest v0.1.0 (/home/user/toyos-sessionshares/toyos-manifest)
    Checking flate2 v1.1.10
    Checking crypto-common v0.1.7
    Checking block-buffer v0.10.4
    Checking cpufeatures v0.2.17
    Checking digest v0.10.7
    Checking sha2 v0.10.9
    Checking pkg v0.1.0 (/home/user/toyos-sessionshares/userland/pkg)
    Finished `dev` profile [unoptimized + debuginfo] target(s) in 1.71s
   Compiling zerocopy v0.8.47
    Checking getrandom v0.2.17 (https://github.com/ToyOSOrg/getrandom?branch=toyos-0.2-sdk-0.12#2092d1cc)
   Compiling snake v0.1.0 (/home/user/toyos-sessionshares/userland/snake)
    Checking rand_core v0.6.4
    Checking ppv-lite86 v0.2.21
    Checking rand_chacha v0.3.1
    Checking rand v0.8.5
    Finished `dev` profile [unoptimized + debuginfo] target(s) in 3.93s
   Compiling libc v0.2.190
    Checking typenum v1.20.1
    Checking subtle v2.6.1
    Checking zeroize v1.9.0
    Checking cmov v0.5.3
    Checking rand_core v0.10.0
   Compiling getrandom v0.4.2 (https://github.com/ToyOSOrg/getrandom?branch=toyos-0.4#f0286c8b)
    Checking const-oid v0.10.2
    Checking ctutils v0.4.2
    Checking base64ct v1.8.3
    Checking cpubits v0.1.0
   Compiling num-traits v0.2.19
    Checking pem-rfc7468 v1.0.0
    Checking der v0.8.0
    Checking hybrid-array v0.4.8
    Checking getrandom v0.2.17 (https://github.com/ToyOSOrg/getrandom?branch=toyos-0.2-sdk-0.12#2092d1cc)
    Checking generic-array v0.14.7
    Checking rand_core v0.6.4
    Checking cpufeatures v0.2.17
    Checking cpufeatures v0.3.0
    Checking const-oid v0.9.6
    Checking rustcrypto-ff v0.14.0-rc.1
    Checking base16ct v1.0.0
    Checking rustcrypto-group v0.14.0-rc.1
    Checking spki v0.8.0-rc.4
    Checking bytes v1.12.1
    Checking crypto-common v0.1.7
    Checking block-buffer v0.10.4
    Checking block-padding v0.3.3
    Checking digest v0.10.7
    Checking inout v0.1.4
    Checking cipher v0.4.4
    Checking crypto-common v0.2.1
    Checking block-buffer v0.12.0
    Checking block-padding v0.4.2
    Checking crypto-bigint v0.7.3
    Checking inout v0.2.2
    Checking sec1 v0.8.1
    Checking universal-hash v0.5.1
    Checking opaque-debug v0.3.1
   Compiling libm v0.2.16
    Checking sha2 v0.10.9
   Compiling serde_core v1.0.228
    Checking polyval v0.6.2
    Checking num-integer v0.1.46
    Checking digest v0.11.1
    Checking cipher v0.5.1
    Checking hmac v0.13.0-rc.5
    Checking universal-hash v0.6.1
    Checking polyval v0.7.1
    Checking salsa20 v0.11.0
    Checking ghash v0.6.0
    Checking ctr v0.10.0-rc.4
    Checking aes v0.9.0-rc.4
    Checking pbkdf2 v0.13.0-rc.9
    Checking sha2 v0.11.0-rc.5
    Checking aead v0.6.0-rc.10
    Checking cbc v0.2.0-rc.4
    Checking signature v3.0.0-rc.10
    Checking aes-gcm v0.11.0-rc.3
    Checking hkdf v0.13.0-rc.5
    Checking rfc6979 v0.5.0-rc.5
    Checking pem-rfc7468 v0.7.0
    Checking futures-core v0.3.32
    Checking futures-sink v0.3.32
   Compiling serde v1.0.228
    Checking futures-channel v0.3.32
    Checking ssh-encoding v0.2.0
    Checking ghash v0.5.1
   Compiling curve25519-dalek v5.0.0-pre.6
    Checking scrypt v0.12.0-rc.10
    Checking rand_chacha v0.3.1
    Checking pkcs5 v0.8.0-rc.13
    Checking ctr v0.9.2
    Checking aes v0.8.4
    Checking pkcs8 v0.11.0-rc.11
    Checking hmac v0.12.1
    Checking aead v0.5.2
    Checking futures-task v0.3.32
    Checking futures-io v0.3.32
    Checking slab v0.4.12
    Checking byteorder v1.5.0
    Checking memchr v2.8.0
    Checking spin v0.9.8
    Checking elliptic-curve v0.14.0-rc.29
    Checking primefield v0.14.0-rc.8
   Compiling num-bigint-dig v0.8.6
    Checking lazy_static v1.5.0
    Checking crypto-primes v0.7.0
    Checking futures-util v0.3.32
    Checking primeorder v0.14.0-rc.8
    Checking ecdsa v0.17.0-rc.16
    Checking blowfish v0.9.1
   Compiling crc32fast v1.5.0
    Checking aes-gcm v0.10.3
    Checking ed25519 v3.0.0-rc.4
    Checking pbkdf2 v0.12.2
    Checking rand v0.8.5
   Compiling nix v0.31.2
    Checking num-iter v0.1.45
    Checking poly1305 v0.8.0
    Checking chacha20 v0.9.1
    Checking cbc v0.1.2
    Checking blake2 v0.10.6
    Checking pkcs1 v0.8.0-rc.4
    Checking keccak v0.2.0
    Checking password-hash v0.5.0
    Checking socket2 v0.6.3 (https://github.com/ToyOSOrg/socket2?branch=toyos#1d902509)
    Checking mio v1.2.0 (https://github.com/ToyOSOrg/mio?branch=toyos#d1edcaad)
    Checking chacha20 v0.10.0
    Checking smallvec v1.15.1
    Checking fiat-crypto v0.3.0
    Checking tokio v1.51.1 (https://github.com/ToyOSOrg/tokio?branch=toyos#902fb974)
    Checking futures-executor v0.3.32
    Checking rand v0.10.0
   Compiling thiserror v2.0.18
    Checking argon2 v0.5.3
    Checking sha3 v0.11.0
    Checking rsa v0.10.0-rc.17
    Checking ed25519-dalek v3.0.0-pre.6
    Checking ssh-cipher v0.2.0
    Checking bcrypt-pbkdf v0.10.0
    Checking p521 v0.14.0-rc.8
    Checking p256 v0.14.0-rc.8
    Checking sha1 v0.11.0-rc.5
    Checking kem v0.3.0
    Checking module-lattice v0.2.1
    Checking hex v0.4.3
    Checking log v0.4.29
    Checking russh-util v0.52.0 (https://github.com/ToyOSOrg/russh?branch=toyos#389804d3)
    Checking russh-cryptovec v0.59.0 (https://github.com/ToyOSOrg/russh?branch=toyos#389804d3)
    Checking ml-kem v0.3.0-rc.2
    Checking generic-array v1.3.5
    Checking flate2 v1.1.10
    Checking internal-russh-num-bigint v0.5.0
    Checking futures v0.3.32
    Checking sha1 v0.10.6
    Checking hex-literal v1.1.0
    Checking data-encoding v2.10.0
    Checking md5 v0.7.0
    Checking p384 v0.14.0-rc.8
    Checking internal-russh-forked-ssh-key v0.6.18+upstream-0.6.7
    Checking russh v0.60.0 (https://github.com/ToyOSOrg/russh?branch=toyos#389804d3)
    Checking sshserver v0.0.0 (/home/user/toyos-sessionshares/userland/sshserver)
    Finished `dev` profile [unoptimized + debuginfo] target(s) in 18.48s
    Checking toyos-elf v0.1.0 (/home/user/toyos-sessionshares/toyos-elf)
    Checking toyos-elide v0.1.0 (/home/user/toyos-sessionshares/toyos-elide)
    Checking rustc-demangle v0.1.27
    Checking toyos-symbols v0.1.0 (/home/user/toyos-sessionshares/toyos-symbols)
    Checking symbolize v0.1.0 (/home/user/toyos-sessionshares/userland/symbolize)
    Finished `dev` profile [unoptimized + debuginfo] target(s) in 0.52s
11:31:24 [ci] the apps for macos: 10 app(s) pass `cargo check --target aarch64-apple-darwin`; userland/doom, userland/proctest, userland/shell, userland/terminal, userland/toybox not attempted, as their manifests declare

11:31:24 === [ci] the apps for windows
info: component rust-std for target x86_64-pc-windows-msvc is up to date
   Compiling windows_x86_64_msvc v0.52.6
    Checking tracing-core v0.1.36
    Checking pin-project-lite v0.2.17
    Checking raw-window-handle v0.6.2 (https://github.com/ToyOSOrg/raw-window-handle?branch=toyos-0.6.2#2a5d102b)
    Checking windows-link v0.2.1
    Checking windows-sys v0.61.2
   Compiling winit v0.30.13 (https://github.com/ToyOSOrg/winit?branch=toyos-0.30.13#f58e1f3b)
    Checking windows-targets v0.52.6
    Checking dpi v0.1.1 (https://github.com/ToyOSOrg/winit?branch=toyos-0.30.13#f58e1f3b)
    Checking windows-sys v0.52.0
    Checking tracing v0.1.44
    Checking smol_str v0.2.2
    Checking unicode-segmentation v1.12.0
    Checking cursor-icon v1.2.0
    Checking bitflags v2.11.0
   Compiling calc v0.1.0 (/home/user/toyos-sessionshares/userland/calc)
    Checking toyos-font v0.2.0 (/home/user/toyos-sessionshares/userland/toyos-font)
    Checking softbuffer v0.4.8 (https://github.com/ToyOSOrg/softbuffer?branch=toyos-0.4.8#b36854df)
    Finished `dev` profile [unoptimized + debuginfo] target(s) in 4.95s
    Checking toyos-abi v0.16.0 (/home/user/toyos-sessionshares/toyos-abi)
    Checking toyos-keymap v0.1.0 (/home/user/toyos-sessionshares/toyos-keymap)
    Checking toyos v0.18.0 (/home/user/toyos-sessionshares/toyos)
    Checking toyos-window v0.20.0 (/home/user/toyos-sessionshares/userland/toyos-window)
    Checking filepicker-api v0.1.0 (/home/user/toyos-sessionshares/userland/filepicker-api)
    Checking editor v0.1.0 (/home/user/toyos-sessionshares/userland/editor)
    Finished `dev` profile [unoptimized + debuginfo] target(s) in 1.37s
    Checking filepicker v0.1.0 (/home/user/toyos-sessionshares/userland/filepicker)
    Finished `dev` profile [unoptimized + debuginfo] target(s) in 0.18s
    Checking simd-adler32 v0.3.10
    Checking adler2 v2.0.1
    Checking cfg-if v1.0.4
   Compiling crc32fast v1.5.0
    Checking arrayvec v0.7.8
    Checking bytemuck v1.25.0
    Checking float-cmp v0.9.0
    Checking miniz_oxide v0.9.1
    Checking smallvec v1.15.1
    Checking strict-num v0.1.1
    Checking log v0.4.29
    Checking arrayref v0.3.9
    Checking kurbo v0.13.0
    Checking tiny-skia-path v0.12.0
    Checking fdeflate v0.3.7
    Checking miniz_oxide v0.8.9
    Checking flate2 v1.1.10
    Checking siphasher v1.0.2
    Checking memchr v2.8.0
    Checking simplecss v0.2.2
    Checking png v0.18.1
    Checking svgtypes v0.16.1
    Checking data-url v0.3.2
    Checking xmlwriter v0.1.0
    Checking roxmltree v0.21.1
    Checking base64 v0.22.1
    Checking pico-args v0.5.0
    Checking imagesize v0.14.0
    Checking rgb v0.8.53
    Checking usvg v0.47.0
    Checking tiny-skia v0.12.0
    Checking resvg v0.47.0
    Checking sprite v0.1.0 (/home/user/toyos-sessionshares/userland/sprite)
    Checking files v0.1.0 (/home/user/toyos-sessionshares/userland/files)
    Finished `dev` profile [unoptimized + debuginfo] target(s) in 2.64s
    Checking host v0.1.0 (/home/user/toyos-sessionshares/userland/host)
    Finished `dev` profile [unoptimized + debuginfo] target(s) in 0.18s
    Checking paint v0.1.0 (/home/user/toyos-sessionshares/userland/paint)
    Finished `dev` profile [unoptimized + debuginfo] target(s) in 0.23s
   Compiling generic-array v0.14.7
    Checking typenum v1.20.1
   Compiling crc32fast v1.5.0
    Checking simd-adler32 v0.3.10
    Checking cpufeatures v0.2.17
    Checking toyos-manifest v0.1.0 (/home/user/toyos-sessionshares/toyos-manifest)
    Checking miniz_oxide v0.9.1
    Checking flate2 v1.1.10
    Checking crypto-common v0.1.7
    Checking block-buffer v0.10.4
    Checking digest v0.10.7
    Checking sha2 v0.10.9
    Checking pkg v0.1.0 (/home/user/toyos-sessionshares/userland/pkg)
    Finished `dev` profile [unoptimized + debuginfo] target(s) in 1.53s
   Compiling zerocopy v0.8.47
    Checking getrandom v0.2.17 (https://github.com/ToyOSOrg/getrandom?branch=toyos-0.2-sdk-0.12#2092d1cc)
   Compiling snake v0.1.0 (/home/user/toyos-sessionshares/userland/snake)
    Checking rand_core v0.6.4
    Checking ppv-lite86 v0.2.21
    Checking rand_chacha v0.3.1
    Checking rand v0.8.5
    Finished `dev` profile [unoptimized + debuginfo] target(s) in 3.74s
    Checking typenum v1.20.1
    Checking subtle v2.6.1
    Checking zeroize v1.9.0
    Checking rand_core v0.10.0
    Checking cmov v0.5.3
   Compiling getrandom v0.4.2 (https://github.com/ToyOSOrg/getrandom?branch=toyos-0.4#f0286c8b)
    Checking getrandom v0.2.17 (https://github.com/ToyOSOrg/getrandom?branch=toyos-0.2-sdk-0.12#2092d1cc)
    Checking rand_core v0.6.4
    Checking const-oid v0.10.2
    Checking ctutils v0.4.2
    Checking base64ct v1.8.3
    Checking cpubits v0.1.0
    Checking cpufeatures v0.3.0
   Compiling num-traits v0.2.19
    Checking const-oid v0.9.6
    Checking pem-rfc7468 v1.0.0
    Checking rustcrypto-ff v0.14.0-rc.1
    Checking base16ct v1.0.0
    Checking der v0.8.0
    Checking rustcrypto-group v0.14.0-rc.1
    Checking bytes v1.12.1
    Checking windows-result v0.4.1
    Checking hybrid-array v0.4.8
    Checking generic-array v0.14.7
    Checking windows-sys v0.61.2
    Checking spki v0.8.0-rc.4
    Checking windows-strings v0.5.1
    Checking crypto-common v0.1.7
    Checking block-buffer v0.10.4
    Checking block-padding v0.3.3
    Checking digest v0.10.7
    Checking inout v0.1.4
    Checking cipher v0.4.4
    Checking sha2 v0.10.9
    Checking crypto-common v0.2.1
    Checking block-buffer v0.12.0
    Checking block-padding v0.4.2
    Checking crypto-bigint v0.7.3
    Checking inout v0.2.2
    Checking sec1 v0.8.1
    Checking universal-hash v0.5.1
   Compiling windows-interface v0.59.3
    Checking digest v0.11.1
    Checking cipher v0.5.1
    Checking hmac v0.13.0-rc.5
    Checking universal-hash v0.6.1
    Checking polyval v0.7.1
    Checking ghash v0.6.0
    Checking pbkdf2 v0.13.0-rc.9
    Checking ctr v0.10.0-rc.4
    Checking aes v0.9.0-rc.4
    Checking salsa20 v0.11.0
    Checking sha2 v0.11.0-rc.5
    Checking aead v0.6.0-rc.10
    Checking cbc v0.2.0-rc.4
    Checking aes-gcm v0.11.0-rc.3
    Checking signature v3.0.0-rc.10
    Checking hkdf v0.13.0-rc.5
   Compiling windows-implement v0.60.2
    Checking opaque-debug v0.3.1
   Compiling libm v0.2.16
    Checking rfc6979 v0.5.0-rc.5
    Checking scrypt v0.12.0-rc.10
    Checking futures-core v0.3.32
    Checking pkcs5 v0.8.0-rc.13
    Checking futures-sink v0.3.32
    Checking futures-channel v0.3.32
   Compiling serde_core v1.0.228
    Checking pkcs8 v0.11.0-rc.11
    Checking polyval v0.6.2
    Checking num-integer v0.1.46
    Checking windows-core v0.62.2
    Checking pem-rfc7468 v0.7.0
    Checking futures-io v0.3.32
    Checking slab v0.4.12
    Checking elliptic-curve v0.14.0-rc.29
    Checking primefield v0.14.0-rc.8
    Checking memchr v2.8.0
    Checking futures-task v0.3.32
    Checking byteorder v1.5.0
   Compiling serde v1.0.228
    Checking ssh-encoding v0.2.0
    Checking ghash v0.5.1
   Compiling curve25519-dalek v5.0.0-pre.6
    Checking ecdsa v0.17.0-rc.16
    Checking primeorder v0.14.0-rc.8
    Checking rand_chacha v0.3.1
    Checking futures-util v0.3.32
    Checking socket2 v0.6.3 (https://github.com/ToyOSOrg/socket2?branch=toyos#1d902509)
    Checking mio v1.2.0 (https://github.com/ToyOSOrg/mio?branch=toyos#d1edcaad)
    Checking ctr v0.9.2
    Checking aes v0.8.4
    Checking hmac v0.12.1
    Checking aead v0.5.2
    Checking windows-threading v0.2.1
    Checking chacha20 v0.10.0
    Checking spin v0.9.8
   Compiling num-bigint-dig v0.8.6
    Checking lazy_static v1.5.0
   Compiling thiserror v2.0.18
    Checking rand v0.10.0
   Compiling crc32fast v1.5.0
    Checking tokio v1.51.1 (https://github.com/ToyOSOrg/tokio?branch=toyos#902fb974)
    Checking windows-future v0.3.2
    Checking futures-executor v0.3.32
    Checking aes-gcm v0.10.3
    Checking pbkdf2 v0.12.2
    Checking rand v0.8.5
    Checking blowfish v0.9.1
    Checking crypto-primes v0.7.0
    Checking windows-numerics v0.3.1
    Checking windows-collections v0.3.2
    Checking num-iter v0.1.45
    Checking ed25519 v3.0.0-rc.4
    Checking poly1305 v0.8.0
    Checking cbc v0.1.2
    Checking chacha20 v0.9.1
    Checking blake2 v0.10.6
    Checking pkcs1 v0.8.0-rc.4
    Checking password-hash v0.5.0
    Checking keccak v0.2.0
    Checking log v0.4.29
    Checking smallvec v1.15.1
    Checking fiat-crypto v0.3.0
    Checking argon2 v0.5.3
    Checking sha3 v0.11.0
    Checking rsa v0.10.0-rc.17
    Checking ssh-cipher v0.2.0
    Checking windows v0.62.2
    Checking ed25519-dalek v3.0.0-pre.6
    Checking bcrypt-pbkdf v0.10.0
    Checking futures v0.3.32
    Checking p521 v0.14.0-rc.8
    Checking p256 v0.14.0-rc.8
    Checking sha1 v0.11.0-rc.5
    Checking kem v0.3.0
    Checking module-lattice v0.2.1
    Checking hex v0.4.3
    Checking ml-kem v0.3.0-rc.2
    Checking flate2 v1.1.10
    Checking generic-array v1.3.5
    Checking russh-util v0.52.0 (https://github.com/ToyOSOrg/russh?branch=toyos#389804d3)
    Checking russh-cryptovec v0.59.0 (https://github.com/ToyOSOrg/russh?branch=toyos#389804d3)
    Checking internal-russh-num-bigint v0.5.0
    Checking sha1 v0.10.6
    Checking hex-literal v1.1.0
    Checking md5 v0.7.0
    Checking data-encoding v2.10.0
    Checking p384 v0.14.0-rc.8
    Checking internal-russh-forked-ssh-key v0.6.18+upstream-0.6.7
    Checking pageant v0.2.0 (https://github.com/ToyOSOrg/russh?branch=toyos#389804d3)
    Checking russh v0.60.0 (https://github.com/ToyOSOrg/russh?branch=toyos#389804d3)
    Checking sshserver v0.0.0 (/home/user/toyos-sessionshares/userland/sshserver)
    Finished `dev` profile [unoptimized + debuginfo] target(s) in 20.44s
    Checking toyos-elide v0.1.0 (/home/user/toyos-sessionshares/toyos-elide)
    Checking rustc-demangle v0.1.27
    Checking toyos-elf v0.1.0 (/home/user/toyos-sessionshares/toyos-elf)
    Checking toyos-symbols v0.1.0 (/home/user/toyos-sessionshares/toyos-symbols)
    Checking symbolize v0.1.0 (/home/user/toyos-sessionshares/userland/symbolize)
    Finished `dev` profile [unoptimized + debuginfo] target(s) in 0.59s
11:32:00 [ci] the apps for windows: 10 app(s) pass `cargo check --target x86_64-pc-windows-msvc`; userland/doom, userland/proctest, userland/shell, userland/terminal, userland/toybox not attempted, as their manifests declare

11:32:00 === [ci] the toyos SDK
   Compiling toyos-abi v0.16.0 (/home/user/toyos-sessionshares/toyos-abi)
   Compiling toyos v0.18.0 (/home/user/toyos-sessionshares/toyos)
    Finished `test` profile [unoptimized + debuginfo] target(s) in 2.36s
     Running unittests src/lib.rs (toyos/target/x86_64-unknown-linux-gnu/debug/deps/toyos-e6c9c844261f2cde)

running 40 tests
test fs::tests::a_grant_round_trips_at_every_bound ... ok
test fs::tests::a_listing_entry_round_trips_and_a_short_one_is_refused ... ok
test fs::tests::bytes_no_grant_was_encoded_as_are_refused ... ok
test fs::tests::a_path_is_canonical_only_without_empty_dot_or_dotdot_components ... ok
test fs::tests::no_grant_carries_a_root_the_wire_refuses_or_one_past_the_badge ... ok
test launch::tests::a_request_names_its_parent_by_one_word ... ok
test log::proof::a_placeholder_owned_ring_keeps_its_slots_from_every_pid_until_named ... ok
test log::proof::a_position_that_never_lands_is_counted_by_the_sweep ... ok
test fs::tests::the_window_copies_every_length_at_every_offset ... ok
test log::proof::a_full_ring_or_lane_refuses_at_once_and_never_waits ... ok
test log::proof::a_ring_has_four_lanes_to_claim ... ok
test log::proof::scribbled_words_bound_the_reader_and_never_panic_it ... ok
test log::proof::slots_left_to_others_are_theirs ... ok
test log::proof::a_real_time_write_allocates_nothing ... ok
test log::stdio::tests::a_formatted_line_is_one_ended_record ... ok
test log::stdio::tests::a_line_a_flush_opened_is_closed_at_its_end ... ok
test log::stdio::tests::a_line_in_pieces_is_one_record ... ok
test log::stdio::tests::a_long_line_is_records_in_order_with_nothing_lost ... ok
test log::stdio::tests::a_newline_ends_a_record_and_a_carriage_return_before_it_goes ... ok
test log::proof::a_lane_gives_its_reader_every_record_in_order_or_counts_it_refused ... ok
test net::tests::a_code_netstack_chose_is_still_its_own_answer ... ok
test log::proof::the_region_carries_a_record_whole ... ok
test net::tests::a_not_found_is_not_a_netstack_that_is_not_there ... ok
test log::stdio::tests::a_stream_held_by_two_writers_keeps_each_line_whole ... ok
test net::tests::nothing_else_becomes_a_missing_netstack ... ok
test poller::tests::a_submission_is_the_whole_entry_where_the_kernel_reads_it ... ok
test poller::tests::a_tail_the_kernel_publishes_mid_drain_is_observed ... ok
test net::tests::a_gone_handle_transfer_is_a_netstack_that_is_not_there ... ok
test net::tests::a_read_that_hung_up_is_a_netstack_that_is_not_there ... ok
test poller::tests::every_accessor_lands_on_the_abi_offset ... ok
test syscap::tests::a_machine_that_grew_once_is_read_grown ... ok
test syscap::tests::a_machine_that_grows_every_round_is_refused_by_name ... ok
test syscap::tests::a_record_that_does_not_decode_is_refused_and_not_dropped ... ok
test syscap::tests::a_refused_count_is_refused_and_not_an_empty_inventory ... ok
test syscap::tests::a_refused_read_is_refused_and_not_an_empty_inventory ... ok
test syscap::tests::an_empty_inventory_is_its_count ... ok
test syscap::tests::every_record_is_read ... ok
test poller::tests::pending_counts_what_the_kernel_has_not_claimed ... ok
test poller::tests::the_drop_counter_is_read_from_the_page ... ok
test log::proof::every_record_is_read_once_in_its_writers_order_or_counted_refused ... ok

test result: ok. 40 passed; 0 failed; 0 ignored; 0 measured; 0 filtered out; finished in 0.02s

   Doc-tests toyos

running 0 tests

test result: ok. 0 passed; 0 failed; 0 ignored; 0 measured; 0 filtered out; finished in 0.00s

11:32:03 [ci] the toyos SDK: cargo test --manifest-path toyos/Cargo.toml --target x86_64-unknown-linux-gnu

11:32:03 === [ci] nothing left in $TMPDIR or /tmp
11:32:03 [ci] nothing left in $TMPDIR or /tmp: every test took its scratch with it
11:32:03 [ci] Host: 75 step(s), all green
